date,tmax,tmin,tmean,rh_mean,wind_speed_max,pressure_mean,solar_radiation_sum,cloud_cover_mean
2015-01-01,19.2,11.1,14.5,79,17.8,965.9,11.18,57
2015-01-02,18.1,11.7,14.9,79,16.0,966.7,7.92,79
2015-01-03,18.7,10.5,14.9,78,6.7,966.9,8.02,66
2015-01-04,20.3,7.5,13.1,75,9.3,968.7,14.22,33
2015-01-05,22.3,8.0,13.9,67,15.3,967.0,15.66,0
2015-01-06,22.6,8.0,14.8,68,15.0,965.2,15.45,0
2015-01-07,22.0,8.4,14.6,71,10.7,964.7,15.57,0
2015-01-08,20.7,7.1,13.6,73,8.0,966.9,15.86,0
2015-01-09,21.1,6.8,13.7,69,8.0,968.2,16.0,1
2015-01-10,22.9,5.6,13.9,65,12.1,967.6,15.97,23
2015-01-11,24.2,7.2,14.8,63,11.5,967.7,16.29,35
2015-01-12,23.0,6.8,14.6,69,10.8,967.3,16.34,63
2015-01-13,21.2,8.1,14.0,75,15.5,965.4,16.03,50
2015-01-14,21.1,10.2,14.3,72,12.9,964.8,13.79,26
2015-01-15,18.3,7.9,12.4,79,6.9,968.1,13.9,41
2015-01-16,19.0,7.8,12.9,70,9.0,968.4,15.2,10
2015-01-17,20.2,7.8,13.7,68,8.4,968.6,16.46,21
2015-01-18,20.6,6.3,13.8,65,8.7,967.9,16.57,0
2015-01-19,20.7,7.1,13.8,68,8.9,967.4,16.6,6
2015-01-20,20.8,8.3,14.2,68,18.3,967.6,16.76,30
2015-01-21,21.3,11.4,15.5,76,16.9,968.5,13.4,46
2015-01-22,19.0,12.6,15.3,87,14.1,968.1,8.35,93
2015-01-23,18.0,12.1,14.7,87,8.3,968.5,9.08,74
2015-01-24,18.1,9.6,13.3,76,8.5,969.2,13.47,52
2015-01-25,19.0,7.7,13.7,72,9.4,969.0,14.61,39
2015-01-26,17.8,11.6,14.1,74,9.2,968.7,11.34,67
2015-01-27,18.1,9.2,13.3,68,9.8,968.5,16.12,28
2015-01-28,16.8,6.8,11.4,66,11.0,967.4,17.54,7
2015-01-29,18.6,4.3,11.1,65,9.3,967.9,17.82,0
2015-01-30,19.1,5.1,11.9,59,9.7,970.0,17.95,0
2015-01-31,21.3,5.5,13.7,53,8.9,967.4,17.78,0
2015-02-01,22.9,7.8,15.4,59,16.3,966.0,16.46,12
2015-02-02,23.5,11.7,17.0,69,17.3,965.5,17.55,4
2015-02-03,23.4,11.3,16.5,71,17.7,969.0,17.69,1
2015-02-04,22.2,8.2,14.5,65,12.6,971.8,18.76,0
2015-02-05,21.7,6.7,13.6,63,8.9,969.0,18.97,5
2015-02-06,22.8,8.3,15.3,59,13.7,967.5,18.28,15
2015-02-07,22.9,12.1,16.5,68,14.8,966.2,16.19,19
2015-02-08,23.5,12.3,17.3,70,13.8,966.4,17.46,18
2015-02-09,23.6,11.9,17.4,57,12.0,969.2,18.36,8
2015-02-10,23.9,10.9,17.2,53,9.7,969.4,19.05,5
2015-02-11,24.0,10.0,17.0,56,9.6,966.6,18.22,2
2015-02-12,24.0,10.7,16.7,49,10.6,966.0,19.47,0
2015-02-13,26.6,8.5,17.5,44,14.1,963.8,19.37,0
2015-02-14,29.5,13.5,20.8,43,19.5,961.2,19.3,0
2015-02-15,28.7,13.0,21.0,53,10.2,962.6,19.17,25
2015-02-16,29.2,14.2,21.5,54,17.0,963.2,19.29,16
2015-02-17,29.7,14.2,21.7,61,12.2,962.2,19.53,1
2015-02-18,27.7,15.2,21.3,67,9.9,962.3,18.67,15
2015-02-19,30.4,15.6,22.8,47,13.4,962.3,19.6,16
2015-02-20,30.6,15.4,22.7,43,11.5,963.8,19.55,9
2015-02-21,31.0,14.2,22.7,43,15.5,965.4,20.2,0
2015-02-22,31.3,16.0,23.1,46,15.4,965.5,20.43,29
2015-02-23,30.9,15.6,23.2,47,9.4,965.5,18.28,72
2015-02-24,31.3,16.2,23.8,48,15.5,962.2,14.28,93
2015-02-25,29.2,17.8,23.5,34,22.1,960.2,19.01,66
2015-02-26,25.1,12.4,18.7,19,11.7,960.7,21.85,12
2015-02-27,25.6,12.1,18.7,26,12.2,962.3,21.75,0
2015-02-28,26.7,14.2,19.7,45,22.1,962.9,18.17,43
2015-03-01,21.3,15.5,17.6,83,21.5,959.5,10.29,89
2015-03-02,20.9,14.5,16.7,83,13.8,961.8,12.37,67
2015-03-03,21.5,10.7,15.9,66,11.8,963.9,20.59,13
2015-03-04,22.5,10.2,16.2,60,12.3,963.8,20.73,13
2015-03-05,24.3,11.5,17.9,55,13.9,965.3,19.83,15
2015-03-06,25.7,12.7,19.2,54,9.3,966.5,20.64,14
2015-03-07,26.6,15.0,19.8,59,16.3,964.3,19.14,47
2015-03-08,26.2,14.0,19.6,61,18.4,964.7,22.14,6
2015-03-09,24.0,11.5,17.3,35,18.3,970.0,23.74,0
2015-03-10,23.8,9.6,16.5,53,12.1,969.9,23.59,27
2015-03-11,27.1,10.2,18.9,48,12.8,968.2,22.31,68
2015-03-12,28.1,14.5,20.9,53,12.8,967.8,18.32,58
2015-03-13,28.5,16.2,20.8,64,17.3,965.2,19.18,55
2015-03-14,25.1,15.7,19.5,72,14.3,966.1,12.66,92
2015-03-15,23.1,14.9,18.4,83,25.2,964.2,15.08,79
2015-03-16,24.1,15.3,18.7,79,13.0,966.2,18.51,60
2015-03-17,26.2,13.8,19.5,66,16.1,967.3,22.75,15
2015-03-18,26.1,12.7,19.1,58,15.8,965.1,24.18,1
2015-03-19,28.1,12.4,20.4,56,9.4,965.5,23.82,25
2015-03-20,30.5,14.7,22.7,52,10.2,965.7,23.58,12
2015-03-21,31.7,18.5,24.7,49,11.2,966.1,20.74,30
2015-03-22,33.0,18.5,25.8,45,18.3,965.1,23.49,41
2015-03-23,33.4,17.4,25.8,45,18.9,962.6,23.66,2
2015-03-24,35.8,19.2,27.4,36,13.9,962.2,24.29,2
2015-03-25,35.9,20.6,28.5,37,15.0,963.5,23.89,48
2015-03-26,35.2,21.8,28.3,40,13.4,965.4,21.6,87
2015-03-27,34.8,22.6,28.7,38,11.1,965.0,23.17,26
2015-03-28,35.7,20.2,28.4,36,10.2,962.1,24.28,26
2015-03-29,33.9,22.6,27.0,37,14.2,959.5,15.16,93
2015-03-30,32.4,19.7,26.0,42,21.5,960.1,22.35,32
2015-03-31,31.8,18.2,24.9,56,15.1,961.4,23.5,12
2015-04-01,34.2,18.3,26.7,49,12.8,959.8,24.61,17
2015-04-02,34.9,19.7,27.7,39,13.7,957.3,24.47,27
2015-04-03,33.6,22.7,27.5,45,23.1,956.3,23.2,46
2015-04-04,28.2,19.5,23.9,63,19.0,956.5,20.41,50
2015-04-05,29.2,18.8,23.9,61,11.3,958.8,21.47,24
2015-04-06,31.2,17.8,25.1,49,10.2,959.5,25.22,26
2015-04-07,30.8,19.8,25.6,39,10.6,961.0,24.07,20
2015-04-08,32.8,19.5,25.8,42,12.9,963.2,24.87,6
2015-04-09,33.3,17.6,25.8,35,12.1,962.8,26.61,0
2015-04-10,34.8,17.6,26.9,32,12.0,961.5,26.64,8
2015-04-11,35.1,21.2,27.8,31,13.2,960.9,23.31,70
2015-04-12,28.4,19.7,22.7,66,14.1,963.5,17.26,84
2015-04-13,29.0,18.5,22.5,72,17.2,964.2,21.31,23
2015-04-14,28.4,18.4,23.4,66,15.1,964.1,21.63,17
2015-04-15,30.1,19.1,24.9,61,12.6,964.2,22.68,14
2015-04-16,32.9,19.5,26.3,56,12.6,965.8,25.0,11
2015-04-17,37.0,20.0,28.4,44,15.9,961.4,25.83,12
2015-04-18,39.0,20.3,30.3,32,17.5,956.2,26.53,3
2015-04-19,39.8,22.5,31.7,30,9.9,957.2,25.46,7
2015-04-20,40.2,24.8,32.1,21,20.2,959.4,25.53,2
2015-04-21,38.6,24.2,31.4,20,21.9,959.7,26.95,5
2015-04-22,38.8,22.7,31.1,20,13.7,957.3,25.02,30
2015-04-23,38.2,22.9,30.7,21,8.9,957.5,24.68,26
2015-04-24,39.3,23.5,31.1,16,17.9,958.1,27.82,0
2015-04-25,39.7,22.4,31.1,18,22.7,957.4,27.16,6
2015-04-26,37.5,23.2,30.5,38,19.7,959.4,26.55,9
2015-04-27,39.7,24.8,31.9,37,15.7,959.1,26.61,10
2015-04-28,40.4,24.4,32.6,25,16.8,957.5,27.32,7
2015-04-29,38.2,23.9,31.4,30,12.4,957.9,27.5,5
2015-04-30,41.3,24.7,32.8,22,21.9,957.7,27.44,5
2015-05-01,38.5,23.9,31.6,21,18.1,959.0,28.22,0
2015-05-02,37.5,22.8,30.8,24,11.2,959.3,27.49,9
2015-05-03,38.7,24.2,31.7,19,14.9,959.8,27.37,10
2015-05-04,39.7,24.1,32.1,18,11.8,960.2,27.64,3
2015-05-05,40.4,25.4,32.7,18,10.8,959.1,28.08,11
2015-05-06,41.3,24.8,33.0,14,17.0,957.5,28.56,4
2015-05-07,41.4,28.0,34.5,14,20.0,958.9,28.3,2
2015-05-08,40.3,26.8,33.6,17,18.8,958.6,26.7,51
2015-05-09,40.3,27.6,33.6,17,18.0,957.2,28.38,23
2015-05-10,39.7,26.1,33.0,21,15.5,957.1,26.65,21
2015-05-11,38.6,26.3,32.5,32,15.5,958.0,24.42,39
2015-05-12,37.5,25.8,31.7,40,18.9,959.0,24.89,33
2015-05-13,36.7,25.0,30.2,45,15.9,958.8,22.67,20
2015-05-14,36.3,24.5,30.6,43,9.7,960.7,25.43,20
2015-05-15,37.9,24.1,31.4,37,14.9,960.1,25.01,16
2015-05-16,39.5,24.3,32.2,34,16.7,957.0,27.4,2
2015-05-17,41.3,26.1,33.7,32,18.6,955.1,27.09,4
2015-05-18,43.0,25.4,34.7,28,19.2,954.9,27.15,2
2015-05-19,42.7,29.1,35.5,25,23.7,956.3,25.81,17
2015-05-20,40.5,25.9,33.3,37,17.7,957.0,26.37,16
2015-05-21,41.5,25.6,34.0,26,20.7,956.4,27.6,23
2015-05-22,42.1,28.7,35.2,23,24.9,954.7,27.67,7
2015-05-23,42.1,29.8,35.3,22,26.1,953.4,27.51,8
2015-05-24,41.2,30.7,35.2,26,27.7,953.4,26.73,9
2015-05-25,42.3,29.4,35.5,27,27.0,953.8,27.23,9
2015-05-26,42.1,30.3,35.4,27,23.8,955.3,27.54,5
2015-05-27,41.5,23.9,33.4,12,13.8,956.7,29.56,1
2015-05-28,41.3,28.3,33.9,29,20.8,955.6,25.77,21
2015-05-29,40.9,26.0,34.0,28,16.7,956.2,27.23,3
2015-05-30,41.1,26.9,34.5,23,17.2,957.2,26.34,9
2015-05-31,41.1,26.5,34.4,23,14.8,955.7,26.64,9
2015-06-01,39.7,26.7,33.2,24,17.6,954.4,25.14,28
2015-06-02,37.7,27.0,32.1,33,16.7,956.2,25.81,39
2015-06-03,36.8,25.7,30.7,37,19.9,957.2,24.95,37
2015-06-04,34.4,23.4,29.3,50,14.7,958.3,24.45,22
2015-06-05,37.5,23.8,31.1,39,12.0,958.1,26.02,6
2015-06-06,38.4,25.8,32.3,31,17.3,956.4,26.67,2
2015-06-07,40.9,24.8,33.6,28,15.1,954.7,25.61,6
2015-06-08,42.2,28.2,35.6,21,18.9,954.2,26.37,17
2015-06-09,36.7,29.8,32.8,38,28.6,956.1,17.32,62
2015-06-10,38.4,28.2,32.7,44,22.7,956.0,24.57,37
2015-06-11,36.3,28.5,32.5,46,18.2,956.7,23.78,45
2015-06-12,37.5,27.0,31.9,54,14.6,954.7,21.51,33
2015-06-13,38.2,28.5,33.0,44,17.8,953.5,23.83,31
2015-06-14,36.5,26.2,30.5,59,14.0,953.1,23.63,19
2015-06-15,35.7,25.8,30.4,60,17.6,953.5,21.9,40
2015-06-16,36.9,27.0,31.6,53,13.7,954.0,23.29,30
2015-06-17,36.4,26.3,31.6,55,9.4,952.7,22.15,20
2015-06-18,38.9,27.7,33.3,43,8.7,952.2,24.58,15
2015-06-19,38.9,28.1,34.1,38,11.0,951.1,21.03,19
2015-06-20,39.9,28.8,34.7,41,13.3,950.7,24.3,23
2015-06-21,38.1,29.6,33.6,49,16.7,950.9,23.51,24
2015-06-22,37.5,28.7,32.9,51,14.3,949.7,22.43,26
2015-06-23,38.1,28.0,31.8,58,12.6,949.5,22.07,43
2015-06-24,34.4,25.8,29.6,71,8.7,949.3,17.34,81
2015-06-25,33.7,25.5,28.4,74,19.1,948.4,13.27,69
2015-06-26,34.9,25.7,30.1,62,22.6,950.3,23.08,32
2015-06-27,36.4,26.8,31.4,56,16.9,952.1,24.34,19
2015-06-28,37.5,27.6,32.4,49,18.0,954.7,24.31,16
2015-06-29,37.0,26.3,31.1,59,14.7,957.0,21.79,60
2015-06-30,33.7,24.6,28.2,80,11.1,956.4,19.85,79
2015-07-01,34.9,25.1,29.7,67,18.5,956.1,23.48,42
2015-07-02,34.7,25.7,30.1,62,16.6,956.5,22.38,31
2015-07-03,35.0,27.4,31.2,53,18.1,955.5,22.04,29
2015-07-04,36.1,28.3,31.9,49,23.0,953.8,23.78,23
2015-07-05,36.8,27.8,32.3,48,23.9,951.7,25.53,9
2015-07-06,35.7,28.0,31.9,50,24.2,951.0,21.89,60
2015-07-07,34.4,26.3,30.6,60,17.7,951.4,18.56,59
2015-07-08,33.5,25.6,28.9,74,13.2,952.6,15.57,99
2015-07-09,30.2,24.9,27.0,84,21.3,952.8,11.93,85
2015-07-10,30.4,24.5,26.8,84,11.3,951.3,12.66,94
2015-07-11,28.7,23.6,25.4,87,9.7,951.7,10.11,88
2015-07-12,31.1,23.5,27.2,76,24.2,952.6,18.85,83
2015-07-13,33.4,24.9,28.4,75,16.6,954.8,20.73,53
2015-07-14,34.0,26.1,29.7,68,19.9,953.8,21.48,24
2015-07-15,34.5,27.7,30.7,55,22.7,950.3,24.31,43
2015-07-16,33.9,27.5,30.3,55,21.0,948.9,22.42,100
2015-07-17,31.3,26.5,28.7,67,10.8,950.3,10.4,98
2015-07-18,31.5,24.4,28.1,77,8.9,951.5,16.32,92
2015-07-19,31.3,24.5,27.2,84,8.0,951.2,12.49,99
2015-07-20,29.4,24.5,26.6,84,9.8,951.6,12.0,100
2015-07-21,30.7,24.8,26.9,85,10.7,952.8,11.5,99
2015-07-22,31.7,24.6,27.7,82,10.5,953.7,17.62,91
2015-07-23,32.0,25.2,28.1,81,14.8,954.3,19.79,83
2015-07-24,30.6,25.0,27.5,85,9.4,954.2,16.83,74
2015-07-25,30.5,24.5,26.7,85,11.4,952.1,14.96,95
2015-07-26,26.7,23.3,25.2,87,20.9,949.6,7.69,98
2015-07-27,28.1,22.7,24.9,84,29.1,951.6,11.26,79
2015-07-28,26.9,23.1,24.9,81,29.0,952.1,12.56,83
2015-07-29,26.7,21.1,24.0,88,26.7,949.4,8.06,100
2015-07-30,28.3,23.4,25.3,85,25.5,952.1,10.95,79
2015-07-31,27.7,24.1,25.6,79,26.9,953.5,8.98,96
2015-08-01,27.6,24.4,25.8,78,18.8,955.7,10.61,96
2015-08-02,29.6,23.7,26.3,77,14.7,957.2,15.17,79
2015-08-03,30.5,23.8,27.1,76,15.3,956.4,18.07,71
2015-08-04,31.7,24.5,27.5,78,13.9,954.4,18.06,58
2015-08-05,31.0,24.9,27.4,82,10.6,952.5,16.91,85
2015-08-06,30.1,24.7,27.5,80,13.6,952.5,15.33,94
2015-08-07,31.3,24.9,27.9,75,13.3,953.9,17.03,100
2015-08-08,30.9,26.0,27.8,77,11.5,955.0,13.81,100
2015-08-09,31.8,25.3,27.9,77,11.4,953.8,18.85,98
2015-08-10,32.0,25.5,28.2,77,10.8,954.1,16.82,96
2015-08-11,29.8,25.4,27.4,86,11.6,955.8,11.06,100
2015-08-12,30.7,24.1,26.7,88,8.2,956.3,12.35,84
2015-08-13,31.4,24.5,27.5,85,8.0,955.6,17.12,86
2015-08-14,30.9,24.5,26.8,87,8.8,955.2,13.86,85
2015-08-15,30.9,24.4,27.0,85,11.5,956.3,14.73,99
2015-08-16,29.2,24.2,25.7,88,14.6,956.7,8.47,97
2015-08-17,30.7,24.2,27.1,83,12.2,955.8,15.83,79
2015-08-18,32.2,24.9,28.2,77,17.9,956.6,20.82,54
2015-08-19,31.4,24.1,27.6,74,23.7,957.6,19.89,31
2015-08-20,30.4,24.8,27.3,70,23.0,956.7,21.38,30
2015-08-21,30.6,24.3,26.9,70,23.7,956.2,20.88,29
2015-08-22,31.2,24.3,27.1,70,20.0,955.4,16.15,46
2015-08-23,31.5,24.4,27.6,71,19.9,955.6,19.48,24
2015-08-24,31.6,24.0,27.5,69,19.5,956.8,18.35,16
2015-08-25,32.5,23.9,28.0,69,18.2,956.4,21.28,7
2015-08-26,33.4,24.0,28.7,66,13.8,956.0,22.28,5
2015-08-27,33.3,24.7,29.2,63,13.4,956.0,21.4,17
2015-08-28,33.6,25.4,29.5,61,15.0,956.6,20.25,48
2015-08-29,34.6,26.4,30.1,60,16.8,955.9,21.28,46
2015-08-30,34.3,25.6,30.0,59,17.3,956.1,21.12,15
2015-08-31,34.7,24.8,29.6,57,16.7,956.9,22.8,7
2015-09-01,33.4,24.6,29.0,56,17.0,956.1,21.59,8
2015-09-02,33.8,23.5,28.7,52,16.6,956.3,21.47,10
2015-09-03,33.8,23.4,28.8,50,12.7,958.8,20.0,18
2015-09-04,35.0,23.8,29.6,47,14.3,961.9,20.15,18
2015-09-05,35.1,25.0,30.1,43,18.0,961.7,19.84,16
2015-09-06,34.1,25.0,29.7,45,16.5,960.7,18.34,24
2015-09-07,33.6,24.5,29.5,46,13.4,960.1,18.65,18
2015-09-08,35.0,23.8,29.8,44,11.8,960.0,20.75,13
2015-09-09,35.0,25.0,30.2,42,14.2,959.9,19.47,17
2015-09-10,35.3,25.2,30.7,41,12.0,960.8,19.08,17
2015-09-11,37.8,24.4,31.5,35,13.5,960.0,22.64,8
2015-09-12,37.6,23.9,31.4,39,14.7,959.4,21.09,11
2015-09-13,37.7,24.9,31.6,49,10.8,959.5,20.22,57
2015-09-14,38.4,24.4,32.0,43,13.1,957.3,21.08,49
2015-09-15,37.0,24.6,31.8,39,12.6,956.9,19.3,20
2015-09-16,37.0,25.1,31.4,46,10.7,956.7,19.43,23
2015-09-17,36.5,26.3,31.1,51,15.8,957.3,19.9,42
2015-09-18,33.7,26.0,28.9,67,19.8,957.3,11.9,95
2015-09-19,33.5,24.8,29.0,70,20.5,956.2,17.41,48
2015-09-20,35.3,25.5,30.4,55,14.8,955.8,21.02,14
2015-09-21,35.0,26.4,30.0,57,16.2,955.5,18.47,42
2015-09-22,30.6,25.5,28.3,61,25.1,955.6,11.73,42
2015-09-23,33.1,23.0,28.1,61,14.1,959.8,18.46,23
2015-09-24,34.0,21.9,28.0,42,18.6,959.2,22.78,16
2015-09-25,34.1,22.0,28.4,42,16.0,957.8,19.1,15
2015-09-26,34.3,22.7,28.9,44,15.4,958.8,18.72,16
2015-09-27,34.6,23.6,29.3,43,16.3,960.4,18.87,21
2015-09-28,34.9,22.5,29.2,42,12.3,961.4,18.23,16
2015-09-29,36.1,23.0,29.9,37,14.2,963.1,20.83,6
2015-09-30,36.7,22.2,29.5,35,15.3,964.5,22.21,0
2015-10-01,36.4,21.4,29.1,33,10.3,964.6,22.2,0
2015-10-02,37.2,21.0,29.6,28,8.2,963.8,22.14,0
2015-10-03,38.0,23.3,30.3,25,14.0,961.8,21.91,0
2015-10-04,38.0,21.5,30.0,23,9.0,962.1,21.8,0
2015-10-05,37.7,22.3,30.0,24,11.9,962.5,21.36,2
2015-10-06,37.0,22.8,30.1,29,16.6,962.0,18.67,8
2015-10-07,36.8,21.6,29.6,33,16.8,962.1,20.16,5
2015-10-08,37.0,23.0,29.7,31,15.6,961.2,20.75,1
2015-10-09,36.7,21.7,29.3,29,19.8,958.7,21.2,0
2015-10-10,36.9,23.3,29.9,27,18.4,958.9,21.05,0
2015-10-11,36.8,22.9,29.6,28,16.2,961.6,20.87,0
2015-10-12,36.3,22.8,29.5,30,16.5,963.6,20.47,1
2015-10-13,36.3,23.7,29.6,33,15.6,963.9,20.44,0
2015-10-14,36.4,20.9,28.9,34,12.9,965.1,20.02,2
2015-10-15,34.9,22.3,28.7,45,11.7,965.9,17.99,11
2015-10-16,34.5,22.9,28.9,40,11.4,966.0,17.31,12
2015-10-17,36.3,21.7,29.1,37,13.1,964.9,19.68,1
2015-10-18,35.7,23.4,29.5,40,10.5,965.3,18.01,8
2015-10-19,35.5,24.2,29.6,38,11.5,964.9,16.33,23
2015-10-20,35.4,22.8,29.0,34,12.2,963.0,17.88,20
2015-10-21,34.3,22.2,28.0,36,11.9,963.3,17.83,32
2015-10-22,33.5,22.7,27.6,32,10.9,964.5,18.35,15
2015-10-23,33.4,19.1,26.2,27,12.1,964.3,19.68,21
2015-10-24,33.5,19.2,26.8,29,8.8,963.2,18.78,27
2015-10-25,33.5,19.6,26.6,35,13.1,963.9,18.13,15
2015-10-26,32.5,20.0,26.1,43,12.7,965.5,17.91,9
2015-10-27,30.3,20.3,24.2,59,8.7,965.8,15.06,18
2015-10-28,25.5,16.3,20.1,67,15.0,965.6,13.72,29
2015-10-29,25.5,14.9,20.1,62,12.8,967.1,16.19,9
2015-10-30,26.5,15.2,20.6,66,14.0,967.6,17.56,12
2015-10-31,27.0,15.5,21.2,64,14.5,967.0,17.27,7
2015-11-01,28.8,17.8,23.0,59,13.6,967.1,16.84,14
2015-11-02,29.3,19.2,24.2,57,10.2,967.0,15.89,19
2015-11-03,29.7,19.8,24.5,55,11.4,966.1,13.61,44
2015-11-04,31.6,20.5,25.9,48,10.1,964.5,17.06,15
2015-11-05,30.5,20.1,24.9,45,12.6,963.3,14.61,23
2015-11-06,30.0,18.6,24.0,52,13.7,964.0,16.22,21
2015-11-07,29.1,18.7,23.7,50,12.9,965.1,13.64,23
2015-11-08,30.1,18.9,24.0,58,15.2,966.2,13.58,20
2015-11-09,30.0,19.8,23.8,62,14.4,965.7,15.07,18
2015-11-10,29.9,20.0,24.0,62,11.9,964.8,15.33,12
2015-11-11,29.8,18.5,23.7,58,10.6,966.0,16.57,2
2015-11-12,29.9,16.4,23.0,47,9.4,966.9,16.84,13
2015-11-13,31.2,16.9,23.7,49,10.3,966.7,16.78,12
2015-11-14,30.5,17.7,23.8,50,9.4,964.3,16.31,38
2015-11-15,30.9,18.8,24.4,50,10.6,963.4,16.19,1
2015-11-16,29.6,17.5,23.1,47,15.0,963.7,16.1,6
2015-11-17,27.7,16.2,21.4,32,11.5,964.7,17.28,0
2015-11-18,27.5,12.3,19.8,34,8.4,966.7,17.26,0
2015-11-19,27.3,13.5,20.1,40,8.0,968.3,16.88,1
2015-11-20,27.4,13.3,20.0,44,8.9,966.9,16.79,0
2015-11-21,27.3,12.5,19.8,50,8.2,966.0,16.63,13
2015-11-22,27.4,13.5,20.0,53,8.4,965.6,16.14,56
2015-11-23,27.3,14.1,20.4,52,10.3,966.2,16.11,13
2015-11-24,28.0,15.6,21.1,50,9.1,966.9,15.71,37
2015-11-25,27.6,15.7,21.2,45,10.7,966.5,14.34,99
2015-11-26,28.3,16.1,21.6,43,15.5,964.4,12.19,84
2015-11-27,24.4,11.9,18.3,34,15.0,962.5,15.11,74
2015-11-28,24.0,14.2,18.6,51,9.8,965.3,13.67,89
2015-11-29,25.3,13.3,19.1,57,7.5,967.7,15.61,25
2015-11-30,27.2,14.9,21.0,67,10.0,967.8,14.89,7
2015-12-01,26.0,17.1,20.4,81,9.8,965.5,12.65,18
2015-12-02,24.6,15.5,19.4,68,9.4,966.4,11.97,32
2015-12-03,24.2,12.3,17.8,57,9.2,967.3,15.6,0
2015-12-04,25.5,9.9,18.0,58,10.1,965.9,15.67,0
2015-12-05,26.4,11.9,19.2,51,7.9,966.5,15.63,9
2015-12-06,26.5,9.9,18.0,55,8.3,966.1,15.57,29
2015-12-07,26.4,11.3,18.7,58,10.2,967.1,15.38,25
2015-12-08,26.5,13.9,19.3,53,10.5,966.4,15.3,59
2015-12-09,26.5,11.9,19.4,55,12.1,965.1,13.91,46
2015-12-10,26.9,14.9,20.2,57,14.3,963.1,14.47,16
2015-12-11,22.3,10.9,16.5,51,18.9,962.0,15.33,0
2015-12-12,20.2,9.0,13.8,52,12.3,964.1,15.45,0
2015-12-13,19.8,6.9,13.1,54,8.2,965.4,15.71,0
2015-12-14,20.2,7.1,13.0,42,11.3,967.2,15.76,0
2015-12-15,20.8,7.0,13.2,46,9.9,966.2,15.56,5
2015-12-16,20.9,5.6,14.0,48,11.1,965.4,15.46,58
2015-12-17,21.1,8.0,14.1,52,9.6,965.2,15.19,1
2015-12-18,20.8,7.1,13.8,55,8.7,968.0,15.25,3
2015-12-19,20.5,6.9,13.4,52,10.5,968.2,15.41,52
2015-12-20,20.6,6.8,13.4,53,9.4,967.5,15.24,25
2015-12-21,19.9,6.8,13.2,53,8.3,967.5,15.22,47
2015-12-22,19.5,7.2,13.1,57,10.2,969.3,15.06,73
2015-12-23,19.9,6.6,13.2,59,10.5,969.6,15.04,6
2015-12-24,18.9,8.4,13.1,50,12.8,970.8,15.16,15
2015-12-25,19.8,5.0,12.1,45,8.2,971.3,15.42,5
2015-12-26,22.0,5.7,13.6,46,9.0,970.2,15.0,10
2015-12-27,24.7,8.9,15.9,42,9.4,970.7,14.7,86
2015-12-28,26.1,10.3,17.2,48,9.5,971.2,14.72,57
2015-12-29,26.1,11.4,17.8,53,9.8,969.3,14.71,49
2015-12-30,25.6,11.3,18.1,56,10.0,967.5,14.9,6
2015-12-31,25.1,13.1,18.0,53,12.9,969.5,15.0,32
2016-01-01,24.6,11.2,17.4,50,10.1,970.4,14.99,27
2016-01-02,24.3,10.9,17.0,56,9.1,970.8,15.0,11
2016-01-03,25.0,9.1,16.8,44,8.2,968.8,15.38,0
2016-01-04,25.9,10.7,18.3,49,9.2,968.6,15.08,20
2016-01-05,26.2,12.8,19.4,57,10.0,967.2,14.91,21
2016-01-06,25.9,13.3,19.2,54,10.1,966.4,13.6,39
2016-01-07,25.6,14.5,19.1,63,9.7,968.0,13.59,42
2016-01-08,24.6,12.5,17.9,65,14.6,968.2,14.88,13
2016-01-09,23.2,10.2,16.1,57,14.2,966.4,15.87,0
2016-01-10,23.9,8.2,16.4,51,7.9,967.0,15.97,0
2016-01-11,24.6,8.8,16.8,52,9.4,967.1,15.96,0
2016-01-12,24.5,11.7,17.6,50,10.6,964.9,15.9,1
2016-01-13,23.4,11.1,16.5,50,12.6,964.6,15.37,5
2016-01-14,21.9,8.8,15.3,63,11.5,965.4,14.02,38
2016-01-15,21.5,9.3,14.7,64,11.1,965.7,16.28,0
2016-01-16,19.9,6.9,13.0,66,9.5,964.5,16.64,0
2016-01-17,20.0,7.3,13.0,67,11.1,964.8,16.63,0
2016-01-18,20.5,7.6,13.6,65,9.9,964.1,15.62,9
2016-01-19,19.5,10.1,14.0,68,8.6,964.3,14.28,32
2016-01-20,18.2,7.3,12.6,69,8.2,967.4,15.38,10
2016-01-21,19.7,5.8,12.4,64,7.6,969.1,17.18,0
2016-01-22,20.3,4.4,12.5,59,10.9,968.1,17.2,0
2016-01-23,21.7,7.2,14.4,51,10.7,968.7,17.29,7
2016-01-24,21.7,7.4,14.0,64,10.8,967.6,17.16,8
2016-01-25,21.4,7.8,14.3,67,9.7,966.0,17.19,11
2016-01-26,22.7,9.0,15.6,65,11.2,964.4,16.89,27
2016-01-27,24.1,9.9,16.7,65,10.9,964.2,16.84,0
2016-01-28,24.5,11.1,17.6,62,10.5,965.8,17.06,0
2016-01-29,27.5,12.1,19.2,61,11.7,966.6,16.98,2
2016-01-30,27.3,12.5,20.1,61,12.4,965.4,16.97,4
2016-01-31,25.6,15.3,19.6,58,16.3,965.9,14.01,36
2016-02-01,23.5,13.2,17.9,48,12.7,967.3,16.66,47
2016-02-02,22.7,10.5,16.0,37,10.3,968.0,18.46,15
2016-02-03,22.7,7.9,14.9,39,12.1,968.1,18.72,0
2016-02-04,23.7,7.1,15.3,42,9.0,967.5,18.78,0
2016-02-05,23.6,7.6,15.9,45,9.1,965.9,18.78,6
2016-02-06,25.3,10.1,17.5,48,18.5,962.1,18.18,5
2016-02-07,24.4,11.7,17.6,55,15.0,964.5,17.98,6
2016-02-08,23.8,9.6,16.7,55,10.3,967.1,18.84,0
2016-02-09,24.2,8.9,16.9,54,8.7,965.6,19.0,1
2016-02-10,25.5,9.7,17.7,50,10.5,962.5,19.02,0
2016-02-11,25.2,10.1,17.4,39,13.7,961.3,19.48,0
2016-02-12,25.6,12.1,18.4,31,12.3,962.4,18.58,6
2016-02-13,25.4,10.7,18.0,52,13.6,963.8,19.42,1
2016-02-14,24.1,11.3,17.4,48,12.7,966.8,19.84,0
2016-02-15,24.2,12.0,17.7,41,14.2,968.1,19.22,13
2016-02-16,23.8,13.4,17.9,41,15.3,969.2,16.04,45
2016-02-17,24.9,14.6,19.2,46,14.8,969.0,14.12,43
2016-02-18,25.5,15.8,20.5,60,16.3,967.6,12.69,71
2016-02-19,30.0,16.9,23.3,64,12.5,966.0,14.47,82
2016-02-20,28.5,17.7,23.0,59,19.4,966.1,17.99,78
2016-02-21,26.8,13.6,19.5,52,13.8,966.5,21.03,5
2016-02-22,28.1,11.6,19.1,37,15.8,966.4,21.37,0
2016-02-23,29.2,11.9,20.0,33,14.8,964.5,21.56,0
2016-02-24,29.3,10.6,20.3,26,9.8,963.2,21.73,8
2016-02-25,29.5,12.0,21.0,33,11.5,965.2,21.6,24
2016-02-26,29.1,15.0,21.9,38,11.8,968.1,21.25,25
2016-02-27,29.0,14.2,21.7,45,9.9,968.6,21.32,0
2016-02-28,29.9,14.3,22.4,45,10.7,968.9,21.38,2
2016-02-29,30.5,16.6,23.5,45,11.2,968.8,21.2,10
2016-03-01,30.8,16.6,23.9,43,10.4,966.7,20.39,25
2016-03-02,32.8,18.2,25.2,38,11.8,966.0,20.88,29
2016-03-03,33.7,19.4,26.0,37,11.7,966.1,20.53,36
2016-03-04,32.8,16.8,25.0,30,12.8,964.1,20.96,21
2016-03-05,30.4,17.8,23.1,49,17.1,963.0,19.26,31
2016-03-06,28.4,16.3,21.7,61,14.8,963.3,19.87,20
2016-03-07,28.5,16.8,22.3,56,16.8,963.7,17.9,38
2016-03-08,28.5,15.8,22.1,57,10.8,963.2,22.23,11
2016-03-09,29.9,16.5,23.0,45,10.6,963.5,22.53,7
2016-03-10,31.0,16.7,24.5,41,9.5,964.5,20.35,43
2016-03-11,33.2,18.8,25.7,37,23.5,963.9,20.69,28
2016-03-12,32.0,17.3,24.5,40,20.7,961.2,21.74,24
2016-03-13,29.5,14.6,22.9,38,11.8,961.7,19.83,55
2016-03-14,29.6,17.0,22.9,37,13.0,964.0,21.4,12
2016-03-15,29.2,15.2,22.4,47,10.5,966.0,21.76,49
2016-03-16,30.5,15.6,23.2,35,9.4,964.5,23.77,4
2016-03-17,32.6,17.7,25.3,32,19.4,961.9,17.7,74
2016-03-18,32.9,20.6,26.8,38,11.9,961.0,21.83,29
2016-03-19,33.9,20.7,27.0,36,13.3,960.7,22.02,13
2016-03-20,34.8,18.2,26.5,37,15.0,961.6,24.45,1
2016-03-21,33.3,19.7,26.3,31,16.9,963.3,24.27,1
2016-03-22,31.8,17.5,24.1,24,20.2,962.8,25.78,0
2016-03-23,34.7,16.4,25.5,25,16.2,962.2,25.16,0
2016-03-24,36.8,18.5,27.9,24,12.2,964.3,24.59,14
2016-03-25,37.5,21.8,29.6,25,15.7,964.6,21.9,76
2016-03-26,32.8,21.3,26.8,36,20.3,965.1,18.63,55
2016-03-27,33.0,20.0,26.0,32,15.5,964.9,24.46,32
2016-03-28,33.7,17.0,25.7,23,13.5,964.5,25.64,26
2016-03-29,34.7,17.7,26.5,28,13.6,963.8,25.23,6
2016-03-30,36.0,20.5,28.1,28,11.8,963.6,24.08,47
2016-03-31,37.1,22.1,29.3,22,14.1,962.0,23.94,65
2016-04-01,38.2,20.7,29.9,24,13.5,959.8,25.01,10
2016-04-02,39.1,22.1,31.2,31,10.1,960.9,24.15,74
2016-04-03,38.7,25.2,32.0,27,17.3,961.7,22.16,100
2016-04-04,36.4,24.4,30.4,28,16.9,960.8,23.33,76
2016-04-05,36.5,22.6,29.6,30,14.0,959.9,23.77,40
2016-04-06,36.2,22.5,28.8,26,22.5,960.2,24.74,46
2016-04-07,34.5,21.6,27.9,27,15.7,960.7,25.13,39
2016-04-08,35.4,21.8,29.0,19,14.6,961.6,25.75,7
2016-04-09,36.1,22.4,29.6,19,12.6,961.6,25.33,46
2016-04-10,36.9,22.2,29.6,24,14.4,961.7,23.2,39
2016-04-11,35.1,21.6,28.4,27,18.7,962.2,26.46,11
2016-04-12,34.3,21.3,27.8,28,21.1,961.1,27.07,21
2016-04-13,36.9,20.7,29.3,24,22.4,958.2,26.96,0
2016-04-14,39.1,22.1,31.3,21,20.3,957.9,26.58,7
2016-04-15,40.3,26.0,33.3,18,20.7,959.1,25.57,50
2016-04-16,40.5,26.4,33.6,21,16.8,957.8,25.68,92
2016-04-17,38.2,27.5,32.8,23,18.2,957.1,24.36,95
2016-04-18,38.0,25.2,32.0,17,15.5,958.9,26.43,73
2016-04-19,37.7,26.2,31.4,21,14.7,960.0,19.64,93
2016-04-20,38.0,24.5,31.2,18,17.4,961.1,25.33,69
2016-04-21,38.5,24.6,31.7,22,19.8,958.8,27.25,19
2016-04-22,38.6,25.2,31.9,22,22.4,955.9,26.31,10
2016-04-23,36.6,22.8,29.9,15,15.7,956.2,28.66,0
2016-04-24,37.7,20.5,29.9,9,12.4,956.0,28.33,38
2016-04-25,38.0,20.9,30.7,14,11.0,957.8,27.63,35
2016-04-26,39.1,24.0,32.2,16,9.2,960.1,26.61,30
2016-04-27,39.1,23.7,31.5,17,12.0,959.3,26.3,14
2016-04-28,39.7,22.1,31.6,16,12.9,958.6,27.79,3
2016-04-29,40.3,23.2,32.5,13,16.1,959.0,27.39,11
2016-04-30,41.1,22.7,32.7,13,18.6,958.5,28.11,4
2016-05-01,42.2,22.9,33.3,14,16.1,956.9,28.38,2
2016-05-02,41.5,26.3,33.7,18,27.1,956.9,22.89,67
2016-05-03,40.4,26.9,33.6,18,15.9,957.3,26.72,22
2016-05-04,40.3,24.8,33.3,19,17.7,957.0,27.31,11
2016-05-05,37.9,24.1,31.0,27,24.4,959.2,24.44,42
2016-05-06,35.5,23.0,29.5,42,8.2,959.6,22.8,43
2016-05-07,38.0,23.7,31.6,30,10.6,958.8,25.63,18
2016-05-08,40.5,25.8,33.6,23,15.9,958.6,24.93,32
2016-05-09,41.8,26.0,34.0,24,15.3,958.2,24.84,36
2016-05-10,41.8,26.4,33.6,30,26.1,959.0,23.32,36
2016-05-11,41.0,25.9,33.3,32,18.2,958.7,27.09,15
2016-05-12,41.8,25.6,33.9,31,21.2,956.1,26.62,14
2016-05-13,41.8,26.9,34.9,23,18.1,955.5,25.86,15
2016-05-14,42.2,28.9,35.7,20,12.6,956.8,24.09,21
2016-05-15,42.7,28.4,35.1,22,11.5,957.1,25.58,14
2016-05-16,42.9,27.6,35.5,23,15.6,955.5,25.13,28
2016-05-17,43.5,26.0,35.5,20,20.1,953.8,28.61,0
2016-05-18,44.5,27.3,36.1,19,14.4,952.4,28.52,0
2016-05-19,46.0,28.9,37.7,20,14.9,951.6,27.99,5
2016-05-20,45.7,30.2,37.5,25,22.7,950.5,27.33,12
2016-05-21,44.9,29.0,37.0,24,27.3,950.8,25.52,22
2016-05-22,43.1,30.9,36.7,31,25.9,952.0,26.87,6
2016-05-23,42.5,30.2,35.4,36,23.6,953.6,26.76,26
2016-05-24,39.0,29.4,33.9,37,19.5,954.1,27.4,16
2016-05-25,40.5,29.8,34.1,35,28.9,952.2,25.13,18
2016-05-26,40.1,29.1,34.5,33,24.7,953.6,27.65,0
2016-05-27,41.0,30.2,35.1,32,25.9,955.5,27.31,0
2016-05-28,39.9,30.2,34.5,35,25.2,955.1,27.33,0
2016-05-29,40.1,29.9,34.5,35,19.0,954.3,26.61,15
2016-05-30,39.3,27.3,33.0,43,16.6,955.3,26.35,13
2016-05-31,40.3,26.5,33.7,39,16.6,956.6,26.22,10
2016-06-01,40.9,27.2,34.4,32,15.8,957.2,26.67,5
2016-06-02,40.8,28.9,35.2,29,17.1,956.8,24.38,8
2016-06-03,41.9,30.0,35.9,28,14.0,956.8,24.8,9
2016-06-04,43.5,29.5,36.7,19,19.9,956.3,27.46,2
2016-06-05,43.8,29.8,36.8,24,11.7,955.7,24.54,43
2016-06-06,43.6,31.5,37.4,25,18.3,955.4,23.64,27
2016-06-07,43.8,30.4,37.1,25,19.4,954.8,24.94,20
2016-06-08,43.2,29.8,36.9,23,15.0,953.5,25.52,40
2016-06-09,42.9,29.8,36.4,25,17.7,952.7,26.68,6
2016-06-10,42.3,31.0,36.2,34,21.1,952.8,25.89,11
2016-06-11,39.9,30.9,35.2,39,19.2,953.8,25.47,20
2016-06-12,39.8,29.8,34.1,42,18.6,953.5,24.82,15
2016-06-13,38.9,30.5,34.2,41,20.7,953.7,24.62,15
2016-06-14,37.8,30.0,33.7,42,24.5,952.8,24.64,12
2016-06-15,38.2,29.3,33.5,41,26.1,951.1,25.06,7
2016-06-16,39.1,29.6,34.2,38,18.1,951.7,25.84,16
2016-06-17,40.6,29.4,35.2,37,14.5,952.8,24.48,24
2016-06-18,40.5,30.6,35.4,40,18.7,953.7,23.31,50
2016-06-19,39.3,30.7,34.4,45,17.2,954.4,22.01,78
2016-06-20,38.8,30.2,33.9,51,15.9,953.4,21.27,78
2016-06-21,37.1,28.1,32.2,59,13.4,953.4,18.59,100
2016-06-22,35.5,25.4,29.5,74,12.1,954.5,15.89,97
2016-06-23,39.1,27.5,32.7,56,15.6,954.9,23.1,62
2016-06-24,38.3,26.1,31.6,61,13.7,952.9,19.83,70
2016-06-25,38.2,29.3,33.2,53,14.7,954.0,20.87,47
2016-06-26,37.5,27.0,32.2,59,7.8,953.9,21.65,62
2016-06-27,36.2,28.0,31.1,66,11.2,953.0,21.48,78
2016-06-28,33.8,25.6,29.4,76,10.4,953.6,18.75,72
2016-06-29,35.7,26.1,31.1,68,13.7,954.3,22.59,54
2016-06-30,36.8,28.5,32.7,59,5.6,952.6,22.71,49
2016-07-01,33.0,26.7,29.4,76,20.5,950.8,9.83,94
2016-07-02,33.1,26.4,28.5,80,11.7,950.6,13.32,99
2016-07-03,30.4,24.6,26.7,89,11.8,951.0,11.3,88
2016-07-04,33.4,25.1,28.2,82,16.2,950.8,17.59,90
2016-07-05,34.4,25.6,29.4,76,22.2,950.1,20.56,48
2016-07-06,34.0,27.7,30.0,67,21.1,950.8,19.67,79
2016-07-07,34.0,27.3,30.5,65,14.8,951.7,21.78,84
2016-07-08,34.7,27.0,30.1,68,17.8,951.3,20.03,54
2016-07-09,34.3,26.1,29.7,75,10.5,950.2,19.92,62
2016-07-10,34.7,26.0,30.0,73,12.1,950.0,18.54,77
2016-07-11,32.2,26.1,28.4,80,8.9,950.6,15.51,97
2016-07-12,31.7,25.5,28.3,80,9.4,951.6,14.74,98
2016-07-13,32.2,25.3,27.8,85,7.9,951.9,15.67,98
2016-07-14,31.7,25.2,27.6,85,13.3,952.1,13.14,98
2016-07-15,29.9,25.4,26.8,88,16.8,952.6,7.97,100
2016-07-16,26.6,24.9,25.4,93,17.5,953.1,4.01,100
2016-07-17,28.5,24.4,26.2,87,16.9,954.6,6.57,99
2016-07-18,31.8,25.0,28.1,75,23.3,955.1,19.4,60
2016-07-19,31.9,25.3,28.5,71,20.5,954.6,19.16,31
2016-07-20,33.2,25.6,29.1,69,19.5,954.4,24.37,36
2016-07-21,34.0,25.8,29.6,66,16.6,953.9,24.51,48
2016-07-22,33.3,25.3,29.3,66,16.6,953.1,24.3,19
2016-07-23,33.2,25.5,29.2,68,9.9,954.1,22.1,70
2016-07-24,33.2,25.5,28.6,77,10.5,955.5,18.31,71
2016-07-25,32.9,25.7,29.1,77,7.4,955.4,19.83,74
2016-07-26,33.8,25.9,28.7,81,13.6,955.6,17.2,99
2016-07-27,29.7,24.4,25.7,92,9.8,956.2,8.6,100
2016-07-28,29.0,24.2,25.7,89,6.9,955.3,8.29,100
2016-07-29,28.8,23.9,25.5,91,10.5,953.9,8.6,100
2016-07-30,28.5,23.9,25.7,91,10.8,953.8,9.7,100
2016-07-31,30.6,24.2,26.7,87,10.9,953.7,10.89,99
2016-08-01,32.6,24.6,27.5,83,12.4,952.0,16.95,97
2016-08-02,28.7,24.5,25.7,91,12.4,950.6,8.96,98
2016-08-03,30.9,24.0,26.8,85,13.8,950.7,16.83,95
2016-08-04,29.6,24.3,26.7,83,13.1,951.4,13.1,98
2016-08-05,31.0,24.0,27.1,85,12.6,952.2,16.57,93
2016-08-06,31.7,25.5,28.0,82,16.7,952.5,18.41,90
2016-08-07,30.0,25.0,27.1,85,13.1,952.7,14.42,84
2016-08-08,29.8,25.0,26.6,87,15.6,952.6,13.55,94
2016-08-09,29.7,24.4,26.5,87,13.5,951.0,14.3,89
2016-08-10,30.5,24.4,26.2,89,10.6,951.7,12.69,98
2016-08-11,27.7,23.7,24.9,94,14.2,954.1,4.93,100
2016-08-12,30.7,24.0,26.3,86,16.2,955.4,11.77,96
2016-08-13,30.6,24.5,27.1,84,14.5,954.9,14.8,99
2016-08-14,29.9,24.0,27.0,81,16.0,954.2,12.95,83
2016-08-15,31.3,23.8,27.3,73,17.9,953.5,22.96,58
2016-08-16,30.9,23.1,26.7,74,21.3,952.2,20.27,40
2016-08-17,29.7,22.5,26.3,76,16.7,952.6,13.52,93
2016-08-18,27.1,24.2,25.5,82,16.8,953.3,6.4,99
2016-08-19,30.2,23.9,26.4,85,13.0,952.8,14.43,99
2016-08-20,28.8,24.9,26.6,82,20.9,951.9,11.3,97
2016-08-21,26.3,23.4,24.9,83,18.6,952.3,7.38,97
2016-08-22,28.5,24.0,25.8,85,14.5,954.2,10.7,91
2016-08-23,30.5,23.8,26.4,85,17.3,955.0,17.22,55
2016-08-24,28.4,23.8,25.7,87,16.5,953.8,9.37,91
2016-08-25,29.2,24.1,26.2,80,15.6,956.5,15.61,78
2016-08-26,31.0,22.7,27.0,80,9.8,957.6,20.47,40
2016-08-27,30.8,23.9,26.6,85,13.7,958.2,16.56,70
2016-08-28,29.7,24.0,25.8,90,13.8,958.2,9.96,85
2016-08-29,29.5,23.8,25.9,89,9.8,956.3,10.13,99
2016-08-30,29.5,24.0,26.4,87,10.3,954.9,13.76,78
2016-08-31,30.3,23.7,26.5,86,13.6,955.1,13.82,82
2016-09-01,29.4,23.7,25.9,88,14.8,955.3,12.47,84
2016-09-02,30.6,23.3,26.7,81,20.0,955.2,19.0,42
2016-09-03,30.0,22.7,26.2,75,19.8,955.2,20.71,11
2016-09-04,30.2,22.0,25.8,73,18.7,957.1,22.11,7
2016-09-05,28.9,22.0,25.3,74,21.7,957.7,17.62,31
2016-09-06,28.9,22.8,25.6,74,22.0,958.3,17.65,27
2016-09-07,29.4,22.3,25.7,73,16.5,957.9,19.47,16
2016-09-08,30.0,22.2,26.0,72,13.2,958.8,18.91,22
2016-09-09,30.4,22.7,26.4,72,14.1,959.7,21.25,6
2016-09-10,30.8,22.6,26.5,70,15.5,959.0,20.76,26
2016-09-11,30.5,22.5,26.2,70,14.1,958.1,19.54,20
2016-09-12,30.7,21.8,26.2,70,13.9,958.2,21.05,9
2016-09-13,31.7,23.2,27.1,69,11.0,959.6,20.72,24
2016-09-14,32.1,22.8,27.3,72,10.4,959.7,20.15,14
2016-09-15,32.2,22.8,27.4,77,9.4,958.4,20.73,8
2016-09-16,32.7,23.0,28.5,68,10.4,957.6,20.72,7
2016-09-17,33.5,22.6,28.2,65,7.3,956.4,21.58,3
2016-09-18,32.5,23.0,28.0,67,7.9,957.3,20.82,8
2016-09-19,33.1,23.0,28.1,68,8.9,957.0,19.65,16
2016-09-20,33.7,24.2,28.6,66,12.3,956.2,20.9,18
2016-09-21,34.0,23.6,28.5,67,12.8,957.6,20.04,10
2016-09-22,32.8,23.6,28.0,74,11.2,959.5,20.92,10
2016-09-23,32.3,23.4,27.6,77,8.2,957.6,20.66,9
2016-09-24,32.2,23.7,27.6,73,7.9,956.3,20.04,16
2016-09-25,31.7,23.5,27.4,73,8.7,957.1,18.52,9
2016-09-26,32.8,23.5,27.9,67,8.0,958.5,19.38,8
2016-09-27,34.4,23.1,28.6,62,9.4,958.9,20.45,10
2016-09-28,35.0,24.0,29.1,56,15.1,957.9,20.14,10
2016-09-29,34.0,22.9,28.6,56,12.3,957.8,19.88,11
2016-09-30,32.7,22.4,27.7,71,9.1,957.9,19.32,12
2016-10-01,32.5,23.9,28.4,69,11.7,959.3,18.09,32
2016-10-02,32.2,25.2,27.9,78,10.8,960.9,15.9,94
2016-10-03,33.1,25.1,28.5,75,9.4,959.7,17.01,81
2016-10-04,33.7,25.3,28.6,73,10.0,958.0,18.29,61
2016-10-05,30.2,23.9,26.3,84,9.4,957.6,13.71,81
2016-10-06,30.0,23.8,26.4,80,8.4,959.2,12.5,83
2016-10-07,32.2,22.4,26.9,78,11.9,959.9,18.51,16
2016-10-08,32.5,22.7,27.2,70,11.1,959.6,18.23,26
2016-10-09,33.5,23.1,27.5,62,15.6,958.7,18.87,15
2016-10-10,32.1,22.7,27.2,61,13.7,959.0,18.64,18
2016-10-11,32.7,21.5,26.3,59,14.1,959.5,19.83,8
2016-10-12,32.5,21.1,26.0,54,15.8,959.4,20.35,6
2016-10-13,32.7,20.5,26.1,53,15.1,961.2,19.9,6
2016-10-14,32.9,20.1,26.2,48,17.5,962.0,19.84,7
2016-10-15,33.1,21.0,26.3,43,11.2,962.7,20.19,5
2016-10-16,32.4,19.9,25.9,45,12.3,963.5,17.56,22
2016-10-17,32.8,20.7,26.0,42,12.5,962.8,19.35,11
2016-10-18,33.1,17.6,24.8,41,14.0,961.6,20.15,0
2016-10-19,33.0,18.7,25.3,37,15.5,961.0,20.01,0
2016-10-20,32.2,19.6,25.6,38,13.9,960.1,19.93,0
2016-10-21,32.0,18.4,25.0,43,11.6,960.9,19.67,0
2016-10-22,32.4,18.5,25.3,44,12.4,962.0,19.42,3
2016-10-23,32.5,19.8,25.7,45,17.7,961.9,19.1,1
2016-10-24,31.9,20.1,25.8,46,18.2,961.3,17.96,11
2016-10-25,31.5,20.1,25.7,47,14.8,961.5,18.02,8
2016-10-26,32.3,20.7,25.8,45,15.0,963.4,17.29,12
2016-10-27,32.4,18.1,24.6,33,10.2,965.9,19.36,0
2016-10-28,31.5,16.1,23.8,35,9.4,964.3,19.24,0
2016-10-29,30.9,16.5,23.2,39,10.9,963.8,18.8,0
2016-10-30,30.6,16.7,23.9,39,9.7,965.6,18.68,5
2016-10-31,30.1,15.6,23.3,44,7.2,968.0,18.44,0
2016-11-01,30.0,16.5,22.6,49,8.9,967.3,18.31,0
2016-11-02,29.5,17.2,23.0,48,8.8,967.1,18.08,0
2016-11-03,29.2,16.3,22.4,53,8.6,967.2,18.0,0
2016-11-04,28.7,14.7,22.3,49,6.9,964.6,17.9,1
2016-11-05,30.5,14.9,22.1,47,13.4,962.0,17.81,0
2016-11-06,30.8,14.0,22.1,45,15.1,962.5,17.88,0
2016-11-07,29.6,16.7,22.3,40,15.2,964.4,18.1,0
2016-11-08,29.3,14.5,21.4,46,11.9,965.5,18.01,0
2016-11-09,30.3,14.1,21.4,39,13.0,965.9,18.07,0
2016-11-10,30.2,15.2,21.7,39,10.5,965.0,17.81,0
2016-11-11,29.4,14.4,21.4,41,11.5,964.4,17.6,0
2016-11-12,28.8,17.1,22.4,42,11.2,965.7,17.12,1
2016-11-13,28.5,15.7,21.5,44,10.7,967.1,16.95,2
2016-11-14,27.4,15.3,20.7,40,10.8,966.7,17.12,0
2016-11-15,26.7,13.8,19.7,46,9.3,966.4,17.08,5
2016-11-16,26.5,13.0,19.4,53,9.7,967.7,16.82,0
2016-11-17,27.0,12.2,19.2,51,10.0,968.0,16.93,0
2016-11-18,27.5,12.0,19.3,46,10.3,966.0,16.95,0
2016-11-19,27.8,12.1,19.6,44,9.8,963.6,16.87,0
2016-11-20,28.2,13.8,20.5,45,12.0,964.1,16.71,0
2016-11-21,28.1,13.8,20.5,51,11.8,964.7,16.5,0
2016-11-22,28.6,12.3,20.0,51,10.2,964.2,16.51,0
2016-11-23,27.9,13.0,19.8,48,10.2,964.1,16.49,0
2016-11-24,27.6,11.7,19.3,54,8.9,965.9,16.19,0
2016-11-25,28.3,14.2,20.3,41,14.8,965.7,16.02,0
2016-11-26,29.4,15.9,21.1,38,15.3,965.3,16.04,0
2016-11-27,29.1,15.0,20.9,45,12.5,965.6,15.92,0
2016-11-28,28.7,14.4,20.6,46,13.5,964.8,15.74,0
2016-11-29,28.5,12.8,20.5,47,7.9,965.5,15.74,0
2016-11-30,27.4,13.3,20.0,54,9.7,966.3,15.42,0
2016-12-01,26.4,13.9,19.9,63,10.6,966.9,15.19,0
2016-12-02,25.8,12.9,19.1,67,7.5,968.0,15.29,0
2016-12-03,25.0,11.4,18.4,60,7.0,969.5,15.7,0
2016-12-04,24.1,10.5,17.4,55,7.0,969.9,15.67,0
2016-12-05,25.2,9.2,17.0,56,7.8,967.8,15.54,0
2016-12-06,25.9,10.2,18.1,54,8.3,967.8,15.43,0
2016-12-07,26.0,10.7,18.1,61,6.7,967.2,15.36,0
2016-12-08,25.9,11.3,18.4,62,7.1,966.2,15.32,0
2016-12-09,26.1,14.0,19.2,58,10.9,964.4,15.04,0
2016-12-10,26.5,12.9,19.2,62,10.1,963.9,14.71,0
2016-12-11,26.6,13.3,19.3,60,9.4,964.0,14.84,0
2016-12-12,25.2,13.7,19.3,60,10.5,964.6,13.47,21
2016-12-13,24.0,13.7,18.8,64,10.6,965.3,10.29,43
2016-12-14,24.4,15.4,19.0,61,7.9,967.1,11.88,43
2016-12-15,24.3,12.0,17.7,57,11.3,967.1,15.02,2
2016-12-16,24.1,10.8,17.2,49,8.6,968.0,15.06,10
2016-12-17,23.7,10.1,16.9,62,7.5,967.4,14.63,52
2016-12-18,23.8,10.2,16.8,61,8.2,967.6,14.95,12
2016-12-19,24.6,9.0,16.3,53,9.8,967.7,15.26,0
2016-12-20,25.2,10.4,16.6,46,12.4,967.0,15.39,0
2016-12-21,26.2,10.6,17.3,50,13.4,967.0,15.5,0
2016-12-22,26.1,11.4,17.8,45,11.7,966.5,15.26,0
2016-12-23,26.0,10.2,17.7,49,10.3,964.3,15.12,0
2016-12-24,25.9,10.0,17.6,54,10.6,961.3,15.0,0
2016-12-25,23.1,12.1,16.6,53,19.9,964.2,15.49,0
2016-12-26,23.2,11.1,16.1,66,13.3,967.2,15.13,0
2016-12-27,23.8,8.5,16.2,56,8.4,967.2,15.32,0
2016-12-28,24.9,8.8,16.8,57,8.7,966.0,15.15,0
2016-12-29,25.6,12.1,18.4,54,10.4,966.2,14.91,29
2016-12-30,24.3,10.6,17.0,71,11.3,966.2,15.02,10
2016-12-31,23.4,11.6,16.8,77,11.2,965.2,14.85,1
2017-01-01,23.0,11.6,16.5,76,11.3,965.4,14.62,5
2017-01-02,22.5,11.7,16.4,75,11.5,967.8,14.9,5
2017-01-03,22.0,10.6,15.7,78,9.8,968.0,14.96,1
2017-01-04,22.3,11.1,16.4,76,11.0,965.9,15.13,3
2017-01-05,23.5,10.4,16.9,72,12.1,964.4,15.27,0
2017-01-06,23.2,10.3,16.7,68,14.7,961.8,14.16,22
2017-01-07,21.4,12.4,16.7,59,15.3,960.9,14.84,36
2017-01-08,18.1,12.2,15.1,70,18.5,963.5,8.1,54
2017-01-09,19.6,9.7,14.0,62,14.5,964.5,14.28,16
2017-01-10,17.9,8.1,12.3,51,12.6,965.7,16.28,1
2017-01-11,16.7,5.0,10.6,45,11.3,966.0,16.35,0
2017-01-12,17.0,4.4,10.5,52,9.1,965.5,16.48,0
2017-01-13,18.3,5.2,11.0,55,9.0,965.9,16.39,0
2017-01-14,18.6,5.6,11.6,55,13.9,967.0,15.6,20
2017-01-15,20.8,8.3,13.8,59,11.5,967.0,15.26,16
2017-01-16,20.6,9.7,14.2,54,18.7,966.2,16.35,1
2017-01-17,18.3,5.7,11.5,62,11.4,967.2,16.53,0
2017-01-18,19.6,6.8,12.4,66,10.4,969.8,16.46,7
2017-01-19,21.1,8.2,13.9,55,15.6,971.8,16.66,16
2017-01-20,21.4,8.5,14.4,48,17.1,971.0,15.66,61
2017-01-21,21.6,10.0,15.0,57,8.4,969.3,11.73,73
2017-01-22,23.5,12.6,16.8,61,12.7,970.5,14.7,26
2017-01-23,25.1,12.0,17.8,68,10.1,969.3,16.29,2
2017-01-24,26.7,13.6,19.4,75,13.5,967.9,16.09,13
2017-01-25,25.2,16.4,19.4,77,20.7,967.2,11.34,61
2017-01-26,18.5,13.7,16.1,87,15.5,966.5,7.47,68
2017-01-27,19.0,10.0,13.7,75,19.2,967.6,16.25,14
2017-01-28,20.3,8.2,13.5,74,10.7,968.8,17.51,6
2017-01-29,22.5,10.0,15.2,73,9.3,967.0,17.51,35
2017-01-30,23.3,9.8,16.2,74,9.7,965.3,17.77,3
2017-01-31,24.3,11.0,17.3,73,12.2,964.8,17.44,3
2017-02-01,22.8,12.4,17.1,74,12.3,966.4,16.79,8
2017-02-02,23.7,11.7,16.9,74,10.8,968.4,17.82,40
2017-02-03,24.7,11.2,17.4,74,9.8,967.3,17.22,87
2017-02-04,26.5,13.7,19.4,71,19.7,963.6,14.76,83
2017-02-05,24.8,14.0,19.2,64,17.6,963.2,15.92,16
2017-02-06,22.2,12.0,16.4,41,17.5,965.8,19.12,10
2017-02-07,22.2,9.7,15.2,44,11.6,965.9,18.88,82
2017-02-08,23.3,9.3,16.0,53,10.5,964.6,18.46,62
2017-02-09,22.4,10.9,16.0,53,13.4,965.6,18.94,28
2017-02-10,22.4,9.8,15.2,49,10.8,965.8,19.52,0
2017-02-11,22.6,9.4,15.5,48,10.3,965.7,19.54,1
2017-02-12,22.6,10.6,16.0,57,13.1,968.7,19.27,0
2017-02-13,24.8,12.2,17.2,51,13.2,971.0,19.78,4
2017-02-14,26.0,9.8,17.5,45,8.7,971.6,20.03,7
2017-02-15,27.9,11.4,19.2,41,9.5,970.8,19.43,5
2017-02-16,29.2,13.9,20.8,41,11.6,969.1,17.67,42
2017-02-17,30.5,14.2,21.9,43,10.2,968.1,18.26,83
2017-02-18,30.6,15.5,22.3,46,9.8,968.0,19.66,16
2017-02-19,31.8,17.2,24.0,41,18.0,965.3,19.65,28
2017-02-20,30.2,18.5,23.6,35,26.4,959.1,19.96,5
2017-02-21,25.8,14.3,19.3,27,18.4,958.9,21.18,0
2017-02-22,26.9,12.4,18.8,25,9.7,962.2,21.35,0
2017-02-23,26.6,12.7,19.0,32,15.6,965.5,21.38,0
2017-02-24,27.0,12.7,19.1,25,17.3,967.5,21.53,0
2017-02-25,28.3,13.6,20.6,27,16.5,966.0,21.02,0
2017-02-26,27.8,14.2,20.6,30,15.5,963.9,21.61,0
2017-02-27,28.7,13.4,20.7,34,12.0,964.7,21.09,0
2017-02-28,30.8,14.6,22.6,41,11.9,964.6,20.91,22
2017-03-01,30.2,18.4,23.3,37,16.6,963.5,18.03,25
2017-03-02,28.2,18.4,22.1,49,19.0,962.8,18.65,24
2017-03-03,27.8,16.3,21.1,42,15.7,961.6,19.8,30
2017-03-04,27.2,15.0,20.4,30,16.1,961.1,22.18,0
2017-03-05,27.9,13.2,20.2,29,14.7,961.9,22.46,1
2017-03-06,28.0,13.2,20.5,35,10.2,961.6,22.37,12
2017-03-07,28.8,15.3,21.6,32,17.9,959.6,20.13,42
2017-03-08,27.5,16.6,21.7,39,17.9,958.6,19.41,32
2017-03-09,27.9,16.7,21.7,45,14.7,958.2,19.44,36
2017-03-10,24.7,14.0,17.8,72,18.5,957.1,18.0,25
2017-03-11,23.8,11.4,17.2,54,16.5,959.3,22.5,3
2017-03-12,24.4,10.3,17.3,39,12.4,963.7,23.62,0
2017-03-13,24.6,11.2,17.8,42,11.3,964.5,23.45,0
2017-03-14,26.6,12.1,18.9,43,10.5,966.0,22.58,45
2017-03-15,28.7,15.2,21.2,41,11.7,965.4,23.14,44
2017-03-16,30.4,13.9,22.2,36,20.3,962.6,22.4,16
2017-03-17,29.4,15.9,22.1,40,18.6,961.8,23.69,8
2017-03-18,29.4,15.8,22.6,41,14.2,961.6,21.19,41
2017-03-19,27.5,17.0,21.3,59,16.2,963.0,15.54,46
2017-03-20,31.2,16.7,23.6,41,12.5,964.5,24.26,0
2017-03-21,33.0,16.6,25.1,33,12.3,964.6,23.89,1
2017-03-22,34.7,19.2,27.2,34,13.6,963.2,23.96,0
2017-03-23,35.5,21.9,28.1,32,14.0,961.9,23.9,1
2017-03-24,35.0,21.6,28.0,32,13.4,962.0,24.02,6
2017-03-25,34.8,21.3,28.0,32,14.8,962.9,23.82,15
2017-03-26,36.4,22.3,29.3,30,15.3,963.9,24.36,0
2017-03-27,38.4,23.5,30.4,27,17.9,963.3,24.78,0
2017-03-28,39.3,22.7,31.3,27,16.5,962.4,24.75,0
2017-03-29,39.0,24.5,31.4,19,18.7,961.3,25.62,0
2017-03-30,39.1,22.9,30.9,25,15.9,960.9,25.28,0
2017-03-31,37.6,22.8,30.4,19,14.6,961.8,25.7,7
2017-04-01,38.7,23.8,30.9,18,15.6,960.0,25.35,16
2017-04-02,38.2,23.5,30.7,21,18.2,958.0,24.61,3
2017-04-03,39.2,23.7,31.2,21,19.8,958.4,23.96,18
2017-04-04,38.0,24.8,31.2,24,16.3,959.2,23.49,17
2017-04-05,37.3,22.8,30.3,29,23.3,957.1,22.04,12
2017-04-06,35.1,25.9,30.0,25,26.9,956.4,26.25,0
2017-04-07,33.5,20.5,27.1,12,15.1,959.7,26.87,0
2017-04-08,33.9,19.5,26.9,10,14.4,962.4,27.43,0
2017-04-09,33.5,21.0,27.0,15,20.9,963.7,27.01,0
2017-04-10,34.7,19.8,27.2,15,20.7,962.7,26.88,0
2017-04-11,37.7,20.3,28.9,17,20.7,960.9,26.93,0
2017-04-12,39.0,22.0,30.9,15,19.5,960.2,26.83,0
2017-04-13,40.2,22.9,31.8,15,15.9,959.7,27.12,0
2017-04-14,41.4,22.7,32.3,17,14.1,958.3,26.72,2
2017-04-15,42.3,24.5,33.3,15,21.0,956.8,26.07,5
2017-04-16,41.8,24.2,33.3,14,15.5,957.2,26.99,0
2017-04-17,42.7,25.4,34.1,15,24.6,958.4,26.12,10
2017-04-18,42.2,28.4,34.4,15,24.8,958.2,26.14,12
2017-04-19,41.1,27.1,33.5,17,17.7,956.1,27.35,0
2017-04-20,41.7,26.3,34.1,22,15.5,954.6,25.72,22
2017-04-21,42.4,29.5,35.2,19,23.8,954.9,25.91,22
2017-04-22,41.0,29.3,34.2,19,22.0,956.4,27.06,0
2017-04-23,38.8,27.4,32.3,22,19.8,957.1,23.91,17
2017-04-24,36.7,26.3,31.1,24,20.4,958.0,21.85,20
2017-04-25,36.6,25.3,30.2,26,23.9,958.9,23.61,25
2017-04-26,37.1,21.2,29.9,21,16.6,959.0,25.74,15
2017-04-27,38.9,23.6,31.1,17,16.3,959.9,27.08,10
2017-04-28,39.1,24.2,31.3,19,21.4,959.2,25.75,36
2017-04-29,37.2,25.3,30.8,24,17.7,958.9,22.6,61
2017-04-30,38.9,24.6,31.7,22,21.9,958.3,26.62,28
2017-05-01,38.8,23.5,31.0,22,17.2,960.4,28.38,0
2017-05-02,39.2,22.3,31.5,18,14.8,961.4,27.69,37
2017-05-03,39.0,26.7,32.7,18,21.6,960.1,20.46,63
2017-05-04,39.2,24.8,32.9,18,20.0,960.9,25.75,11
2017-05-05,40.0,24.6,32.7,19,12.8,960.1,23.14,83
2017-05-06,41.3,27.7,34.4,16,17.5,959.5,24.65,40
2017-05-07,42.3,28.6,35.3,15,28.6,959.5,24.0,36
2017-05-08,42.6,29.8,35.6,16,27.2,958.8,23.49,40
2017-05-09,42.2,28.6,35.3,16,23.1,956.9,24.3,40
2017-05-10,41.1,27.1,34.9,17,18.2,957.5,25.11,24
2017-05-11,41.1,25.9,34.1,23,14.1,958.7,25.74,21
2017-05-12,41.9,27.3,34.3,21,16.7,959.0,26.81,6
2017-05-13,42.2,26.8,34.9,21,19.8,957.9,25.07,19
2017-05-14,41.7,29.5,35.9,16,30.3,956.3,24.25,21
2017-05-15,42.1,29.9,35.9,20,22.0,954.9,26.54,11
2017-05-16,41.0,29.6,35.0,21,22.0,954.2,25.89,12
2017-05-17,37.3,27.2,32.4,29,17.6,955.2,23.1,20
2017-05-18,38.4,26.4,33.0,28,18.6,956.2,24.9,27
2017-05-19,41.7,27.7,34.4,24,23.7,956.7,26.18,27
2017-05-20,39.7,26.2,32.9,28,20.1,955.6,24.16,37
2017-05-21,38.6,27.0,32.0,34,20.6,955.4,23.33,46
2017-05-22,37.2,25.1,30.6,46,15.5,957.5,24.31,41
2017-05-23,39.0,25.7,32.0,37,18.0,957.9,25.73,19
2017-05-24,40.4,26.8,33.7,34,18.4,956.2,24.91,30
2017-05-25,40.7,28.1,34.7,26,20.3,954.9,25.95,9
2017-05-26,42.8,27.5,35.7,25,29.4,953.7,24.18,15
2017-05-27,44.8,31.7,36.9,23,28.7,952.2,24.01,17
2017-05-28,43.3,29.3,35.8,28,25.2,952.1,25.29,11
2017-05-29,38.7,28.2,32.8,45,18.5,952.2,23.97,17
2017-05-30,37.6,25.8,31.9,46,16.2,951.3,25.14,6
2017-05-31,38.6,25.7,31.3,52,21.7,952.2,23.67,30
2017-06-01,37.1,25.3,31.0,57,12.7,954.9,24.8,20
2017-06-02,39.7,26.9,33.0,48,14.8,955.3,26.77,3
2017-06-03,41.8,28.3,35.3,33,19.6,954.0,27.39,1
2017-06-04,42.2,31.9,36.4,32,27.8,953.8,26.07,10
2017-06-05,40.6,31.9,36.1,38,24.3,954.4,25.25,7
2017-06-06,39.8,31.0,35.2,40,23.9,955.3,26.84,1
2017-06-07,36.7,30.4,33.0,48,23.2,956.7,21.75,18
2017-06-08,37.1,27.5,31.7,54,25.1,955.9,23.59,14
2017-06-09,34.9,25.5,30.0,60,14.5,955.0,20.93,40
2017-06-10,38.0,25.9,32.4,47,19.2,953.9,23.84,16
2017-06-11,38.7,25.8,32.1,40,18.8,953.1,26.18,13
2017-06-12,39.0,25.8,32.9,36,14.5,952.5,23.79,22
2017-06-13,39.8,27.6,33.6,35,18.2,952.4,23.75,15
2017-06-14,39.8,29.0,34.2,37,23.3,954.7,24.43,18
2017-06-15,39.8,27.2,33.5,41,19.2,954.6,24.7,16
2017-06-16,39.9,28.3,33.2,39,15.7,953.4,25.38,15
2017-06-17,37.7,27.4,32.4,48,19.1,953.6,24.59,16
2017-06-18,37.3,27.4,31.9,54,17.0,953.0,22.11,20
2017-06-19,38.5,29.9,33.4,47,24.2,951.5,23.31,18
2017-06-20,37.9,29.3,32.7,47,20.6,951.7,23.62,20
2017-06-21,34.9,25.3,30.6,56,19.3,952.3,21.36,42
2017-06-22,34.2,23.3,28.0,69,19.6,953.8,19.79,60
2017-06-23,34.2,25.5,29.6,63,17.3,953.7,22.2,25
2017-06-24,35.8,26.5,31.3,58,7.3,951.2,23.36,20
2017-06-25,37.5,28.1,33.2,49,10.1,950.5,23.71,18
2017-06-26,39.0,29.5,33.8,50,17.6,951.7,23.27,23
2017-06-27,38.0,26.5,31.0,67,15.0,951.9,22.27,65
2017-06-28,31.5,26.1,27.9,83,19.8,951.8,11.29,98
2017-06-29,32.6,25.2,27.7,83,10.5,951.6,16.92,100
2017-06-30,32.9,25.9,28.6,76,16.1,949.7,18.41,93
2017-07-01,31.7,26.3,28.8,76,11.6,949.0,16.06,95
2017-07-02,32.4,26.4,28.8,79,7.7,949.7,17.24,97
2017-07-03,32.9,25.1,28.8,78,20.8,951.1,16.88,98
2017-07-04,33.3,25.7,28.8,71,25.6,951.0,17.09,81
2017-07-05,32.7,25.8,28.9,65,23.1,951.7,24.43,75
2017-07-06,34.3,25.8,29.6,61,20.5,953.1,25.2,10
2017-07-07,34.7,26.3,30.2,58,19.5,954.3,23.97,35
2017-07-08,35.7,27.1,31.2,54,21.6,954.5,22.34,71
2017-07-09,35.8,27.8,31.6,52,20.6,954.0,23.71,87
2017-07-10,36.1,27.6,31.4,52,23.8,954.2,24.75,89
2017-07-11,34.8,27.0,30.7,54,21.6,953.9,22.73,92
2017-07-12,33.3,26.9,29.1,67,14.8,954.1,14.48,79
2017-07-13,32.5,24.7,28.4,75,15.5,953.1,15.01,57
2017-07-14,33.6,26.8,29.7,68,18.7,952.0,17.96,47
2017-07-15,33.9,26.6,29.4,74,15.2,952.2,17.91,62
2017-07-16,33.4,25.9,28.9,78,13.3,952.3,17.06,80
2017-07-17,33.2,25.8,29.0,79,10.9,952.4,19.63,81
2017-07-18,32.8,25.7,28.9,80,11.2,952.5,16.0,74
2017-07-19,32.8,26.9,29.7,76,13.2,951.7,15.81,83
2017-07-20,33.2,25.0,28.8,78,15.9,950.3,19.02,95
2017-07-21,30.9,25.1,27.7,81,19.2,950.4,16.81,85
2017-07-22,29.7,24.8,26.5,87,20.4,949.6,11.35,94
2017-07-23,29.1,24.6,26.0,89,20.3,948.5,10.55,90
2017-07-24,28.2,24.0,25.7,85,19.4,948.5,10.89,94
2017-07-25,28.6,23.1,26.0,79,17.0,949.0,11.28,86
2017-07-26,31.1,25.1,28.0,77,20.2,951.4,16.89,72
2017-07-27,32.5,25.4,28.8,75,21.2,953.1,19.83,41
2017-07-28,31.5,25.9,27.7,78,19.2,953.5,16.65,67
2017-07-29,28.8,25.0,26.2,86,20.5,953.1,7.15,97
2017-07-30,26.6,24.6,25.5,87,18.7,954.6,4.42,99
2017-07-31,26.4,23.9,25.0,93,16.1,954.6,4.99,100
2017-08-01,29.7,24.2,26.5,83,16.2,954.9,10.37,95
2017-08-02,31.1,24.8,27.6,76,18.6,954.6,16.34,95
2017-08-03,30.6,25.6,27.6,75,20.8,952.7,15.91,95
2017-08-04,30.5,24.9,27.5,72,19.8,951.5,16.48,94
2017-08-05,30.9,24.0,27.6,71,14.4,952.8,16.87,89
2017-08-06,32.0,25.0,28.3,71,13.3,954.0,15.78,92
2017-08-07,30.2,26.1,27.9,79,10.7,954.8,13.5,98
2017-08-08,31.2,25.2,27.4,84,16.1,954.9,13.17,96
2017-08-09,29.2,24.3,26.1,87,18.1,954.2,7.96,100
2017-08-10,28.5,24.4,26.2,86,18.0,953.6,6.92,100
2017-08-11,30.8,25.0,27.6,76,27.4,953.6,15.48,97
2017-08-12,30.4,25.3,27.6,75,24.9,953.6,15.86,99
2017-08-13,31.0,25.3,27.3,74,20.7,954.9,14.6,89
2017-08-14,30.6,25.0,27.2,76,13.3,957.5,16.25,59
2017-08-15,30.8,24.9,27.8,73,17.3,957.0,16.6,47
2017-08-16,32.7,25.0,28.4,71,18.7,955.1,20.96,38
2017-08-17,33.2,24.9,28.7,69,19.6,953.9,22.62,69
2017-08-18,33.8,24.9,29.1,67,16.1,954.0,21.31,80
2017-08-19,30.5,26.0,28.1,77,15.0,955.0,12.84,91
2017-08-20,32.2,25.7,28.7,77,16.6,954.6,18.98,53
2017-08-21,32.9,26.2,29.3,74,14.4,953.4,19.88,42
2017-08-22,33.2,26.3,28.6,79,12.6,954.1,18.95,58
2017-08-23,32.5,25.4,28.3,80,8.5,955.7,18.39,83
2017-08-24,30.1,25.2,27.7,84,12.8,955.5,12.77,86
2017-08-25,32.1,25.3,27.4,82,16.2,954.0,15.69,73
2017-08-26,31.1,24.2,27.0,83,10.3,952.7,16.33,63
2017-08-27,32.1,24.2,27.7,81,11.8,952.6,20.11,47
2017-08-28,30.0,24.7,27.0,82,17.9,952.9,16.88,62
2017-08-29,29.4,24.9,26.5,84,25.6,952.3,12.4,79
2017-08-30,29.2,24.4,26.3,86,21.3,953.3,13.82,86
2017-08-31,29.3,23.8,26.0,84,16.6,955.4,8.69,99
2017-09-01,29.0,24.0,26.0,79,20.7,956.4,9.6,76
2017-09-02,29.4,23.6,26.1,80,16.1,956.4,18.82,46
2017-09-03,29.8,23.9,26.5,80,13.5,956.8,13.46,64
2017-09-04,31.7,24.8,27.7,78,16.0,958.3,19.77,18
2017-09-05,31.5,24.5,27.6,73,16.1,958.5,21.02,11
2017-09-06,31.7,24.6,27.1,74,12.5,958.4,16.75,37
2017-09-07,31.6,24.6,27.4,75,13.1,958.8,17.87,35
2017-09-08,32.0,24.8,28.3,70,13.0,959.2,18.18,22
2017-09-09,33.9,24.7,29.0,65,10.8,957.7,20.61,12
2017-09-10,34.3,26.0,29.7,64,9.7,958.1,19.05,29
2017-09-11,34.2,26.1,29.5,66,14.6,959.8,19.46,34
2017-09-12,32.7,25.3,28.6,73,9.2,960.2,18.6,27
2017-09-13,33.4,24.8,28.3,74,7.5,959.7,18.0,66
2017-09-14,32.0,24.8,27.9,75,7.9,959.0,12.07,80
2017-09-15,34.2,24.9,29.0,67,12.3,957.9,18.02,67
2017-09-16,34.4,26.6,29.7,58,11.7,957.6,16.05,80
2017-09-17,35.7,25.9,30.0,51,13.3,957.3,21.09,60
2017-09-18,36.7,24.9,30.1,43,13.7,956.7,21.61,40
2017-09-19,36.7,24.5,29.8,45,13.0,956.0,22.06,60
2017-09-20,37.6,24.5,30.2,57,16.6,955.4,21.62,31
2017-09-21,35.9,25.3,30.0,58,20.5,955.1,18.48,89
2017-09-22,31.2,25.4,28.0,67,16.0,955.6,7.33,99
2017-09-23,36.5,24.2,29.7,49,23.6,957.5,20.96,30
2017-09-24,36.4,23.9,29.8,49,20.6,959.8,18.73,16
2017-09-25,35.6,26.4,30.4,48,18.4,958.7,19.64,15
2017-09-26,35.2,25.4,30.1,45,15.4,959.1,17.77,16
2017-09-27,37.1,25.6,30.9,39,17.1,959.4,19.25,21
2017-09-28,37.7,25.3,31.2,29,23.2,958.6,19.92,31
2017-09-29,38.2,25.5,30.9,30,23.2,958.0,19.65,11
2017-09-30,38.3,23.8,30.9,28,11.2,959.8,20.74,1
2017-10-01,37.6,24.0,30.8,27,13.5,959.9,20.85,5
2017-10-02,37.8,25.3,31.2,27,13.5,959.0,20.68,3
2017-10-03,38.2,24.2,30.8,24,12.6,960.0,20.76,0
2017-10-04,37.9,23.3,30.5,32,13.7,961.0,20.47,0
2017-10-05,36.8,23.7,29.8,44,14.7,961.1,19.91,1
2017-10-06,36.7,23.8,29.8,36,11.8,961.1,20.12,0
2017-10-07,37.1,22.8,29.6,31,16.2,960.2,20.22,0
2017-10-08,36.8,22.6,29.3,32,14.6,959.3,20.05,0
2017-10-09,36.2,22.4,29.2,37,12.8,959.4,19.6,1
2017-10-10,36.2,23.0,29.2,39,12.5,959.1,17.58,12
2017-10-11,35.3,22.7,29.0,39,10.5,959.2,16.96,11
2017-10-12,34.9,23.4,29.1,37,9.6,959.2,13.58,41
2017-10-13,36.5,22.5,29.4,32,15.8,957.8,19.23,15
2017-10-14,37.3,22.8,29.9,23,14.6,957.6,19.28,0
2017-10-15,37.3,23.1,29.6,26,17.9,957.9,19.04,0
2017-10-16,37.5,22.6,29.0,22,14.8,958.7,19.29,0
2017-10-17,36.4,20.6,28.2,25,11.7,959.8,19.08,0
2017-10-18,35.8,21.2,27.5,32,12.6,960.7,18.86,0
2017-10-19,34.0,20.8,26.9,41,10.4,960.5,18.66,0
2017-10-20,35.1,22.5,28.2,44,8.7,960.3,16.83,4
2017-10-21,36.1,22.1,28.3,32,14.7,959.4,18.26,0
2017-10-22,35.9,19.9,27.6,25,22.0,958.5,17.82,3
2017-10-23,34.0,19.1,26.1,28,11.8,960.3,18.21,0
2017-10-24,34.5,20.4,26.5,20,12.6,963.0,18.28,0
2017-10-25,33.3,18.0,25.5,27,11.3,965.0,18.04,0
2017-10-26,32.8,18.3,25.1,36,9.4,965.4,17.67,0
2017-10-27,31.2,18.2,24.6,44,9.8,964.7,13.73,36
2017-10-28,33.1,20.4,26.2,29,13.4,964.3,17.11,7
2017-10-29,32.6,18.0,25.0,36,10.0,965.9,17.06,1
2017-10-30,32.2,18.2,24.5,44,11.7,966.5,16.75,1
2017-10-31,31.3,17.7,24.3,42,10.9,964.7,16.92,0
2017-11-01,32.5,18.6,24.6,38,10.7,965.3,16.67,1
2017-11-02,33.3,18.0,25.3,31,14.8,964.5,16.56,0
2017-11-03,32.3,17.6,24.8,44,10.2,964.5,16.41,3
2017-11-04,30.0,18.6,24.2,55,12.6,966.2,15.04,8
2017-11-05,29.0,18.7,23.5,57,9.7,966.7,14.98,5
2017-11-06,29.7,17.4,23.4,51,7.4,966.0,15.99,0
2017-11-07,30.5,17.3,23.4,45,9.4,965.4,15.94,0
2017-11-08,30.3,16.4,23.2,43,10.3,965.3,15.85,0
2017-11-09,30.3,16.4,23.3,45,11.4,964.3,14.44,16
2017-11-10,29.7,16.1,22.7,45,9.6,965.1,15.57,0
2017-11-11,29.3,15.7,22.4,47,8.3,965.8,15.51,1
2017-11-12,29.1,16.3,21.9,47,9.4,963.6,15.36,0
2017-11-13,28.6,14.7,21.9,44,11.5,961.8,15.33,1
2017-11-14,27.9,15.2,21.6,44,15.2,961.2,13.89,23
2017-11-15,27.5,16.3,21.7,48,12.5,962.6,13.22,23
2017-11-16,26.3,17.5,21.5,55,12.2,964.0,11.1,40
2017-11-17,25.3,17.1,20.5,57,12.6,964.9,11.88,22
2017-11-18,25.4,15.9,19.9,63,12.4,965.5,11.93,24
2017-11-19,25.7,16.4,20.0,46,15.6,966.6,13.69,10
2017-11-20,24.9,14.0,18.5,37,13.1,967.7,14.97,0
2017-11-21,24.3,11.8,17.3,39,12.0,966.1,15.09,0
2017-11-22,24.5,12.4,17.7,34,10.8,965.1,15.08,12
2017-11-23,24.6,11.0,17.2,32,9.3,964.1,14.79,2
2017-11-24,24.9,10.7,17.3,32,9.9,965.5,14.7,0
2017-11-25,26.7,11.4,18.2,34,8.1,966.1,14.69,0
2017-11-26,26.9,10.7,18.1,42,9.3,967.0,14.28,0
2017-11-27,27.7,12.4,19.1,33,11.4,965.1,14.49,0
2017-11-28,26.9,13.4,19.9,37,9.4,964.1,14.28,0
2017-11-29,27.0,15.4,20.9,38,9.8,965.9,14.0,0
2017-11-30,27.3,13.4,19.7,40,12.1,965.7,13.97,0
2017-12-01,25.2,12.8,18.6,47,10.4,965.5,13.9,0
2017-12-02,24.9,12.3,17.9,51,10.3,966.3,13.71,69
2017-12-03,24.3,12.2,17.9,51,8.0,966.3,12.72,94
2017-12-04,24.2,11.9,18.2,48,7.4,964.8,11.35,96
2017-12-05,21.1,15.2,17.7,60,11.9,965.1,5.43,95
2017-12-06,20.6,14.6,17.5,58,10.1,965.0,5.08,90
2017-12-07,23.3,13.8,18.3,39,11.0,965.6,12.79,23
2017-12-08,25.5,12.1,17.7,35,10.8,965.8,13.86,0
2017-12-09,25.4,11.3,18.0,48,8.8,965.1,13.63,0
2017-12-10,24.9,11.6,17.9,55,8.7,965.2,13.46,8
2017-12-11,21.6,13.6,16.8,67,13.6,964.0,5.36,54
2017-12-12,21.7,12.0,15.6,72,10.0,965.0,13.36,8
2017-12-13,21.3,9.8,14.7,68,11.0,966.8,13.35,3
2017-12-14,22.0,10.6,15.2,65,13.2,968.2,12.99,8
2017-12-15,22.4,11.2,16.0,52,17.3,969.3,12.42,28
2017-12-16,22.0,10.0,14.9,47,14.0,970.9,13.56,3
2017-12-17,24.0,8.4,14.5,43,12.8,971.3,13.8,0
2017-12-18,25.4,10.6,16.8,33,15.8,970.7,13.66,20
2017-12-19,26.9,12.1,18.3,32,11.7,969.8,11.2,95
2017-12-20,25.4,12.8,17.8,42,9.8,970.6,11.04,97
2017-12-21,25.8,12.2,18.2,50,12.6,970.7,13.26,56
2017-12-22,25.6,13.1,18.2,47,12.8,969.3,13.48,77
2017-12-23,24.6,11.9,16.9,43,13.0,966.0,13.89,13
2017-12-24,23.6,10.4,16.1,48,10.6,965.2,13.58,0
2017-12-25,24.6,9.9,16.6,49,11.1,967.4,13.6,0
2017-12-26,24.4,9.2,16.1,47,10.0,967.6,13.67,2
2017-12-27,24.2,10.3,16.8,44,11.2,966.7,13.62,28
2017-12-28,23.5,9.7,16.5,51,9.7,966.4,13.56,15
2017-12-29,23.3,10.2,16.3,52,9.9,966.8,13.53,0
2017-12-30,23.5,9.6,16.1,58,10.6,966.8,13.52,0
2017-12-31,22.0,9.6,15.6,50,11.5,965.5,13.47,9
2018-01-01,21.9,9.7,14.9,53,11.7,963.6,13.51,1
2018-01-02,21.5,7.6,13.8,54,9.0,964.2,13.84,0
2018-01-03,21.2,7.4,13.5,57,10.5,964.7,14.08,0
2018-01-04,21.1,10.6,14.6,48,11.8,964.6,14.12,0
2018-01-05,21.7,7.6,13.9,57,9.7,963.7,13.95,0
2018-01-06,22.1,7.8,14.5,58,12.1,963.2,13.99,0
2018-01-07,21.8,8.7,14.4,52,12.7,964.5,14.22,0
2018-01-08,21.6,7.0,13.7,44,9.0,966.0,14.58,0
2018-01-09,22.0,7.1,13.6,48,9.2,968.0,14.57,0
2018-01-10,23.3,7.1,14.6,43,10.7,968.2,14.61,0
2018-01-11,23.7,8.8,15.5,37,11.9,967.0,14.44,0
2018-01-12,25.3,11.0,16.9,33,12.4,965.8,14.16,2
2018-01-13,25.6,12.3,18.0,36,13.9,965.8,14.18,9
2018-01-14,26.0,11.6,17.8,33,14.7,965.8,14.72,0
2018-01-15,26.0,8.9,16.7,31,10.9,966.1,15.15,0
2018-01-16,25.1,7.1,15.4,36,11.4,963.7,15.62,0
2018-01-17,25.5,10.3,16.9,45,13.6,963.6,14.5,2
2018-01-18,26.3,11.8,18.6,53,8.6,965.2,14.79,1
2018-01-19,26.5,11.7,18.4,51,15.6,965.7,15.05,0
2018-01-20,24.9,11.4,16.9,42,12.7,965.4,15.76,0
2018-01-21,24.3,8.1,15.8,43,10.1,963.8,15.6,0
2018-01-22,24.8,10.1,16.7,54,15.6,962.1,15.22,5
2018-01-23,22.9,14.5,17.4,46,24.2,960.0,11.6,36
2018-01-24,21.5,10.2,15.0,53,15.9,963.4,15.85,1
2018-01-25,22.5,7.2,14.0,62,12.6,963.0,15.9,0
2018-01-26,23.8,8.9,15.3,55,11.2,963.2,15.98,4
2018-01-27,23.8,8.5,15.8,58,10.8,963.1,16.08,3
2018-01-28,24.6,9.4,16.6,58,9.9,964.1,16.19,21
2018-01-29,26.0,10.1,17.5,53,11.1,965.8,16.13,27
2018-01-30,28.3,11.7,19.4,39,15.2,966.2,16.3,23
2018-01-31,28.5,15.1,20.6,36,15.8,965.5,16.36,14
2018-02-01,28.7,11.9,20.0,38,12.7,965.0,16.43,0
2018-02-02,27.7,13.9,20.2,37,15.1,962.8,16.53,0
2018-02-03,25.7,13.8,18.6,46,13.4,964.8,16.73,0
2018-02-04,24.8,10.6,17.0,33,13.5,965.7,17.42,9
2018-02-05,24.1,11.3,16.8,35,11.0,967.1,12.17,96
2018-02-06,23.9,14.5,18.7,36,12.7,967.5,11.31,99
2018-02-07,24.8,12.2,17.8,30,10.9,964.9,17.07,33
2018-02-08,23.8,11.3,16.8,40,10.0,963.5,15.89,29
2018-02-09,25.1,9.7,16.9,35,10.4,963.6,17.85,0
2018-02-10,25.1,11.2,17.6,41,16.3,965.2,16.28,52
2018-02-11,24.1,14.7,18.4,49,22.2,964.4,13.63,71
2018-02-12,25.2,13.2,18.2,62,16.6,966.1,17.28,41
2018-02-13,24.8,13.0,17.5,65,12.5,971.4,16.53,54
2018-02-14,25.2,11.6,18.1,47,14.7,972.3,18.23,7
2018-02-15,27.1,12.0,19.1,46,14.0,970.6,18.13,8
2018-02-16,28.0,12.4,19.9,44,13.3,968.7,18.35,1
2018-02-17,28.9,13.3,20.5,41,14.2,963.9,18.68,17
2018-02-18,28.3,13.8,20.6,44,11.2,962.5,18.48,46
2018-02-19,28.3,14.1,20.7,47,10.7,963.9,18.36,48
2018-02-20,30.0,14.7,21.8,44,9.8,964.0,18.88,2
2018-02-21,31.6,15.9,23.2,36,13.8,962.3,17.58,22
2018-02-22,31.8,17.6,23.9,33,16.3,961.1,17.64,17
2018-02-23,32.5,17.2,24.1,40,15.9,960.9,17.86,49
2018-02-24,31.3,18.3,24.6,42,10.9,963.1,18.07,48
2018-02-25,30.8,18.7,23.9,40,16.6,966.2,19.44,17
2018-02-26,30.2,16.5,22.9,42,15.9,965.4,19.96,17
2018-02-27,32.0,18.2,24.2,38,12.4,964.2,19.23,42
2018-02-28,31.7,17.7,24.1,44,13.3,963.8,17.45,62
2018-03-01,32.1,19.0,24.3,45,15.3,962.2,17.0,69
2018-03-02,32.9,18.7,25.5,34,17.8,961.4,20.42,4
2018-03-03,32.9,18.1,25.3,32,20.5,959.6,19.95,38
2018-03-04,29.4,17.6,22.9,49,22.2,960.3,15.85,42
2018-03-05,29.4,16.7,22.3,43,16.9,963.7,19.87,3
2018-03-06,29.9,15.3,22.4,33,14.8,965.0,21.04,17
2018-03-07,30.6,15.0,22.6,33,9.1,963.8,21.33,0
2018-03-08,31.0,16.0,23.2,31,13.6,964.1,21.12,2
2018-03-09,30.7,17.0,23.7,38,12.1,964.5,18.51,18
2018-03-10,31.9,18.0,24.7,33,14.5,964.0,19.74,6
2018-03-11,32.6,18.0,25.3,33,12.0,963.2,21.44,1
2018-03-12,33.1,17.6,25.8,32,12.9,963.4,21.61,0
2018-03-13,34.5,17.8,26.0,27,14.0,961.8,22.12,0
2018-03-14,32.8,20.3,25.9,23,17.4,960.2,20.41,6
2018-03-15,30.5,20.5,24.9,34,15.3,960.4,18.0,21
2018-03-16,32.0,18.6,24.6,31,16.7,960.6,19.59,15
2018-03-17,32.3,16.9,24.4,27,15.6,962.2,22.58,0
2018-03-18,32.8,17.8,24.9,27,12.9,963.3,22.48,14
2018-03-19,33.2,18.8,25.4,29,13.0,964.8,16.95,55
2018-03-20,33.0,19.9,26.3,34,17.1,962.3,19.25,20
2018-03-21,31.8,19.9,25.7,26,21.3,960.2,21.51,12
2018-03-22,31.0,18.9,24.6,39,16.6,960.8,22.16,2
2018-03-23,30.7,18.1,24.1,37,14.5,962.1,22.87,0
2018-03-24,33.2,18.3,25.6,30,16.4,964.6,23.11,0
2018-03-25,34.1,19.7,26.7,28,18.6,966.0,23.29,0
2018-03-26,35.7,19.6,27.2,24,15.5,964.6,23.8,8
2018-03-27,36.6,19.0,28.1,18,14.4,961.2,23.83,10
2018-03-28,37.6,21.1,29.4,14,13.5,960.4,23.92,0
2018-03-29,37.4,20.7,29.3,21,16.6,960.5,23.89,0
2018-03-30,38.0,21.2,29.3,17,22.0,958.5,23.91,14
2018-03-31,37.9,20.8,29.3,21,19.6,958.5,24.08,0
2018-04-01,36.1,21.5,28.3,35,15.0,960.3,23.88,0
2018-04-02,37.2,22.1,29.6,33,16.6,961.1,22.05,17
2018-04-03,38.3,22.7,30.1,28,10.9,960.1,21.89,41
2018-04-04,39.2,22.7,31.3,19,18.4,958.1,23.71,5
2018-04-05,39.0,23.0,31.3,22,15.3,956.5,22.79,31
2018-04-06,37.3,23.9,29.3,37,19.8,958.2,19.69,71
2018-04-07,36.4,21.8,28.3,44,17.6,959.9,21.7,23
2018-04-08,37.1,22.2,28.7,40,21.0,960.3,20.94,20
2018-04-09,33.8,22.8,28.0,44,19.2,961.5,19.13,56
2018-04-10,35.3,22.9,27.7,48,21.0,960.5,20.57,47
2018-04-11,35.9,22.9,28.5,39,17.0,959.2,21.82,24
2018-04-12,34.7,21.6,27.2,49,19.2,959.4,22.57,29
2018-04-13,35.4,21.6,28.2,35,11.6,960.7,24.16,25
2018-04-14,36.4,23.2,29.4,26,12.4,959.9,22.58,30
2018-04-15,36.8,23.4,30.3,26,16.6,959.4,20.47,25
2018-04-16,39.3,24.7,31.6,23,21.6,960.0,19.93,54
2018-04-17,38.9,25.2,32.0,19,20.4,961.1,22.15,16
2018-04-18,38.5,24.9,31.5,18,16.4,961.1,24.57,0
2018-04-19,38.7,23.9,31.5,18,21.5,957.6,23.31,6
2018-04-20,37.6,24.3,31.1,18,33.2,956.6,24.22,13
2018-04-21,34.9,22.0,28.2,13,19.9,960.1,25.33,1
2018-04-22,35.4,22.3,28.7,17,14.3,961.1,25.37,0
2018-04-23,36.6,22.8,29.6,16,18.8,961.0,25.37,0
2018-04-24,38.6,22.3,30.9,13,16.5,959.8,25.08,0
2018-04-25,40.2,25.1,32.5,10,18.7,957.7,25.12,0
2018-04-26,41.1,27.7,34.0,14,20.2,956.3,24.11,1
2018-04-27,42.3,26.3,34.4,14,16.9,957.5,23.78,15
2018-04-28,41.9,27.4,34.0,22,24.4,957.7,19.3,36
2018-04-29,41.2,26.6,34.0,25,22.9,955.6,20.93,38
2018-04-30,42.1,26.4,33.8,25,25.3,953.7,18.26,31
2018-05-01,41.4,26.4,34.0,24,19.0,955.4,22.76,21
2018-05-02,40.5,25.4,31.7,43,27.8,956.4,21.47,22
2018-05-03,39.1,24.2,31.7,43,24.2,957.6,19.95,25
2018-05-04,41.2,26.0,32.8,37,18.0,957.5,21.93,10
2018-05-05,40.4,26.8,33.5,35,19.6,957.9,20.93,14
2018-05-06,40.2,27.0,33.7,26,23.4,958.2,21.13,14
2018-05-07,39.4,25.8,32.8,25,18.3,957.6,24.21,1
2018-05-08,35.9,26.1,29.9,30,25.3,957.3,17.81,31
2018-05-09,38.1,23.4,31.2,28,22.2,958.8,20.9,21
2018-05-10,40.0,24.1,32.3,28,16.1,960.0,20.96,15
2018-05-11,42.5,26.7,35.0,21,16.9,957.8,22.51,16
2018-05-12,42.4,29.8,35.7,17,20.3,957.0,21.73,17
2018-05-13,41.3,27.6,34.4,20,22.0,956.3,20.92,22
2018-05-14,41.5,25.2,33.2,31,20.7,957.0,22.41,12
2018-05-15,41.9,26.6,34.2,30,25.2,956.2,21.82,21
2018-05-16,41.2,26.6,33.7,32,17.8,955.6,21.6,11
2018-05-17,41.0,27.0,34.4,24,20.7,955.7,21.04,15
2018-05-18,40.6,27.7,34.1,23,16.7,954.9,19.68,16
2018-05-19,40.2,27.0,33.3,32,25.1,955.2,21.34,13
2018-05-20,39.8,27.5,34.0,29,14.2,956.5,20.11,17
2018-05-21,41.3,29.7,35.6,19,16.2,956.6,21.65,28
2018-05-22,43.1,28.3,36.2,16,13.3,955.9,23.04,7
2018-05-23,43.1,29.7,36.7,17,15.3,954.4,22.49,9
2018-05-24,42.3,30.6,36.2,17,22.9,954.2,23.94,17
2018-05-25,42.5,28.6,35.7,17,16.8,954.8,22.91,17
2018-05-26,43.4,30.2,36.5,11,20.0,954.1,24.23,2
2018-05-27,43.4,29.9,36.7,8,20.4,953.8,24.85,0
2018-05-28,43.4,29.2,36.6,10,16.4,951.7,24.41,0
2018-05-29,44.1,29.1,36.9,14,25.8,950.5,22.85,15
2018-05-30,39.5,30.9,34.7,28,15.7,952.2,18.24,28
2018-05-31,41.5,27.8,35.1,29,14.2,953.8,21.39,9
2018-06-01,44.0,29.8,37.1,21,18.4,954.3,22.76,8
2018-06-02,42.8,28.2,35.6,28,23.0,954.8,22.2,7
2018-06-03,42.6,29.3,36.3,22,28.8,952.8,22.3,12
2018-06-04,43.3,28.3,36.5,23,18.2,952.2,23.85,4
2018-06-05,42.8,31.3,37.2,31,15.4,953.9,21.36,15
2018-06-06,41.8,31.8,35.6,41,29.5,955.2,21.07,33
2018-06-07,42.0,31.0,35.5,42,28.4,952.0,19.48,37
2018-06-08,40.4,29.5,34.9,43,36.7,949.2,19.04,36
2018-06-09,37.8,29.8,33.8,50,17.4,948.4,16.83,54
2018-06-10,36.9,27.7,32.0,60,20.5,949.5,19.16,27
2018-06-11,39.5,29.0,34.5,41,20.5,948.5,19.71,21
2018-06-12,41.3,31.1,36.0,38,29.1,947.0,23.34,5
2018-06-13,40.1,31.3,35.3,36,29.0,947.8,23.35,3
2018-06-14,38.5,29.2,33.8,39,25.9,949.4,23.32,2
2018-06-15,38.0,29.3,33.5,39,26.8,950.9,23.48,1
2018-06-16,38.6,30.0,33.9,39,24.1,952.6,23.28,4
2018-06-17,38.5,31.1,34.4,36,24.9,952.6,21.8,11
2018-06-18,38.4,30.3,33.9,40,20.9,952.6,19.82,25
2018-06-19,39.2,28.1,33.4,42,19.1,953.1,20.51,15
2018-06-20,41.4,28.6,35.2,37,13.5,953.5,21.36,19
2018-06-21,42.2,31.2,36.1,30,19.0,953.1,19.99,35
2018-06-22,42.4,30.1,36.7,30,18.5,952.2,20.27,21
2018-06-23,41.5,31.8,36.4,33,22.7,952.0,18.72,40
2018-06-24,38.7,31.2,34.6,40,16.8,951.8,13.38,59
2018-06-25,37.8,30.1,33.1,49,28.5,950.2,13.65,69
2018-06-26,35.2,27.6,30.5,61,15.8,949.6,11.8,94
2018-06-27,31.5,25.1,27.7,80,14.8,950.3,13.09,88
2018-06-28,31.4,24.6,27.0,85,18.4,950.9,14.21,99
2018-06-29,30.7,24.5,26.9,85,17.3,950.9,16.18,80
2018-06-30,32.2,24.3,28.5,78,14.4,952.9,17.48,76
2018-07-01,33.2,27.4,30.2,65,22.0,953.1,19.24,88
2018-07-02,33.2,27.7,30.5,61,23.3,951.2,19.08,97
2018-07-03,34.7,27.3,30.7,62,20.2,950.4,19.51,83
2018-07-04,33.2,27.4,29.5,69,22.3,950.8,15.43,63
2018-07-05,35.1,27.6,30.7,60,21.7,952.2,20.07,36
2018-07-06,35.9,27.3,31.5,54,16.2,952.2,21.01,40
2018-07-07,36.7,28.9,32.5,50,17.7,951.5,20.99,24
2018-07-08,38.6,29.2,33.8,44,22.2,950.4,21.77,27
2018-07-09,39.1,31.5,34.8,41,20.8,950.0,21.07,74
2018-07-10,39.6,30.3,34.2,50,15.0,950.3,20.22,72
2018-07-11,37.8,27.4,31.3,66,20.4,949.9,18.39,98
2018-07-12,33.5,26.3,28.9,80,15.7,949.6,15.38,99
2018-07-13,32.3,25.6,28.3,82,11.0,950.1,14.19,97
2018-07-14,31.6,25.2,27.8,85,11.4,949.7,12.83,99
2018-07-15,31.3,25.5,28.0,86,11.7,949.1,15.3,94
2018-07-16,32.6,25.8,28.7,85,13.6,949.5,16.29,98
2018-07-17,32.7,25.3,29.1,81,18.3,950.0,18.01,99
2018-07-18,32.1,26.1,28.9,82,12.0,950.8,16.79,93
2018-07-19,30.1,25.7,27.5,89,10.9,950.9,10.55,100
2018-07-20,32.0,25.3,27.7,87,10.2,950.2,13.36,100
2018-07-21,30.6,24.8,27.0,90,13.3,950.9,10.32,100
2018-07-22,28.8,24.7,26.1,90,12.8,950.8,7.61,100
2018-07-23,30.6,24.7,26.9,87,12.6,950.5,14.2,99
2018-07-24,31.2,25.1,27.2,87,10.4,951.5,13.9,100
2018-07-25,29.6,25.1,26.8,89,17.8,951.5,9.12,100
2018-07-26,28.6,25.5,26.5,80,21.7,951.5,8.33,100
2018-07-27,31.2,25.2,27.5,77,23.0,950.9,14.65,96
2018-07-28,31.4,24.6,27.7,76,18.1,951.9,17.47,86
2018-07-29,32.5,25.5,28.6,73,20.3,952.2,21.19,62
2018-07-30,32.0,25.4,28.5,72,18.0,952.1,20.2,62
2018-07-31,32.4,26.0,28.5,73,22.6,951.5,20.06,71
2018-08-01,32.6,25.7,28.6,69,23.8,951.9,24.23,55
2018-08-02,31.8,25.7,28.5,66,22.3,953.5,22.1,82
2018-08-03,31.8,26.0,28.7,65,25.0,954.1,22.31,90
2018-08-04,31.4,25.9,28.2,66,22.8,953.5,16.97,93
2018-08-05,31.7,26.1,28.1,66,24.3,953.1,15.59,98
2018-08-06,28.5,25.1,26.4,78,12.7,952.4,7.57,98
2018-08-07,30.0,24.5,26.7,82,10.0,951.9,12.35,96
2018-08-08,29.5,25.0,26.8,88,8.0,952.4,12.26,97
2018-08-09,32.0,24.6,28.1,83,12.7,954.7,18.0,77
2018-08-10,31.8,24.8,27.9,84,17.5,954.9,18.39,81
2018-08-11,31.7,25.8,28.8,71,23.2,952.5,19.94,96
2018-08-12,31.4,26.1,28.3,68,20.3,949.9,17.03,98
2018-08-13,31.4,24.8,27.9,74,11.2,950.3,16.55,96
2018-08-14,32.5,25.5,28.3,80,10.5,951.7,17.78,84
2018-08-15,33.4,26.4,28.5,78,15.3,953.0,16.03,83
2018-08-16,30.7,25.8,27.8,84,15.5,953.8,13.03,99
2018-08-17,32.9,25.9,28.9,81,17.3,951.4,19.34,95
2018-08-18,31.6,25.2,28.0,85,13.9,951.7,15.77,81
2018-08-19,30.9,25.6,27.6,86,17.5,952.2,15.86,92
2018-08-20,32.0,24.1,27.4,87,12.3,953.4,15.35,100
2018-08-21,31.7,25.0,28.1,83,11.3,952.5,17.16,89
2018-08-22,30.1,24.8,27.3,88,14.3,952.6,13.55,98
2018-08-23,28.5,24.7,26.1,87,20.7,953.9,10.23,100
2018-08-24,29.6,24.2,26.8,82,22.0,953.7,13.91,97
2018-08-25,30.4,24.4,27.0,76,24.6,953.1,16.05,99
2018-08-26,30.8,24.2,27.2,75,22.0,952.3,17.89,66
2018-08-27,30.9,24.1,27.2,78,15.0,953.4,15.18,98
2018-08-28,30.9,25.4,27.3,83,13.7,953.7,13.71,99
2018-08-29,30.2,24.2,26.8,90,11.9,955.0,14.46,100
2018-08-30,31.6,24.7,27.9,80,19.3,953.9,15.68,95
2018-08-31,32.2,25.4,28.0,75,22.5,954.4,17.43,96
2018-09-01,31.0,24.8,26.4,81,22.0,955.5,9.11,99
2018-09-02,27.6,23.7,25.4,89,15.7,955.3,7.92,97
2018-09-03,29.1,23.6,25.6,88,20.4,955.5,9.41,99
2018-09-04,30.5,24.2,26.5,82,18.3,956.3,16.39,99
2018-09-05,29.7,24.2,26.7,78,19.1,955.7,14.45,92
2018-09-06,29.5,23.8,25.7,82,17.7,955.3,12.34,91
2018-09-07,31.1,23.6,26.6,82,11.3,956.2,18.69,90
2018-09-08,29.1,23.9,25.4,91,23.2,955.0,7.64,97
2018-09-09,28.4,23.2,24.9,89,19.0,956.1,9.18,85
2018-09-10,28.6,23.5,25.4,87,16.2,959.7,11.07,76
2018-09-11,30.0,23.1,25.5,87,19.0,959.9,13.78,83
2018-09-12,31.3,23.8,26.8,79,24.1,957.9,21.66,49
2018-09-13,30.0,23.1,26.1,75,22.7,957.3,18.83,26
2018-09-14,30.1,22.0,25.7,75,16.0,959.1,20.47,11
2018-09-15,30.2,22.2,26.0,71,13.1,960.6,20.36,11
2018-09-16,31.6,22.8,26.6,65,14.7,959.6,20.73,10
2018-09-17,31.6,23.2,26.6,65,16.7,958.3,18.58,20
2018-09-18,32.9,23.2,27.4,57,13.8,958.4,21.42,15
2018-09-19,33.4,23.3,27.9,51,19.7,958.3,20.69,19
2018-09-20,34.1,22.7,27.8,52,18.1,957.8,21.16,10
2018-09-21,30.6,22.9,26.5,75,18.7,958.8,18.87,49
2018-09-22,28.6,22.6,24.7,88,23.0,958.1,10.0,98
2018-09-23,26.5,22.8,24.0,91,22.7,957.7,6.9,99
2018-09-24,27.7,23.1,24.8,88,20.8,958.4,7.96,83
2018-09-25,31.9,21.2,25.8,78,16.6,960.0,20.71,5
2018-09-26,32.3,21.5,26.5,69,14.7,959.7,21.06,7
2018-09-27,32.6,22.3,26.6,59,14.5,960.3,19.99,10
2018-09-28,32.2,20.6,26.0,59,9.7,961.2,19.25,11
2018-09-29,33.0,21.0,26.4,51,10.2,962.0,19.61,7
2018-09-30,33.3,21.3,27.0,53,13.6,961.5,19.7,5
2018-10-01,34.1,21.8,27.0,50,11.6,961.3,19.14,10
2018-10-02,33.6,22.4,27.6,52,10.1,962.1,18.67,15
2018-10-03,33.2,22.3,26.8,56,11.6,961.3,17.67,15
2018-10-04,33.7,21.4,26.3,59,10.4,962.2,18.21,14
2018-10-05,33.7,20.5,26.9,53,14.0,963.4,18.81,8
2018-10-06,33.7,21.4,27.0,47,12.5,963.0,18.5,9
2018-10-07,33.0,20.0,25.9,57,11.7,962.3,18.33,10
2018-10-08,33.3,20.2,26.1,62,11.1,961.0,19.06,37
2018-10-09,35.6,20.6,27.7,38,16.6,960.1,17.85,45
2018-10-10,34.7,21.6,28.0,33,15.1,960.4,16.67,50
2018-10-11,33.8,21.9,27.1,38,12.1,961.4,19.63,0
2018-10-12,32.1,20.9,25.7,58,11.9,963.4,18.69,4
2018-10-13,31.9,20.1,25.7,48,14.3,964.1,19.02,1
2018-10-14,32.6,19.0,25.3,46,14.3,963.7,19.16,19
2018-10-15,33.7,18.9,26.0,45,11.2,963.5,18.91,43
2018-10-16,33.8,19.8,26.9,35,13.0,963.5,16.32,73
2018-10-17,34.3,22.4,27.5,30,17.2,962.4,17.7,16
2018-10-18,34.3,21.2,26.9,28,21.6,961.7,18.24,3
2018-10-19,32.7,19.6,26.3,37,12.5,963.1,16.71,11
2018-10-20,32.9,20.0,25.8,43,13.6,964.7,16.89,11
2018-10-21,31.7,20.7,25.4,42,13.9,965.6,16.16,13
2018-10-22,31.3,18.1,24.5,31,15.2,965.2,18.33,0
2018-10-23,31.5,17.4,23.8,36,12.9,964.5,17.8,7
2018-10-24,30.7,17.8,23.7,43,17.0,964.2,15.08,20
2018-10-25,31.6,17.9,24.4,45,12.4,965.3,16.28,20
2018-10-26,31.5,18.0,24.6,46,23.7,967.3,15.94,11
2018-10-27,30.8,18.7,23.7,52,12.9,967.6,15.01,15
2018-10-28,30.8,18.1,23.8,46,13.0,967.4,16.92,1
2018-10-29,30.7,18.1,23.7,48,9.8,966.6,17.05,0
2018-10-30,30.0,17.7,23.3,50,8.1,966.4,17.01,0
2018-10-31,30.4,18.0,23.7,53,10.1,966.9,16.74,0
2018-11-01,30.7,18.0,23.9,54,10.9,965.9,16.48,3
2018-11-02,31.6,17.9,24.4,49,12.1,964.4,16.28,0
2018-11-03,31.4,18.1,24.9,44,14.3,963.3,14.94,23
2018-11-04,29.9,18.3,23.7,35,19.0,964.5,16.37,5
2018-11-05,27.7,13.9,20.5,35,10.9,965.3,16.98,5
2018-11-06,27.6,15.0,20.5,41,10.6,966.1,16.59,0
2018-11-07,28.0,13.4,20.1,29,10.2,966.0,16.67,0
2018-11-08,27.1,13.5,19.7,43,10.1,965.7,16.3,0
2018-11-09,28.3,14.1,20.6,47,9.1,964.3,15.96,0
2018-11-10,28.6,13.9,20.9,49,9.8,965.0,15.7,0
2018-11-11,29.2,15.0,21.8,49,10.4,965.7,15.49,0
2018-11-12,30.3,15.8,22.7,46,11.3,964.1,15.22,0
2018-11-13,30.7,17.8,24.0,42,11.6,961.3,12.94,16
2018-11-14,28.0,18.7,22.6,56,12.9,962.0,12.23,22
2018-11-15,29.6,16.7,22.4,50,13.8,965.5,13.58,14
2018-11-16,27.6,14.6,20.5,53,13.2,965.5,15.11,0
2018-11-17,27.9,14.0,20.6,46,9.0,963.5,14.87,4
2018-11-18,28.2,15.8,21.4,50,12.3,963.8,14.55,24
2018-11-19,29.2,16.2,21.7,55,9.8,965.6,13.93,30
2018-11-20,30.6,17.5,23.1,47,13.2,966.8,14.47,1
2018-11-21,28.5,16.0,21.9,51,10.8,967.4,14.31,16
2018-11-22,27.7,15.4,20.9,58,10.1,967.3,11.81,39
2018-11-23,29.2,15.9,21.7,52,13.5,969.5,14.25,0
2018-11-24,27.5,15.7,20.7,45,16.1,968.7,14.43,0
2018-11-25,28.1,13.7,20.6,47,10.1,967.3,14.45,15
2018-11-26,29.4,13.5,20.3,54,9.4,966.2,14.38,34
2018-11-27,25.8,14.4,19.7,60,11.6,967.4,13.72,78
2018-11-28,25.3,14.7,19.1,68,11.5,968.1,12.98,43
2018-11-29,26.2,12.7,18.8,69,8.2,969.1,13.92,13
2018-11-30,26.7,12.8,19.1,58,10.2,968.9,13.85,34
2018-12-01,26.0,12.4,18.7,56,10.1,966.2,13.99,0
2018-12-02,24.8,11.6,17.6,58,10.1,964.7,13.83,0
2018-12-03,24.1,12.2,18.1,54,9.5,965.8,13.85,4
2018-12-04,23.9,11.0,17.1,57,10.8,967.2,13.77,38
2018-12-05,23.7,10.3,16.6,55,10.2,965.0,13.77,1
2018-12-06,23.7,10.4,16.8,56,10.1,964.0,13.19,17
2018-12-07,23.5,10.8,16.8,57,9.8,965.1,13.62,0
2018-12-08,23.3,10.6,16.7,55,9.8,965.8,13.54,0
2018-12-09,23.5,11.0,16.6,56,9.6,964.8,13.51,0
2018-12-10,23.2,10.0,16.0,56,10.7,963.9,13.32,0
2018-12-11,21.0,9.7,15.5,67,11.5,964.8,8.55,39
2018-12-12,20.8,12.1,15.9,69,13.2,965.9,11.37,21
2018-12-13,20.5,10.5,14.7,67,11.4,969.2,12.6,11
2018-12-14,20.2,9.0,14.0,56,12.7,971.6,13.72,0
2018-12-15,20.5,8.4,13.8,53,12.3,971.4,13.75,0
2018-12-16,22.0,8.6,14.6,49,13.9,971.3,13.8,18
2018-12-17,21.7,10.4,14.9,47,12.3,969.9,11.44,66
2018-12-18,22.6,8.7,14.4,44,11.2,968.5,13.85,0
2018-12-19,23.2,6.7,14.3,46,10.7,967.5,14.06,0
2018-12-20,22.7,6.6,14.3,56,10.2,967.4,13.89,0
2018-12-21,22.3,6.1,13.7,56,9.3,966.3,13.86,0
2018-12-22,21.7,8.9,14.1,62,10.8,966.3,13.74,0
2018-12-23,22.2,7.9,14.1,66,9.2,966.7,13.53,10
2018-12-24,22.3,8.6,14.6,63,12.4,966.3,13.38,37
2018-12-25,22.2,9.9,14.7,51,11.3,966.0,13.6,3
2018-12-26,21.1,7.2,13.6,48,9.9,964.6,13.56,12
2018-12-27,21.2,6.8,13.8,44,17.3,966.2,13.89,0
2018-12-28,20.8,6.5,13.0,40,13.2,966.6,14.27,0
2018-12-29,20.8,4.2,12.6,38,10.7,968.3,14.22,0
2018-12-30,20.4,5.9,13.5,43,9.4,970.2,13.83,0
2018-12-31,22.0,7.2,14.1,51,9.4,970.3,13.97,0
2019-01-01,22.9,6.8,14.2,53,10.5,969.0,13.86,0
2019-01-02,24.2,8.8,16.0,51,11.2,969.0,13.83,0
2019-01-03,23.7,8.6,15.5,52,10.5,970.5,14.01,0
2019-01-04,20.9,8.8,14.6,60,10.1,969.0,11.43,68
2019-01-05,22.6,9.6,15.3,65,13.0,966.5,13.58,8
2019-01-06,20.5,11.1,14.9,63,14.2,966.3,12.88,18
2019-01-07,20.4,8.8,13.9,61,11.5,968.8,14.13,0
2019-01-08,20.3,7.9,13.5,62,12.6,967.6,14.06,0
2019-01-09,21.8,8.9,14.1,57,13.0,967.0,14.23,0
2019-01-10,21.2,7.5,13.7,59,10.9,966.2,14.35,7
2019-01-11,21.2,7.8,13.9,59,10.9,967.0,13.84,3
2019-01-12,21.2,8.1,14.0,62,9.2,966.4,14.02,1
2019-01-13,21.5,8.9,14.6,61,12.0,968.3,13.71,3
2019-01-14,21.2,9.3,14.5,45,16.8,969.4,14.89,1
2019-01-15,22.1,7.6,13.7,34,13.0,968.0,14.5,31
2019-01-16,21.6,7.0,13.7,51,10.4,966.7,14.82,31
2019-01-17,23.9,8.3,15.0,59,9.4,966.1,14.94,0
2019-01-18,23.4,8.5,15.4,57,10.3,966.7,14.82,0
2019-01-19,24.4,10.4,16.8,58,10.5,966.8,13.9,45
2019-01-20,26.3,10.6,18.1,58,10.9,965.9,14.75,47
2019-01-21,23.7,12.8,17.1,64,15.9,962.1,10.12,74
2019-01-22,20.5,11.0,15.4,70,11.2,962.9,13.68,46
2019-01-23,20.8,9.8,14.7,67,15.8,966.0,12.8,29
2019-01-24,19.4,10.8,13.8,80,16.5,968.3,12.69,23
2019-01-25,18.5,9.1,12.9,65,13.0,968.4,14.32,14
2019-01-26,18.2,6.9,11.7,48,12.6,971.0,16.33,0
2019-01-27,18.3,6.3,11.6,49,13.7,971.6,16.02,1
2019-01-28,18.6,5.6,11.7,47,14.1,971.5,16.28,0
2019-01-29,20.0,6.7,12.4,43,13.1,970.0,16.54,0
2019-01-30,20.2,6.4,13.0,48,9.4,968.2,15.87,41
2019-01-31,21.4,8.9,14.5,58,15.4,966.0,12.89,46
2019-02-01,22.0,10.8,15.3,57,16.1,967.3,15.52,18
2019-02-02,20.7,8.2,13.6,61,13.0,967.8,16.82,0
2019-02-03,21.2,7.7,13.6,64,9.8,968.7,17.05,0
2019-02-04,23.4,7.8,15.3,68,11.0,969.3,16.55,6
2019-02-05,25.2,12.6,18.2,71,8.8,966.7,11.73,57
2019-02-06,26.0,13.2,19.2,63,11.0,961.9,16.8,22
2019-02-07,22.6,11.8,16.4,48,28.2,959.9,15.9,13
2019-02-08,19.0,7.3,13.0,39,17.2,965.9,17.76,1
2019-02-09,20.2,8.3,13.6,43,12.8,968.6,18.04,0
2019-02-10,19.7,7.9,13.8,46,10.2,969.3,14.1,52
2019-02-11,21.5,8.0,14.5,54,10.7,969.7,15.52,78
2019-02-12,23.6,9.6,16.4,59,9.2,969.7,16.48,41
2019-02-13,26.6,12.3,19.0,58,15.1,968.8,16.01,69
2019-02-14,26.7,14.8,19.8,65,15.7,964.3,15.6,41
2019-02-15,24.2,13.0,18.0,55,17.2,965.3,18.46,17
2019-02-16,22.6,10.8,16.0,50,13.7,967.1,18.93,0
2019-02-17,23.5,10.2,16.7,50,13.3,964.4,18.22,42
2019-02-18,27.7,11.9,19.5,43,25.8,960.0,17.76,33
2019-02-19,26.6,14.3,20.5,45,12.5,962.6,18.39,45
2019-02-20,24.6,16.6,19.6,67,16.2,966.4,8.35,74
2019-02-21,30.1,15.6,22.1,63,21.6,966.1,17.45,56
2019-02-22,25.6,15.6,20.1,51,16.1,967.1,19.16,23
2019-02-23,24.6,11.8,17.6,38,14.5,965.7,17.52,65
2019-02-24,25.3,12.6,18.4,41,13.7,961.9,18.23,33
2019-02-25,25.8,11.6,18.0,47,21.3,960.4,18.81,7
2019-02-26,20.1,11.0,15.2,64,14.0,960.1,10.23,69
2019-02-27,21.0,9.2,14.7,61,17.4,960.5,17.87,18
2019-02-28,22.0,8.4,15.2,49,11.9,964.9,20.4,16
2019-03-01,23.1,10.1,16.6,44,11.5,965.4,20.21,23
2019-03-02,22.1,13.9,17.1,54,21.6,964.3,11.17,88
2019-03-03,23.7,12.1,17.1,67,21.5,961.4,17.45,33
2019-03-04,24.2,13.3,18.4,68,15.6,959.7,16.02,26
2019-03-05,24.3,12.4,18.2,52,13.6,961.2,21.11,0
2019-03-06,25.2,11.4,18.2,38,13.0,962.2,20.38,3
2019-03-07,26.8,12.1,19.1,41,14.7,962.1,19.32,11
2019-03-08,27.4,14.2,20.7,41,17.4,963.2,18.37,25
2019-03-09,27.3,15.5,21.3,43,15.3,963.8,18.2,30
2019-03-10,26.7,14.9,20.9,41,11.7,964.1,21.47,6
2019-03-11,28.6,16.4,21.8,39,22.8,963.4,20.88,3
2019-03-12,27.0,15.7,20.7,41,14.2,965.7,16.34,71
2019-03-13,25.7,16.0,19.9,48,17.9,965.5,13.38,66
2019-03-14,25.8,15.0,19.1,58,20.2,966.0,17.09,24
2019-03-15,26.8,13.0,19.7,47,16.8,968.0,21.71,26
2019-03-16,26.6,14.0,19.9,39,17.7,967.0,21.5,49
2019-03-17,28.0,15.1,21.8,34,18.7,965.2,21.38,11
2019-03-18,29.0,15.2,22.1,34,11.6,964.9,22.28,14
2019-03-19,30.8,16.4,23.4,36,13.8,961.6,22.37,1
2019-03-20,32.0,16.7,24.4,30,20.8,959.8,22.3,4
2019-03-21,32.3,18.8,25.3,32,15.0,962.6,21.94,27
2019-03-22,30.8,19.2,24.4,29,15.3,965.7,22.78,1
2019-03-23,31.7,17.8,24.5,27,15.8,965.2,22.29,15
2019-03-24,33.5,18.0,25.8,33,23.1,963.2,21.19,24
2019-03-25,31.6,20.1,25.4,40,25.4,963.3,19.11,36
2019-03-26,32.2,17.3,24.5,35,11.3,965.2,23.55,0
2019-03-27,33.4,17.1,25.3,31,8.9,965.7,22.96,20
2019-03-28,37.1,20.6,28.6,30,14.4,963.8,22.44,24
2019-03-29,39.2,21.3,30.5,25,14.0,960.8,23.28,18
2019-03-30,37.1,22.7,29.9,33,19.3,959.9,20.94,28
2019-03-31,36.9,22.6,29.2,27,19.0,960.6,21.48,43
2019-04-01,36.1,19.7,28.1,17,16.5,961.5,23.95,8
2019-04-02,36.3,20.2,27.9,21,13.0,961.5,23.84,3
2019-04-03,37.9,21.0,29.1,26,13.0,960.6,23.77,2
2019-04-04,38.1,22.7,30.4,26,13.4,961.1,22.34,51
2019-04-05,40.2,22.4,31.3,25,22.5,960.6,21.8,41
2019-04-06,38.9,24.8,32.3,20,20.9,959.8,21.21,18
2019-04-07,39.2,25.1,32.1,22,23.2,957.9,22.93,28
2019-04-08,37.8,22.1,30.0,33,15.2,958.3,22.08,21
2019-04-09,38.6,23.0,30.7,31,15.0,958.3,21.69,28
2019-04-10,38.4,24.3,31.2,29,16.2,960.2,22.05,53
2019-04-11,39.8,23.4,32.1,24,18.0,959.9,20.89,38
2019-04-12,38.5,24.4,31.7,25,19.8,960.1,22.77,21
2019-04-13,38.8,24.7,32.0,25,16.8,960.7,22.61,37
2019-04-14,38.5,24.1,31.8,27,14.8,961.0,22.73,14
2019-04-15,38.5,25.4,32.3,25,21.4,960.0,21.75,76
2019-04-16,31.5,18.5,25.9,53,22.0,961.1,16.3,93
2019-04-17,27.6,18.0,21.8,69,21.1,961.6,17.37,60
2019-04-18,29.7,17.8,23.8,56,17.3,962.8,20.98,15
2019-04-19,31.3,19.0,25.2,44,15.6,961.4,21.97,17
2019-04-20,33.1,19.7,26.8,41,10.5,959.2,23.94,13
2019-04-21,37.0,21.6,29.2,31,14.5,957.8,21.69,18
2019-04-22,38.7,24.1,31.8,22,16.3,958.1,21.89,12
2019-04-23,40.9,25.0,33.2,20,16.9,959.0,23.14,16
2019-04-24,41.8,27.9,34.8,17,19.6,960.0,23.09,15
2019-04-25,41.2,28.4,35.0,16,25.5,960.1,24.3,9
2019-04-26,40.4,27.2,33.9,25,17.0,959.6,20.87,14
2019-04-27,41.1,27.8,34.4,19,15.0,959.4,23.78,3
2019-04-28,41.2,26.4,34.1,17,17.5,958.3,24.39,0
2019-04-29,40.7,27.2,34.0,16,14.2,956.9,24.43,0
2019-04-30,41.1,25.7,34.1,16,19.6,954.5,24.08,1
2019-05-01,40.2,26.9,33.7,17,15.4,953.8,23.53,5
2019-05-02,40.0,25.2,33.3,19,25.3,954.5,21.58,22
2019-05-03,37.5,26.3,31.7,28,17.3,957.2,19.54,26
2019-05-04,38.1,25.3,31.5,24,13.2,959.2,20.31,30
2019-05-05,39.1,23.2,31.9,14,16.1,960.1,24.67,0
2019-05-06,40.7,25.3,33.2,12,25.3,958.3,24.68,0
2019-05-07,41.0,28.3,34.6,14,28.1,957.1,24.33,0
2019-05-08,40.4,29.4,34.6,18,28.9,957.6,22.33,4
2019-05-09,39.9,29.3,34.2,19,27.8,957.2,23.18,61
2019-05-10,38.5,27.8,33.0,22,21.0,957.3,23.85,26
2019-05-11,38.7,27.6,33.0,24,15.0,958.7,20.11,30
2019-05-12,38.4,26.6,32.6,25,14.5,958.3,21.1,69
2019-05-13,39.2,27.8,33.1,24,19.8,956.8,20.39,49
2019-05-14,38.2,24.4,31.8,29,16.3,957.2,21.99,31
2019-05-15,38.9,25.7,32.0,31,21.4,957.7,21.79,15
2019-05-16,37.4,26.6,32.1,27,16.2,958.9,21.1,21
2019-05-17,36.1,25.4,30.2,38,28.0,959.2,19.78,18
2019-05-18,35.0,22.9,28.9,46,21.1,959.3,21.62,13
2019-05-19,37.5,23.7,31.0,33,13.9,959.6,22.85,15
2019-05-20,38.2,25.5,31.8,29,23.0,960.4,19.86,26
2019-05-21,36.9,27.3,32.3,32,19.0,959.3,16.37,66
2019-05-22,39.3,27.1,33.3,32,17.6,957.4,21.33,36
2019-05-23,39.6,28.6,34.4,30,18.7,956.2,18.14,61
2019-05-24,39.0,26.8,32.9,38,19.5,957.0,21.37,13
2019-05-25,38.2,25.7,32.4,34,16.1,957.5,22.71,4
2019-05-26,40.6,25.5,33.3,28,17.5,956.1,22.55,10
2019-05-27,40.7,26.7,34.4,21,18.4,956.1,21.47,14
2019-05-28,41.7,28.7,35.1,17,13.0,955.9,22.72,6
2019-05-29,42.8,27.2,35.7,17,15.8,954.7,22.06,9
2019-05-30,43.1,30.0,36.7,19,24.4,954.1,20.79,15
2019-05-31,41.7,31.2,36.4,21,20.9,954.4,19.68,21
2019-06-01,43.1,31.4,37.3,21,21.3,954.2,19.82,21
2019-06-02,44.3,32.7,38.1,19,24.7,953.6,23.18,5
2019-06-03,45.0,31.0,38.1,17,23.9,953.3,23.86,6
2019-06-04,44.0,29.4,37.5,24,24.0,953.8,21.38,10
2019-06-05,42.8,31.7,37.3,24,27.4,954.3,20.42,10
2019-06-06,43.8,31.2,37.4,20,20.8,954.5,22.02,7
2019-06-07,42.4,28.7,35.9,24,19.0,956.0,20.88,12
2019-06-08,43.2,30.0,36.7,24,13.5,955.4,21.09,14
2019-06-09,44.9,31.1,37.8,16,12.8,953.1,23.06,12
2019-06-10,45.2,31.5,38.6,14,21.6,951.2,22.47,10
2019-06-11,43.5,32.7,37.7,22,22.4,951.3,21.1,17
2019-06-12,41.7,31.0,36.3,27,16.3,952.2,19.79,42
2019-06-13,34.2,28.1,31.1,51,15.1,953.9,7.31,96
2019-06-14,39.6,29.6,34.6,36,19.1,953.4,20.1,50
2019-06-15,38.2,29.3,33.9,41,21.5,953.6,13.31,56
2019-06-16,33.9,26.6,30.4,58,23.1,954.7,14.15,61
2019-06-17,36.5,29.0,31.6,51,26.3,954.2,17.95,28
2019-06-18,30.7,25.4,28.2,67,16.1,954.1,11.5,65
2019-06-19,32.0,23.7,27.2,72,11.8,953.3,19.95,32
2019-06-20,35.2,23.9,29.3,67,15.0,954.4,18.52,25
2019-06-21,36.5,27.8,31.3,59,15.7,954.7,18.98,32
2019-06-22,38.8,27.9,33.2,43,11.1,954.1,20.7,16
2019-06-23,38.6,27.3,33.1,49,16.9,953.4,21.16,15
2019-06-24,36.6,28.3,31.3,59,16.4,954.9,19.73,27
2019-06-25,38.0,27.1,31.4,62,14.1,955.0,17.3,52
2019-06-26,40.0,29.4,34.6,43,16.3,953.2,18.56,57
2019-06-27,41.0,30.5,35.4,36,21.7,951.4,19.7,44
2019-06-28,40.8,30.2,35.2,41,21.0,950.9,21.17,28
2019-06-29,38.9,30.5,34.2,44,20.4,950.8,18.03,35
2019-06-30,41.8,28.0,34.5,46,24.8,950.9,19.66,63
2019-07-01,40.7,28.0,33.5,50,17.7,951.4,20.45,34
2019-07-02,39.9,29.7,35.1,41,17.3,951.5,19.77,46
2019-07-03,35.6,28.6,32.2,59,16.4,951.5,15.01,99
2019-07-04,37.6,27.1,30.8,69,17.7,950.9,16.97,90
2019-07-05,31.2,25.4,28.6,79,13.2,949.1,14.06,91
2019-07-06,33.6,25.8,28.4,82,12.7,948.2,17.19,97
2019-07-07,33.7,25.7,29.2,80,15.6,949.1,18.93,82
2019-07-08,35.0,25.8,30.0,73,23.4,949.9,21.14,73
2019-07-09,34.6,26.9,30.1,69,18.9,949.3,18.57,92
2019-07-10,35.0,28.1,31.4,57,22.8,949.2,23.83,81
2019-07-11,35.3,28.7,31.6,54,25.5,950.3,23.86,90
2019-07-12,35.5,27.3,31.1,54,26.8,952.7,24.2,52
2019-07-13,35.7,26.9,31.3,54,25.9,953.3,24.48,34
2019-07-14,35.7,27.9,31.3,51,26.8,951.8,21.17,35
2019-07-15,36.2,28.3,31.5,52,26.4,950.6,22.28,25
2019-07-16,34.0,28.7,30.7,56,22.6,953.0,17.83,51
2019-07-17,35.6,27.9,31.1,56,19.8,954.0,17.25,54
2019-07-18,35.0,25.9,29.3,68,15.9,954.0,19.08,47
2019-07-19,33.3,25.0,29.2,73,10.2,954.2,16.97,52
2019-07-20,34.4,26.9,30.5,70,8.1,954.5,19.81,44
2019-07-21,35.0,27.4,30.8,70,12.7,953.8,19.53,29
2019-07-22,35.3,26.7,30.6,73,11.5,953.1,21.21,52
2019-07-23,35.4,27.9,31.7,68,15.3,952.6,20.47,70
2019-07-24,36.0,27.9,31.7,65,22.0,951.7,20.6,73
2019-07-25,27.8,24.6,25.9,93,15.3,952.2,4.43,100
2019-07-26,26.7,24.6,25.4,94,20.5,950.1,2.81,100
2019-07-27,28.8,24.3,25.9,91,14.8,949.6,9.67,96
2019-07-28,30.9,24.3,26.7,88,18.7,950.6,16.39,83
2019-07-29,31.4,24.9,27.7,85,16.7,952.0,16.76,75
2019-07-30,31.9,25.3,28.5,79,18.0,952.2,18.13,75
2019-07-31,31.8,25.3,28.1,83,11.5,952.0,15.81,95
2019-08-01,31.0,25.4,27.8,86,7.9,951.8,17.64,81
2019-08-02,31.4,24.8,27.3,88,16.6,951.1,14.11,98
2019-08-03,30.4,25.5,27.3,89,7.3,950.8,12.43,99
2019-08-04,32.1,25.1,28.2,85,5.6,950.1,16.83,97
2019-08-05,32.1,25.8,28.5,85,10.0,948.8,14.35,99
2019-08-06,30.1,25.2,26.8,91,12.8,949.0,10.17,99
2019-08-07,31.0,24.7,27.2,87,15.3,948.4,15.93,89
2019-08-08,31.9,24.7,28.1,82,16.9,947.9,16.89,85
2019-08-09,30.6,25.8,27.5,81,32.8,948.1,17.24,80
2019-08-10,30.9,24.8,27.3,82,24.0,949.4,16.98,62
2019-08-11,29.7,24.8,27.1,80,14.5,952.7,17.14,41
2019-08-12,30.9,24.8,27.9,81,17.3,953.6,18.44,62
2019-08-13,31.4,25.2,27.9,80,21.3,953.9,17.25,85
2019-08-14,29.9,25.0,27.1,88,15.0,954.1,11.4,99
2019-08-15,29.0,24.4,26.3,89,21.0,952.9,11.43,99
2019-08-16,29.2,25.0,26.2,88,21.0,950.6,14.83,97
2019-08-17,26.8,23.7,25.0,93,25.0,951.3,8.28,95
2019-08-18,30.2,24.0,26.8,87,25.0,955.9,15.23,95
2019-08-19,30.3,24.2,27.1,85,14.0,957.8,16.38,53
2019-08-20,31.9,25.4,28.3,79,21.5,957.4,21.59,26
2019-08-21,32.4,25.2,28.5,77,22.0,956.0,22.5,32
2019-08-22,32.6,24.8,28.2,75,18.7,955.9,22.39,81
2019-08-23,32.1,24.8,28.3,74,18.2,955.9,20.73,61
2019-08-24,33.2,25.5,28.8,72,21.9,955.7,21.54,87
2019-08-25,29.4,25.2,27.1,85,13.8,955.4,11.7,99
2019-08-26,29.5,24.5,26.6,88,13.4,955.0,15.15,87
2019-08-27,31.3,24.1,27.3,85,12.8,954.5,17.56,85
2019-08-28,31.1,25.7,27.7,85,15.5,955.1,17.88,83
2019-08-29,31.2,24.8,27.3,88,11.9,956.3,15.1,79
2019-08-30,30.6,24.4,27.4,88,12.0,954.6,15.97,70
2019-08-31,32.1,25.5,28.3,86,7.6,952.7,18.59,62
2019-09-01,31.8,25.2,27.8,88,14.6,953.7,16.11,97
2019-09-02,31.2,25.0,27.6,89,11.3,954.6,16.95,75
2019-09-03,31.7,25.3,28.1,88,8.0,953.9,15.37,70
2019-09-04,31.6,25.4,28.0,87,8.7,953.2,15.73,88
2019-09-05,31.5,25.4,27.8,87,12.2,953.0,15.5,97
2019-09-06,31.8,25.3,28.3,85,11.7,952.3,18.71,96
2019-09-07,30.0,24.9,26.8,91,9.3,952.7,11.72,100
2019-09-08,30.4,25.0,27.1,88,11.6,954.2,12.36,99
2019-09-09,33.2,24.5,28.7,81,11.0,953.3,19.44,78
2019-09-10,34.5,25.6,29.7,74,11.5,953.0,20.87,78
2019-09-11,33.4,26.3,29.1,82,13.0,954.5,15.63,76
2019-09-12,34.2,25.9,29.3,80,14.2,955.4,19.64,97
2019-09-13,31.8,24.7,28.2,86,10.9,955.9,14.36,97
2019-09-14,31.5,25.8,28.0,85,14.6,956.3,15.47,98
2019-09-15,30.1,25.2,26.6,90,7.9,956.9,10.05,99
2019-09-16,34.2,24.7,28.8,77,14.3,955.9,20.8,79
2019-09-17,33.8,25.1,28.9,76,14.9,956.8,20.48,45
2019-09-18,32.4,25.0,28.2,80,15.0,959.7,19.05,25
2019-09-19,30.3,24.0,26.8,81,13.6,961.1,18.98,16
2019-09-20,29.6,23.0,26.1,85,12.6,960.1,17.27,39
2019-09-21,29.5,23.6,26.1,87,9.5,959.3,14.46,45
2019-09-22,29.5,23.9,25.9,88,15.8,960.5,15.8,37
2019-09-23,29.5,22.8,25.5,84,13.6,961.7,18.91,25
2019-09-24,28.8,22.4,25.2,86,17.5,961.8,16.55,42
2019-09-25,28.7,23.0,25.4,88,16.3,962.8,15.65,55
2019-09-26,28.3,23.4,25.4,87,15.3,963.2,12.25,85
2019-09-27,29.6,23.2,25.9,84,10.8,962.4,13.36,92
2019-09-28,29.6,22.9,25.9,82,9.2,960.7,15.56,60
2019-09-29,28.3,22.3,25.2,86,12.6,961.4,13.07,45
2019-09-30,29.3,22.9,25.8,82,13.2,960.8,15.62,36
2019-10-01,29.5,23.0,25.7,81,10.0,960.0,13.44,70
2019-10-02,31.4,22.8,25.8,80,19.1,961.3,17.11,28
2019-10-03,30.8,22.2,26.1,75,10.9,961.5,17.7,22
2019-10-04,31.5,21.9,25.7,72,14.7,962.3,19.03,8
2019-10-05,30.2,20.9,25.3,73,8.5,962.3,18.25,7
2019-10-06,30.4,21.3,25.9,67,7.9,963.0,17.78,13
2019-10-07,30.3,21.9,25.3,68,13.7,964.2,16.83,23
2019-10-08,30.4,21.4,25.4,66,8.9,963.5,18.12,8
2019-10-09,31.0,19.8,25.0,59,9.7,962.9,18.45,11
2019-10-10,31.8,19.1,25.4,52,12.3,962.5,19.83,4
2019-10-11,31.3,20.3,25.2,50,11.3,962.1,18.2,5
2019-10-12,31.8,19.3,26.1,49,9.9,963.2,16.32,16
2019-10-13,33.3,20.5,26.9,50,11.0,963.7,17.71,21
2019-10-14,33.6,20.6,26.8,51,14.4,964.2,18.5,26
2019-10-15,32.4,21.7,26.5,52,8.8,965.0,17.03,8
2019-10-16,32.2,20.9,26.0,56,11.2,965.1,16.92,9
2019-10-17,31.3,20.2,25.4,60,11.1,964.8,15.82,19
2019-10-18,31.7,20.2,25.4,62,10.8,964.7,16.85,13
2019-10-19,30.0,20.6,25.2,64,9.1,966.2,14.16,55
2019-10-20,31.9,20.9,25.5,55,9.6,966.1,17.24,36
2019-10-21,31.8,19.0,24.8,45,9.5,964.6,18.13,43
2019-10-22,31.4,18.5,24.5,43,9.7,962.2,17.44,40
2019-10-23,31.2,17.7,24.5,43,9.7,961.0,18.16,0
2019-10-24,31.8,16.9,24.5,46,10.0,961.6,17.9,7
2019-10-25,30.9,19.5,24.6,53,13.4,962.6,16.03,7
2019-10-26,29.3,18.0,23.2,60,11.5,964.3,17.62,0
2019-10-27,29.9,17.2,23.6,58,9.3,964.4,17.54,3
2019-10-28,30.2,18.0,23.9,58,8.2,964.9,12.61,78
2019-10-29,30.5,19.4,24.8,57,7.9,965.3,14.45,81
2019-10-30,29.8,20.9,24.9,58,11.0,964.6,9.29,67
2019-10-31,32.1,20.1,25.8,58,9.9,963.7,15.65,25
2019-11-01,32.6,21.6,26.3,48,8.6,963.5,16.36,5
2019-11-02,32.5,21.1,25.7,56,22.5,964.5,15.06,11
2019-11-03,29.2,20.3,23.8,70,10.6,966.1,12.65,34
2019-11-04,30.1,20.0,24.3,59,11.2,966.0,14.23,12
2019-11-05,29.5,17.6,23.3,51,9.5,963.6,15.83,24
2019-11-06,29.7,17.8,23.8,48,12.5,960.7,12.05,66
2019-11-07,26.3,19.6,22.3,65,14.2,961.0,12.43,46
2019-11-08,27.7,18.4,22.6,69,13.0,963.7,14.0,22
2019-11-09,28.9,19.2,23.6,56,13.7,965.0,13.95,24
2019-11-10,28.3,18.0,22.9,55,12.9,964.9,15.24,14
2019-11-11,28.6,17.3,23.2,56,13.8,963.8,13.06,44
2019-11-12,29.3,18.4,23.4,60,11.5,964.6,13.56,32
2019-11-13,29.3,19.0,23.8,63,10.5,966.4,13.01,73
2019-11-14,28.4,19.0,22.9,69,13.5,967.1,11.93,56
2019-11-15,28.2,17.3,22.4,61,14.0,966.5,14.49,17
2019-11-16,28.9,18.3,23.1,57,14.8,966.6,14.71,10
2019-11-17,28.8,17.6,22.5,59,14.8,967.2,14.82,25
2019-11-18,26.9,16.3,21.0,59,14.0,966.2,14.7,74
2019-11-19,27.2,14.6,20.1,53,9.8,965.0,14.94,70
2019-11-20,26.9,14.7,20.4,58,10.3,965.0,14.57,27
2019-11-21,27.1,14.9,20.6,62,11.3,966.7,13.95,63
2019-11-22,27.0,14.4,20.7,66,8.4,967.1,12.5,82
2019-11-23,27.4,16.5,21.8,66,7.6,967.0,11.22,82
2019-11-24,26.9,17.0,21.7,64,10.0,966.4,10.91,83
2019-11-25,27.1,17.0,21.9,63,12.6,966.5,12.83,23
2019-11-26,27.1,17.3,21.9,60,15.4,965.8,12.24,45
2019-11-27,27.1,16.7,20.9,66,13.8,965.4,11.92,29
2019-11-28,24.9,16.9,20.0,79,13.1,965.9,11.31,34
2019-11-29,21.7,16.0,18.3,87,9.9,966.9,7.48,69
2019-11-30,23.1,14.3,18.1,76,11.3,967.1,8.97,37
2019-12-01,23.9,13.0,17.8,73,11.4,966.8,12.22,13
2019-12-02,24.4,12.0,17.2,55,13.7,967.7,14.3,0
2019-12-03,24.2,10.9,16.7,48,12.7,967.3,14.5,0
2019-12-04,23.9,10.2,16.1,52,10.9,968.5,14.35,10
2019-12-05,23.6,10.7,16.2,55,10.2,970.2,14.03,36
2019-12-06,22.6,10.3,15.9,61,8.4,969.8,11.3,91
2019-12-07,23.2,11.6,16.3,69,9.3,968.7,13.82,13
2019-12-08,22.9,10.8,15.8,64,10.7,968.4,13.91,0
2019-12-09,22.7,10.8,16.0,62,9.3,967.7,12.98,27
2019-12-10,23.4,10.0,16.3,67,10.0,965.3,13.59,4
2019-12-11,23.0,10.1,16.5,70,10.4,963.4,11.25,92
2019-12-12,21.8,13.3,16.6,79,16.3,961.6,9.39,76
2019-12-13,20.1,11.1,15.2,77,13.5,963.1,12.45,20
2019-12-14,18.5,8.4,13.1,74,8.8,968.7,13.19,10
2019-12-15,19.2,9.0,13.3,71,12.3,969.0,13.37,1
2019-12-16,18.7,8.3,12.5,69,12.3,969.1,13.68,0
2019-12-17,17.6,7.1,11.1,67,12.0,970.1,13.74,19
2019-12-18,18.9,5.4,11.3,75,8.9,968.8,13.69,12
2019-12-19,19.6,6.5,12.5,72,9.1,967.1,12.93,73
2019-12-20,21.2,8.4,14.0,69,8.8,965.1,12.61,62
2019-12-21,21.7,9.8,15.2,69,11.5,966.0,12.72,16
2019-12-22,21.4,9.7,14.4,60,12.7,967.4,13.78,0
2019-12-23,21.0,6.7,13.0,59,10.1,966.3,14.17,12
2019-12-24,19.6,9.5,13.7,70,15.5,967.4,11.78,45
2019-12-25,21.1,8.8,13.5,64,11.8,967.1,13.05,18
2019-12-26,20.2,4.8,11.4,54,12.2,966.5,14.23,0
2019-12-27,19.2,3.7,10.5,57,9.4,967.2,14.43,0
2019-12-28,19.2,3.7,10.4,69,10.0,967.7,14.27,0
2019-12-29,18.3,3.1,9.0,73,8.7,967.9,14.32,26
2019-12-30,16.8,3.5,8.3,79,14.4,967.0,13.67,17
2019-12-31,15.9,2.4,7.9,77,11.8,967.7,13.13,46
2020-01-01,18.1,6.4,11.4,73,17.3,968.9,13.53,11
2020-01-02,19.3,8.6,13.4,76,13.7,969.2,11.81,19
2020-01-03,21.2,10.4,15.1,72,11.4,967.7,12.73,21
2020-01-04,19.9,10.2,14.8,73,8.9,967.0,11.93,24
2020-01-05,21.0,8.3,14.2,69,8.0,967.4,13.77,2
2020-01-06,21.7,8.9,15.1,72,11.7,967.8,12.46,55
2020-01-07,21.6,11.5,16.2,73,10.9,965.0,11.34,33
2020-01-08,20.2,9.9,14.9,72,17.6,963.5,12.78,22
2020-01-09,17.7,7.0,11.5,62,13.1,968.5,14.66,0
2020-01-10,18.8,5.7,11.0,60,11.2,969.2,14.87,8
2020-01-11,19.4,5.3,11.8,60,10.0,968.4,13.9,13
2020-01-12,22.0,7.4,13.8,61,11.7,965.9,14.44,0
2020-01-13,23.4,10.8,16.2,68,21.4,961.4,10.04,41
2020-01-14,20.3,9.4,14.2,67,14.5,964.4,14.39,6
2020-01-15,19.9,8.5,13.8,73,14.6,965.0,10.54,35
2020-01-16,18.3,10.0,13.7,76,15.6,964.1,7.78,55
2020-01-17,20.0,8.0,13.5,71,9.8,965.6,13.17,22
2020-01-18,19.1,7.9,13.4,75,9.5,967.0,12.37,20
2020-01-19,19.6,8.6,13.1,64,12.9,968.1,14.73,9
2020-01-20,19.0,6.3,12.4,65,10.8,967.0,14.6,51
2020-01-21,20.8,9.0,14.1,74,13.3,967.0,14.84,34
2020-01-22,22.0,9.4,14.8,69,15.5,969.5,15.24,1
2020-01-23,21.2,8.9,14.4,47,15.2,969.4,15.98,46
2020-01-24,22.6,8.6,14.4,38,13.0,967.0,16.32,48
2020-01-25,22.1,8.2,14.7,44,10.6,966.0,15.79,0
2020-01-26,24.4,8.8,16.6,46,9.2,964.3,16.0,8
2020-01-27,23.3,10.7,16.7,66,15.5,960.9,11.74,32
2020-01-28,21.9,11.8,16.3,63,19.4,960.0,10.61,32
2020-01-29,20.9,10.9,15.1,49,12.1,965.9,15.7,25
2020-01-30,20.8,8.6,14.2,50,13.0,967.3,16.1,2
2020-01-31,20.7,8.1,13.9,56,15.9,964.8,16.5,1
2020-02-01,21.4,7.7,14.1,56,13.9,967.0,15.97,4
2020-02-02,21.1,8.2,14.2,51,12.9,969.0,17.06,0
2020-02-03,21.0,7.7,13.7,54,9.7,967.7,17.1,9
2020-02-04,21.6,8.4,14.8,60,12.0,965.6,14.8,10
2020-02-05,22.9,9.6,16.2,53,18.8,966.4,17.13,17
2020-02-06,21.4,8.9,14.9,45,11.2,965.6,17.77,2
2020-02-07,21.8,8.3,14.7,50,14.5,967.8,17.56,0
2020-02-08,22.4,8.3,14.8,47,9.8,970.1,18.03,0
2020-02-09,22.0,8.3,14.5,50,9.1,970.5,18.01,17
2020-02-10,22.1,7.6,14.5,55,9.3,968.6,18.09,21
2020-02-11,23.3,8.6,15.4,53,10.1,968.6,18.21,0
2020-02-12,26.9,9.8,17.5,49,9.4,968.9,17.9,41
2020-02-13,28.7,13.4,20.6,41,16.0,967.2,18.16,8
2020-02-14,26.9,14.9,20.1,36,19.5,964.9,18.69,32
2020-02-15,27.9,11.9,19.0,27,13.2,964.6,19.35,16
2020-02-16,29.0,11.4,20.2,25,9.9,966.8,19.26,1
2020-02-17,30.1,13.3,21.1,26,12.8,967.9,19.31,16
2020-02-18,28.9,11.1,19.2,26,14.9,965.4,19.6,1
2020-02-19,28.7,12.4,20.6,34,14.2,962.9,18.16,68
2020-02-20,29.2,14.6,21.2,47,14.7,961.7,18.21,54
2020-02-21,25.1,13.9,18.9,55,18.0,965.6,17.76,20
2020-02-22,25.1,12.5,18.5,69,15.6,969.6,18.06,35
2020-02-23,24.7,14.3,19.3,65,11.2,968.1,15.3,21
2020-02-24,25.6,13.9,19.6,61,10.2,965.2,16.35,13
2020-02-25,27.0,13.2,20.0,50,12.1,964.3,17.69,7
2020-02-26,28.7,14.0,21.1,47,15.2,964.5,19.19,21
2020-02-27,29.5,15.9,22.1,50,13.4,964.5,19.44,52
2020-02-28,28.6,17.5,22.1,58,14.0,962.8,14.29,81
2020-02-29,26.8,16.4,20.2,70,19.9,961.8,16.3,28
2020-03-01,28.2,15.1,21.0,65,17.5,963.1,16.82,33
2020-03-02,28.4,16.6,22.0,60,11.5,963.2,17.45,16
2020-03-03,27.6,16.5,22.2,58,10.5,961.9,15.66,33
2020-03-04,28.0,16.7,20.7,66,16.6,960.6,16.06,29
2020-03-05,26.6,15.4,20.2,67,20.9,959.8,17.49,44
2020-03-06,23.1,12.2,17.2,70,24.1,958.8,16.05,43
2020-03-07,24.1,10.8,16.9,63,20.8,963.5,19.43,11
2020-03-08,25.7,12.3,18.7,53,12.1,966.1,21.49,0
2020-03-09,26.8,12.8,19.9,45,12.9,964.1,21.54,32
2020-03-10,24.1,13.9,18.5,51,16.4,962.0,13.79,44
2020-03-11,26.9,14.6,20.2,59,23.5,959.4,18.63,30
2020-03-12,26.5,13.3,19.9,35,21.0,961.9,21.42,5
2020-03-13,25.4,11.7,19.0,29,15.3,963.9,22.5,0
2020-03-14,24.1,12.9,18.6,40,20.1,965.2,22.38,2
2020-03-15,24.8,12.2,18.4,46,12.0,966.3,21.03,41
2020-03-16,26.1,13.8,19.4,48,12.1,966.8,19.94,42
2020-03-17,28.8,14.5,21.5,48,11.9,966.8,22.2,0
2020-03-18,30.1,15.6,23.1,42,12.9,965.5,21.53,15
2020-03-19,31.4,17.2,24.4,36,17.6,962.3,19.53,62
2020-03-20,32.8,18.0,24.6,41,20.6,961.0,18.62,50
2020-03-21,30.2,17.5,23.9,47,14.4,961.5,19.82,20
2020-03-22,31.5,19.0,25.3,39,18.2,963.2,20.31,36
2020-03-23,30.9,20.9,25.3,43,15.6,963.3,17.95,73
2020-03-24,32.5,19.7,25.4,47,19.3,962.0,13.88,68
2020-03-25,32.4,19.4,26.0,45,10.6,962.6,18.49,53
2020-03-26,27.5,20.5,23.2,58,16.2,964.2,11.04,90
2020-03-27,24.7,18.8,21.0,75,18.6,965.1,9.55,66
2020-03-28,28.9,16.3,22.4,58,10.5,965.1,22.48,7
2020-03-29,30.6,17.6,23.8,40,13.4,964.0,22.73,5
2020-03-30,31.7,17.8,24.8,37,15.7,963.9,23.48,11
2020-03-31,32.2,18.8,25.4,37,15.1,962.3,19.52,30
2020-04-01,33.3,19.0,25.9,38,18.6,962.1,23.82,2
2020-04-02,32.7,18.8,25.8,33,18.2,962.5,24.24,0
2020-04-03,33.2,19.3,25.8,23,15.9,963.7,24.88,0
2020-04-04,34.0,17.6,25.9,26,13.4,963.4,23.94,3
2020-04-05,33.7,20.2,26.8,32,15.4,963.6,22.87,5
2020-04-06,35.9,20.7,28.2,29,23.9,962.4,22.9,13
2020-04-07,35.5,21.6,28.8,27,18.3,960.7,20.82,54
2020-04-08,35.2,21.0,27.8,30,15.2,961.6,23.35,13
2020-04-09,34.8,20.7,27.5,26,15.5,962.6,24.34,26
2020-04-10,36.6,20.4,28.9,23,17.8,962.9,22.58,25
2020-04-11,38.1,22.9,30.7,23,23.7,964.2,23.32,19
2020-04-12,37.5,22.6,30.8,26,16.5,962.9,24.26,31
2020-04-13,39.1,23.6,32.1,24,16.8,960.9,21.9,69
2020-04-14,38.2,25.1,32.5,23,19.3,961.0,17.91,87
2020-04-15,38.9,27.2,32.8,20,25.1,961.2,22.46,44
2020-04-16,38.2,27.3,33.0,23,19.1,959.5,20.52,50
2020-04-17,36.5,27.7,31.7,22,25.2,958.9,16.79,57
2020-04-18,37.0,24.9,31.5,20,24.4,959.7,20.3,38
2020-04-19,35.9,24.8,30.1,28,22.8,960.2,21.07,55
2020-04-20,31.5,24.2,27.1,37,18.4,960.8,14.46,62
2020-04-21,33.7,21.7,28.1,37,18.8,961.0,20.59,21
2020-04-22,36.3,22.4,29.8,27,15.9,959.7,24.11,60
2020-04-23,33.7,25.0,29.2,34,21.3,959.7,16.19,56
2020-04-24,36.1,22.8,30.1,35,12.4,957.8,21.46,28
2020-04-25,34.6,25.0,29.2,38,22.7,958.1,19.2,32
2020-04-26,33.6,22.8,28.1,44,20.6,960.1,19.63,25
2020-04-27,34.6,21.7,27.9,50,19.9,961.6,21.78,17
2020-04-28,35.9,23.2,28.4,50,26.6,962.2,21.56,16
2020-04-29,37.4,22.3,29.5,46,14.4,960.7,22.76,12
2020-04-30,38.3,23.7,31.6,31,27.8,960.4,20.39,32
2020-05-01,40.7,25.0,33.1,23,22.7,959.2,23.58,12
2020-05-02,40.6,26.4,33.8,20,19.1,957.4,23.73,4
2020-05-03,37.3,25.2,29.7,49,18.8,958.2,19.06,23
2020-05-04,36.3,23.3,28.7,54,15.7,959.8,21.69,23
2020-05-05,36.3,22.9,30.2,40,18.3,959.7,20.75,16
2020-05-06,35.9,23.8,29.8,33,19.5,958.9,20.35,25
2020-05-07,38.2,22.5,30.1,36,14.3,958.6,23.35,21
2020-05-08,39.5,25.1,32.2,31,13.8,957.7,23.24,32
2020-05-09,40.5,25.4,33.0,25,16.2,958.2,22.19,16
2020-05-10,39.4,25.6,32.2,29,32.9,959.0,21.22,29
2020-05-11,37.3,24.1,30.9,40,20.5,960.4,19.78,37
2020-05-12,37.1,24.5,31.2,39,13.3,959.8,22.35,33
2020-05-13,35.9,26.3,31.2,39,21.9,958.7,21.08,28
2020-05-14,38.9,26.2,32.0,39,42.0,958.1,21.51,15
2020-05-15,38.2,25.7,31.8,36,22.1,958.0,21.12,14
2020-05-16,37.6,27.2,32.3,28,12.9,957.7,19.0,16
2020-05-17,39.1,26.7,32.9,23,16.1,956.2,19.09,21
2020-05-18,38.8,25.8,33.1,18,18.7,955.5,21.14,15
2020-05-19,40.0,24.9,33.4,14,17.6,954.6,23.49,7
2020-05-20,39.2,25.4,32.7,15,22.1,954.6,24.85,0
2020-05-21,41.2,25.3,33.7,17,19.6,954.5,24.62,0
2020-05-22,42.2,27.3,35.2,16,21.5,954.6,24.13,1
2020-05-23,42.1,31.4,36.5,22,23.2,956.1,21.02,23
2020-05-24,42.5,30.3,36.5,19,22.9,956.5,22.24,9
2020-05-25,42.5,31.0,37.2,19,21.7,956.4,20.39,20
2020-05-26,43.0,32.5,37.6,21,26.1,955.1,21.03,16
2020-05-27,43.2,32.8,37.5,24,26.6,953.1,21.72,14
2020-05-28,41.3,30.9,36.2,26,19.7,952.4,22.51,8
2020-05-29,40.3,27.4,33.4,40,35.1,954.3,22.12,20
2020-05-30,34.5,24.9,28.5,64,20.9,957.2,17.69,56
2020-05-31,34.4,24.0,28.6,61,14.4,958.7,21.42,17
2020-06-01,35.0,23.1,28.5,59,12.2,959.7,20.88,20
2020-06-02,36.0,23.9,29.7,49,23.8,958.1,22.03,13
2020-06-03,37.4,24.9,30.0,45,23.5,956.1,19.2,38
2020-06-04,32.7,26.6,29.5,49,13.0,955.4,12.55,85
2020-06-05,35.1,24.6,29.4,54,15.9,955.3,20.48,23
2020-06-06,35.2,24.7,30.4,50,14.5,954.6,19.68,29
2020-06-07,35.7,27.1,30.8,50,20.2,955.2,20.51,21
2020-06-08,36.5,26.4,31.2,51,15.3,955.1,18.64,24
2020-06-09,39.7,28.8,33.8,40,20.2,955.0,21.14,19
2020-06-10,40.2,30.1,34.7,37,20.9,954.6,19.9,36
2020-06-11,38.5,29.2,33.7,45,23.4,953.2,19.45,32
2020-06-12,39.3,30.2,34.8,39,14.5,951.8,18.23,61
2020-06-13,38.9,30.2,34.1,43,20.9,952.1,18.5,35
2020-06-14,37.3,30.5,33.5,50,15.5,953.7,18.08,46
2020-06-15,41.0,28.1,34.8,40,18.6,952.2,21.69,12
2020-06-16,43.3,28.9,35.4,33,25.0,949.5,19.95,16
2020-06-17,42.5,28.3,35.6,34,18.6,948.8,18.89,25
2020-06-18,41.7,29.9,36.1,32,23.2,950.5,21.01,25
2020-06-19,41.7,32.2,36.6,36,24.3,952.4,21.42,30
2020-06-20,39.7,28.4,35.0,41,22.4,953.9,22.23,17
2020-06-21,38.9,29.7,33.3,46,25.3,953.3,19.31,22
2020-06-22,36.3,27.0,31.4,58,21.1,952.8,17.48,38
2020-06-23,37.8,28.2,32.2,57,20.9,954.1,18.79,50
2020-06-24,35.4,27.7,31.1,63,10.0,955.1,16.3,82
2020-06-25,38.3,27.4,32.4,58,19.9,953.9,20.74,55
2020-06-26,38.0,28.9,32.2,60,21.3,953.7,19.66,46
2020-06-27,38.6,29.8,34.1,48,26.5,953.2,21.7,25
2020-06-28,39.1,30.2,34.8,43,24.8,952.8,22.27,14
2020-06-29,40.1,30.2,35.4,41,18.7,953.3,21.49,23
2020-06-30,41.1,29.3,34.8,44,11.7,953.4,21.5,22
2020-07-01,40.8,29.4,34.8,47,15.7,952.8,20.69,21
2020-07-02,40.8,30.2,35.2,45,22.2,951.4,21.14,19
2020-07-03,42.1,32.0,36.1,43,24.4,950.8,19.99,35
2020-07-04,39.8,29.1,34.5,47,18.7,950.3,18.8,47
2020-07-05,37.8,28.5,32.4,56,19.9,950.1,20.02,62
2020-07-06,36.8,27.5,31.4,62,14.1,950.3,18.51,69
2020-07-07,36.6,26.1,30.1,72,19.2,952.3,20.11,68
2020-07-08,32.9,26.2,29.3,78,10.6,953.9,13.28,95
2020-07-09,33.6,27.8,30.4,68,18.7,952.4,15.54,93
2020-07-10,36.0,28.8,31.9,56,24.1,951.3,20.02,95
2020-07-11,36.4,27.9,32.1,57,22.1,951.2,21.51,49
2020-07-12,32.7,27.8,29.5,73,18.9,952.4,13.76,62
2020-07-13,32.3,26.9,28.7,78,19.8,952.7,15.15,75
2020-07-14,36.3,26.6,31.4,64,12.8,953.1,20.11,76
2020-07-15,36.3,28.1,32.3,61,13.0,952.5,20.75,38
2020-07-16,35.5,27.5,31.0,70,16.9,951.4,21.29,46
2020-07-17,35.4,26.2,31.3,68,15.8,952.1,20.06,44
2020-07-18,37.1,28.3,32.8,59,13.0,953.6,21.21,64
2020-07-19,35.9,27.2,31.3,68,20.9,953.5,19.59,96
2020-07-20,35.9,28.3,31.2,62,21.7,951.7,19.76,83
2020-07-21,34.9,26.3,30.6,60,18.2,953.9,20.19,80
2020-07-22,31.2,24.9,27.7,77,21.8,955.5,15.93,78
2020-07-23,33.8,25.5,29.2,73,13.4,954.4,19.03,34
2020-07-24,32.7,24.5,28.4,77,14.0,956.4,18.57,44
2020-07-25,33.2,25.2,28.5,77,11.5,957.3,19.93,72
2020-07-26,35.0,25.2,29.5,74,10.5,957.9,20.35,35
2020-07-27,35.0,26.4,31.0,66,17.4,956.7,20.55,47
2020-07-28,35.7,27.7,31.8,59,21.2,954.8,20.93,83
2020-07-29,36.7,26.3,30.3,70,20.1,954.3,17.54,98
2020-07-30,32.3,25.5,27.9,86,11.9,955.3,13.7,89
2020-07-31,32.1,25.2,28.6,81,12.6,954.8,12.73,96
2020-08-01,32.8,25.6,28.5,82,10.9,954.4,15.16,96
2020-08-02,35.1,26.0,30.5,71,13.9,953.3,21.99,40
2020-08-03,35.6,26.4,30.2,72,20.3,950.1,19.06,64
2020-08-04,34.6,27.6,30.6,70,15.5,947.6,18.79,53
2020-08-05,34.3,27.0,29.5,77,16.5,947.4,18.52,72
2020-08-06,32.3,26.1,28.7,78,27.9,948.7,18.89,59
2020-08-07,32.4,25.2,28.6,79,22.3,952.0,19.44,65
2020-08-08,31.5,26.1,28.0,84,13.3,952.3,16.17,80
2020-08-09,33.1,24.4,28.0,79,15.0,951.5,18.9,80
2020-08-10,31.4,25.2,27.6,87,11.6,951.9,12.72,99
2020-08-11,30.8,25.2,27.3,88,17.2,952.6,12.88,100
2020-08-12,32.6,25.8,28.8,80,19.1,952.2,17.23,93
2020-08-13,29.9,26.1,27.9,84,17.2,950.5,8.46,99
2020-08-14,28.3,24.8,26.4,93,10.7,949.2,7.37,100
2020-08-15,31.4,25.0,27.5,87,13.0,949.1,16.25,91
2020-08-16,31.1,26.0,27.9,88,12.2,950.6,14.8,88
2020-08-17,31.5,25.8,28.4,87,9.7,951.2,18.31,73
2020-08-18,32.9,25.8,28.6,86,10.1,952.2,19.38,79
2020-08-19,28.9,25.0,26.6,92,16.2,952.0,7.44,100
2020-08-20,29.7,24.3,26.4,89,15.0,952.9,11.86,94
2020-08-21,30.7,24.9,27.5,84,17.8,954.1,19.24,50
2020-08-22,30.2,24.9,27.1,83,20.9,953.0,18.49,51
2020-08-23,30.7,25.1,27.1,84,26.8,951.5,17.81,66
2020-08-24,29.7,24.9,26.6,87,20.7,951.8,13.45,65
2020-08-25,29.8,24.2,26.3,87,15.8,955.3,14.41,52
2020-08-26,30.7,24.3,27.0,79,19.3,957.3,18.39,51
2020-08-27,30.9,24.6,27.5,80,17.2,956.7,19.34,71
2020-08-28,31.0,24.9,27.4,81,14.8,954.6,15.01,67
2020-08-29,31.3,25.1,27.6,81,14.5,953.6,18.73,49
2020-08-30,29.9,24.5,26.1,88,16.6,951.7,12.55,60
2020-08-31,29.9,23.4,26.3,83,20.2,954.9,17.77,62
2020-09-01,29.9,23.4,26.3,81,19.5,957.8,16.69,55
2020-09-02,30.4,23.7,26.8,85,15.1,959.7,16.81,95
2020-09-03,29.9,24.5,26.6,88,11.4,959.2,14.38,91
2020-09-04,29.9,24.0,26.3,89,10.0,958.6,14.01,68
2020-09-05,29.9,24.1,26.8,86,16.7,957.6,16.73,50
2020-09-06,31.0,24.2,27.3,81,9.6,956.4,20.29,17
2020-09-07,30.4,24.7,27.1,84,12.7,957.1,15.81,48
2020-09-08,31.0,24.8,26.9,87,16.6,957.8,15.12,41
2020-09-09,32.1,25.1,28.1,81,12.3,957.8,18.07,44
2020-09-10,32.8,25.6,28.8,74,12.3,955.5,20.28,44
2020-09-11,33.4,25.2,29.1,72,13.0,955.5,20.3,40
2020-09-12,34.4,24.8,29.5,69,11.2,957.7,21.23,30
2020-09-13,34.3,24.6,29.3,65,9.5,957.7,22.31,14
2020-09-14,34.8,25.1,29.5,65,9.6,956.6,21.24,74
2020-09-15,34.8,24.8,29.8,65,13.3,956.2,21.34,37
2020-09-16,34.8,25.3,29.9,64,9.3,956.4,20.5,59
2020-09-17,34.7,27.2,30.6,61,14.1,956.6,19.33,24
2020-09-18,34.4,26.9,30.2,65,16.3,955.9,19.54,41
2020-09-19,34.3,26.7,30.2,66,14.8,955.3,18.58,74
2020-09-20,35.0,26.7,30.1,61,13.0,954.3,19.48,44
2020-09-21,35.1,24.6,29.5,57,13.1,953.1,21.75,6
2020-09-22,33.9,26.1,29.4,67,15.3,953.2,18.24,47
2020-09-23,33.7,26.2,29.0,72,13.8,953.5,15.72,69
2020-09-24,35.1,25.3,29.4,69,12.8,955.5,19.28,56
2020-09-25,36.1,24.6,29.9,56,19.4,956.0,19.43,30
2020-09-26,32.9,25.1,28.1,62,18.9,956.3,15.78,32
2020-09-27,32.0,23.9,27.0,69,11.9,958.4,13.25,52
2020-09-28,34.4,23.6,28.3,55,13.6,959.4,19.38,11
2020-09-29,34.3,22.0,28.3,46,12.1,959.0,19.12,16
2020-09-30,34.7,22.8,28.5,42,12.8,958.0,20.04,8
2020-10-01,35.2,23.2,28.7,42,20.4,958.0,20.11,4
2020-10-02,35.1,23.8,28.4,38,18.2,958.2,21.3,26
2020-10-03,34.9,20.4,27.2,38,13.4,958.6,20.93,0
2020-10-04,34.8,20.9,27.6,37,13.8,959.4,20.93,0
2020-10-05,34.7,19.9,27.0,39,15.2,959.5,20.84,0
2020-10-06,34.9,20.9,27.8,35,12.9,959.8,20.61,0
2020-10-07,34.6,20.2,27.6,36,15.3,961.2,20.44,3
2020-10-08,34.4,21.0,27.7,37,10.2,961.6,20.33,29
2020-10-09,34.1,21.1,27.6,38,9.4,961.7,19.92,0
2020-10-10,34.6,21.5,27.4,39,9.0,960.7,19.74,18
2020-10-11,34.3,21.0,27.1,37,11.6,958.8,19.97,22
2020-10-12,34.1,20.7,27.5,36,9.5,957.2,19.92,8
2020-10-13,33.8,19.7,27.3,40,9.2,957.5,19.61,15
2020-10-14,33.9,21.9,27.5,47,12.2,958.7,18.66,57
2020-10-15,33.2,23.8,28.3,52,15.5,959.5,17.11,6
2020-10-16,33.6,23.4,28.2,39,15.6,959.4,18.49,6
2020-10-17,33.7,23.4,28.0,43,15.3,960.1,16.42,16
2020-10-18,33.6,23.3,28.5,43,12.8,960.5,17.2,31
2020-10-19,31.7,22.8,27.2,44,9.2,960.5,12.88,52
2020-10-20,32.9,20.9,26.2,34,10.2,959.8,17.7,5
2020-10-21,31.9,19.8,26.2,36,13.0,960.7,14.89,40
2020-10-22,31.9,22.1,27.0,42,12.0,959.2,14.26,33
2020-10-23,32.0,21.6,26.6,41,13.1,959.2,15.76,31
2020-10-24,32.4,19.8,25.6,35,13.2,960.0,18.06,0
2020-10-25,31.5,18.9,25.4,35,13.0,962.5,16.84,15
2020-10-26,31.5,20.2,25.4,33,17.1,964.0,16.82,11
2020-10-27,30.3,18.7,23.5,35,10.9,963.5,17.73,0
2020-10-28,29.2,15.8,22.9,35,9.8,964.0,17.86,0
2020-10-29,29.1,15.7,22.4,41,9.1,964.5,17.54,0
2020-10-30,29.4,16.1,22.1,38,10.9,964.7,17.52,0
2020-10-31,29.7,15.1,21.9,34,11.5,964.9,17.57,0
2020-11-01,28.5,14.3,21.5,26,11.9,965.3,17.77,0
2020-11-02,28.6,14.8,21.2,29,12.1,966.0,17.41,0
2020-11-03,29.0,13.6,20.9,32,16.2,965.3,17.36,0
2020-11-04,29.2,14.0,21.1,35,12.0,964.2,16.89,0
2020-11-05,29.0,14.5,21.3,40,11.8,965.1,16.82,0
2020-11-06,28.9,13.3,21.9,39,10.7,967.7,16.61,0
2020-11-07,29.0,15.3,21.8,41,9.4,968.6,16.48,0
2020-11-08,28.5,13.9,21.6,42,10.6,968.9,16.42,0
2020-11-09,28.6,13.6,20.8,47,10.0,967.4,16.35,0
2020-11-10,27.9,13.7,20.4,49,10.1,965.9,16.07,0
2020-11-11,26.1,14.7,19.7,55,12.3,967.3,15.82,1
2020-11-12,26.2,14.2,20.0,50,10.5,968.8,15.72,0
2020-11-13,26.8,14.4,20.7,51,9.5,967.9,15.4,2
2020-11-14,27.3,14.4,20.7,57,10.2,965.5,15.12,13
2020-11-15,25.3,17.8,20.6,73,14.0,964.4,11.37,29
2020-11-16,25.2,17.1,19.8,86,10.2,965.9,11.35,45
2020-11-17,25.1,16.3,19.6,79,11.5,965.2,13.04,40
2020-11-18,24.3,14.9,19.0,71,11.8,963.7,13.29,19
2020-11-19,23.5,15.6,18.9,68,12.5,964.0,11.89,32
2020-11-20,24.1,13.1,17.7,49,14.0,966.1,15.12,0
2020-11-21,23.3,11.6,16.8,46,12.1,966.7,15.27,0
2020-11-22,22.7,10.3,15.9,51,10.3,966.7,14.91,20
2020-11-23,22.9,12.5,16.7,52,11.0,966.6,14.88,0
2020-11-24,23.6,11.2,17.0,58,12.6,965.7,14.02,37
2020-11-25,24.5,13.5,18.5,56,16.7,965.6,13.35,46
2020-11-26,21.6,14.3,17.4,73,13.2,968.3,10.71,36
2020-11-27,24.4,12.6,17.4,56,14.8,970.9,14.58,0
2020-11-28,24.9,11.5,17.0,54,10.2,969.8,14.69,0
2020-11-29,24.1,11.1,17.4,57,10.4,968.2,14.65,0
2020-11-30,25.7,11.7,18.4,57,9.5,967.4,14.26,0
2020-12-01,26.6,11.4,18.3,57,9.2,967.5,14.09,0
2020-12-02,27.6,13.8,19.9,48,10.0,966.3,14.15,0
2020-12-03,27.9,14.1,19.8,41,10.2,964.8,14.27,0
2020-12-04,28.3,15.7,20.4,45,11.0,963.3,14.08,0
2020-12-05,28.4,14.0,20.7,52,10.5,963.5,13.94,0
2020-12-06,28.6,16.1,21.2,49,12.4,965.9,13.81,0
2020-12-07,26.9,13.4,19.7,57,10.6,967.6,13.74,0
2020-12-08,27.1,15.5,20.3,63,10.1,967.4,13.58,0
2020-12-09,27.8,16.6,21.0,64,10.1,965.7,13.54,0
2020-12-10,27.0,14.7,19.9,67,10.2,964.8,13.39,2
2020-12-11,22.2,15.0,18.1,77,12.1,964.9,6.71,35
2020-12-12,24.7,14.8,18.7,72,12.2,965.3,13.15,25
2020-12-13,22.0,13.1,16.9,60,16.0,965.3,12.48,19
2020-12-14,21.3,11.3,15.6,57,13.5,965.9,12.1,29
2020-12-15,20.1,10.4,14.6,61,12.6,967.7,10.87,21
2020-12-16,19.6,9.4,13.7,61,10.3,969.8,12.3,15
2020-12-17,18.7,7.6,12.0,50,13.0,969.8,14.36,0
2020-12-18,20.6,6.0,12.2,50,11.3,968.3,14.22,0
2020-12-19,22.3,6.4,13.3,40,8.8,968.7,14.13,1
2020-12-20,23.5,6.6,14.6,42,9.0,969.0,13.7,58
2020-12-21,24.0,8.9,15.7,44,9.1,967.1,13.14,78
2020-12-22,22.6,10.4,15.5,52,11.1,965.8,12.57,39
2020-12-23,22.4,9.0,14.5,59,10.5,964.5,14.03,0
2020-12-24,22.2,9.5,14.8,60,12.5,964.9,13.84,0
2020-12-25,21.7,9.4,14.8,58,10.7,966.3,13.91,0
2020-12-26,22.5,8.3,15.0,61,9.3,965.6,13.64,37
2020-12-27,22.9,8.8,15.3,56,19.4,963.3,13.64,4
2020-12-28,18.6,5.6,12.0,36,13.8,965.7,14.5,0
2020-12-29,19.1,4.9,12.3,42,11.7,966.8,14.49,0
2020-12-30,18.1,5.6,11.0,51,12.0,968.0,14.43,0
2020-12-31,18.3,5.4,10.8,55,10.1,967.5,14.53,15
2021-01-01,20.0,7.3,13.3,60,15.4,966.0,11.48,29
2021-01-02,20.5,12.4,16.3,77,15.6,964.7,9.41,54
2021-01-03,23.9,14.5,18.0,88,16.1,963.3,9.46,59
2021-01-04,19.6,14.2,17.1,88,19.5,964.5,9.58,63
2021-01-05,22.1,14.0,17.4,83,19.5,964.5,10.41,54
2021-01-06,21.5,12.4,16.6,79,15.8,965.0,14.09,9
2021-01-07,21.3,11.2,15.5,78,12.3,964.5,13.41,17
2021-01-08,19.5,11.0,14.6,85,13.1,963.7,8.1,46
2021-01-09,17.5,13.1,15.2,87,13.9,965.1,4.26,87
2021-01-10,19.4,9.4,13.9,74,12.4,965.4,8.11,42
2021-01-11,20.1,6.5,12.2,66,12.3,966.0,15.31,0
2021-01-12,21.3,6.6,12.7,51,12.0,966.3,15.43,0
2021-01-13,20.9,5.9,12.5,50,9.9,965.2,15.61,0
2021-01-14,20.6,8.9,14.0,48,9.7,965.2,15.19,15
2021-01-15,21.2,7.2,13.6,67,13.1,963.5,14.99,11
2021-01-16,22.8,7.1,14.1,69,9.4,962.4,15.58,0
2021-01-17,22.4,9.5,15.0,74,20.0,963.2,14.53,10
2021-01-18,22.4,11.7,16.1,73,17.3,964.5,13.41,15
2021-01-19,23.7,10.0,16.1,74,10.0,963.9,15.18,0
2021-01-20,24.4,8.8,15.9,62,9.7,964.4,15.82,0
2021-01-21,25.4,9.8,15.9,41,15.3,963.7,16.26,0
2021-01-22,23.9,9.1,15.9,50,14.2,963.5,15.78,0
2021-01-23,25.0,9.4,16.2,63,14.1,962.1,15.58,0
2021-01-24,21.7,8.7,14.3,48,16.7,965.4,16.75,0
2021-01-25,19.9,7.0,12.2,59,8.7,967.1,16.6,0
2021-01-26,19.6,5.5,11.8,64,8.9,967.0,16.64,0
2021-01-27,20.9,6.1,12.5,61,9.7,966.8,16.69,0
2021-01-28,21.1,6.3,12.8,59,7.6,967.1,16.69,0
2021-01-29,21.5,6.5,13.2,53,8.8,968.1,16.93,0
2021-01-30,22.4,5.9,13.6,38,10.8,966.7,17.25,12
2021-01-31,22.5,7.8,14.5,41,11.8,966.8,17.1,0
2021-02-01,24.6,8.8,16.8,44,11.6,968.6,16.98,0
2021-02-02,26.5,10.3,18.1,48,12.6,967.3,17.07,0
2021-02-03,27.4,13.3,19.1,47,13.8,965.4,16.44,9
2021-02-04,25.4,13.9,18.6,50,18.0,965.3,15.77,25
2021-02-05,23.0,10.3,16.2,55,13.8,967.1,17.63,4
2021-02-06,23.3,9.4,15.8,47,13.0,968.1,17.8,0
2021-02-07,24.7,9.1,16.2,46,9.0,968.1,17.91,0
2021-02-08,26.3,9.9,17.3,49,9.8,967.9,17.98,0
2021-02-09,27.5,11.5,18.8,46,10.3,965.1,18.01,57
2021-02-10,28.8,13.3,20.0,40,12.8,963.5,18.38,31
2021-02-11,27.5,12.0,19.0,44,8.7,964.0,18.53,14
2021-02-12,26.1,12.9,18.5,54,11.0,965.0,16.78,45
2021-02-13,26.3,11.7,18.5,58,11.1,965.0,17.11,21
2021-02-14,27.7,11.8,19.5,56,10.5,964.6,18.44,7
2021-02-15,27.7,12.7,19.8,57,14.7,963.0,16.56,34
2021-02-16,28.4,13.9,20.7,50,12.3,962.6,16.47,17
2021-02-17,27.8,13.6,20.2,49,11.8,964.3,16.3,17
2021-02-18,27.1,13.7,19.7,47,13.6,966.9,18.27,3
2021-02-19,27.6,13.6,19.9,47,11.7,969.4,19.36,0
2021-02-20,27.5,13.1,19.8,45,10.2,969.3,19.33,0
2021-02-21,29.0,12.8,21.0,38,9.7,968.2,19.69,0
2021-02-22,30.6,14.3,22.1,31,10.3,966.5,19.77,4
2021-02-23,31.6,16.0,23.0,26,11.3,964.3,19.75,0
2021-02-24,31.7,16.9,23.8,28,11.6,962.8,19.87,3
2021-02-25,31.9,18.5,24.4,31,17.2,962.1,20.14,0
2021-02-26,33.1,19.1,25.3,32,18.2,960.3,20.08,0
2021-02-27,32.9,20.5,26.1,34,20.6,959.5,19.71,4
2021-02-28,31.1,19.8,24.4,25,19.4,961.4,20.03,12
2021-03-01,30.6,16.3,22.6,31,13.0,964.8,20.66,0
2021-03-02,30.4,14.8,22.4,22,14.1,966.2,21.44,0
2021-03-03,31.5,14.6,23.0,22,12.4,964.1,21.07,0
2021-03-04,32.8,17.2,24.9,24,10.5,963.1,21.14,0
2021-03-05,33.1,18.3,24.8,20,20.2,963.5,21.61,0
2021-03-06,34.4,15.8,25.2,25,18.1,962.7,21.24,0
2021-03-07,34.7,18.5,26.7,26,18.4,960.8,21.15,1
2021-03-08,33.6,21.0,26.8,33,15.5,961.9,18.16,16
2021-03-09,33.9,18.6,26.3,39,16.8,962.9,19.43,9
2021-03-10,33.1,19.1,26.0,34,15.0,963.4,19.3,13
2021-03-11,33.1,19.3,25.9,36,15.5,964.1,20.59,12
2021-03-12,32.0,18.8,24.4,40,23.7,965.4,17.93,41
2021-03-13,31.8,16.8,24.0,51,10.5,966.6,21.55,22
2021-03-14,32.1,18.1,25.3,42,10.7,964.0,21.32,14
2021-03-15,32.2,19.3,25.6,39,11.9,963.3,19.54,26
2021-03-16,33.7,19.2,26.1,36,9.8,963.4,20.63,10
2021-03-17,34.1,19.0,26.6,29,16.4,962.0,18.93,63
2021-03-18,31.7,20.9,26.0,35,15.0,962.3,16.04,84
2021-03-19,30.5,20.4,25.0,42,21.6,962.0,17.36,54
2021-03-20,33.8,19.0,26.4,33,9.6,960.8,21.84,13
2021-03-21,34.6,18.8,26.6,30,16.0,959.9,22.23,10
2021-03-22,33.6,21.4,26.9,28,23.3,962.6,20.53,39
2021-03-23,32.8,19.2,25.7,38,23.6,964.2,19.54,25
2021-03-24,32.8,17.4,25.2,38,17.8,964.9,22.54,5
2021-03-25,32.5,17.5,24.9,28,17.4,965.1,23.81,0
2021-03-26,33.1,17.2,25.4,34,14.8,963.5,23.27,0
2021-03-27,36.6,19.6,27.7,31,16.7,961.3,22.53,3
2021-03-28,37.8,19.9,28.7,30,14.7,959.2,23.03,2
2021-03-29,39.3,24.6,31.7,14,24.4,957.5,24.16,0
2021-03-30,38.0,27.3,31.7,15,38.5,955.0,24.35,1
2021-03-31,36.7,20.8,28.9,16,20.1,955.1,24.72,0
2021-04-01,36.0,19.8,27.9,12,19.0,956.2,25.18,0
2021-04-02,34.8,18.0,26.9,13,12.6,957.9,24.99,0
2021-04-03,34.7,19.9,26.9,14,16.1,960.1,24.65,0
2021-04-04,36.7,20.4,28.2,15,14.9,961.3,24.58,1
2021-04-05,39.4,20.9,31.4,16,21.1,960.0,22.54,41
2021-04-06,39.5,26.0,32.8,15,24.7,959.3,22.72,44
2021-04-07,37.0,23.2,30.0,22,18.5,961.1,23.49,2
2021-04-08,35.5,23.0,29.0,18,16.8,960.6,24.12,2
2021-04-09,35.7,23.1,28.8,14,17.1,961.2,24.89,9
2021-04-10,36.3,21.4,29.1,14,15.2,962.8,24.94,1
2021-04-11,37.1,21.4,29.7,14,14.1,963.1,24.63,6
2021-04-12,38.4,21.3,30.7,12,13.0,963.5,24.39,8
2021-04-13,39.5,22.3,30.9,12,15.2,962.1,24.06,9
2021-04-14,37.3,23.3,30.9,15,15.3,961.4,19.2,72
2021-04-15,37.6,24.9,31.1,16,16.3,960.6,23.7,17
2021-04-16,37.1,25.1,30.3,24,24.0,959.3,18.12,56
2021-04-17,35.1,20.9,28.4,35,19.8,961.3,22.8,9
2021-04-18,36.3,23.2,29.7,22,13.0,963.0,23.28,12
2021-04-19,38.4,21.6,30.5,19,17.1,959.3,22.73,21
2021-04-20,37.3,23.7,29.4,21,27.2,957.4,16.14,60
2021-04-21,33.3,21.0,26.8,29,32.4,960.1,22.74,14
2021-04-22,34.4,18.7,27.1,34,13.0,961.8,24.88,3
2021-04-23,37.9,21.8,30.0,22,22.6,959.8,22.25,18
2021-04-24,34.9,21.8,28.0,25,22.3,961.9,25.71,0
2021-04-25,36.7,21.1,28.6,17,12.8,962.1,25.7,0
2021-04-26,38.4,21.4,30.3,12,10.6,960.4,25.6,0
2021-04-27,40.3,23.4,32.4,11,14.0,959.9,25.25,1
2021-04-28,41.0,23.5,33.0,10,15.1,960.5,24.66,19
2021-04-29,40.2,26.5,33.7,13,16.6,960.2,21.86,29
2021-04-30,37.8,26.8,32.7,22,20.1,959.7,19.95,56
2021-05-01,39.4,26.4,32.0,24,18.0,959.5,19.7,50
2021-05-02,35.9,26.7,30.9,27,17.3,960.2,14.84,75
2021-05-03,36.4,24.9,31.2,26,19.3,959.0,15.67,50
2021-05-04,38.1,26.4,31.8,21,17.7,957.8,21.53,30
2021-05-05,38.4,25.8,32.5,24,17.8,957.8,21.66,18
2021-05-06,39.0,26.5,32.2,28,28.0,958.4,20.11,33
2021-05-07,37.9,24.3,30.4,39,23.6,960.6,20.08,24
2021-05-08,38.0,25.6,31.6,32,17.3,959.6,21.72,22
2021-05-09,38.9,26.5,32.3,28,22.4,957.8,21.2,22
2021-05-10,40.0,26.1,31.9,30,19.8,956.4,18.53,46
2021-05-11,36.4,25.0,31.4,31,25.9,956.1,18.0,40
2021-05-12,35.4,26.2,30.3,35,23.9,954.7,17.5,43
2021-05-13,36.4,24.8,29.9,40,24.7,954.9,20.27,30
2021-05-14,37.6,23.7,30.2,41,31.3,955.4,20.97,22
2021-05-15,37.7,25.4,31.6,35,21.7,956.3,18.93,31
2021-05-16,38.0,26.9,32.9,32,16.2,957.8,17.47,63
2021-05-17,33.9,26.7,29.9,47,24.1,959.2,11.66,98
2021-05-18,26.1,21.0,22.8,79,22.6,958.0,4.65,100
2021-05-19,21.7,20.0,20.9,94,32.4,952.7,2.92,94
2021-05-20,31.2,19.1,24.9,70,18.2,954.8,22.07,27
2021-05-21,33.6,21.4,27.7,65,12.4,956.5,22.92,4
2021-05-22,33.7,23.5,28.4,62,16.9,956.8,21.74,13
2021-05-23,32.6,23.1,27.7,54,14.4,958.1,22.83,12
2021-05-24,35.3,21.8,28.7,46,20.7,958.6,24.16,0
2021-05-25,37.1,23.6,30.6,37,15.3,955.6,24.12,1
2021-05-26,38.0,25.1,31.6,38,19.5,953.4,22.63,7
2021-05-27,39.3,26.7,32.6,40,21.0,953.3,21.97,10
2021-05-28,40.2,25.2,33.5,37,17.5,954.2,22.09,9
2021-05-29,39.9,27.0,33.9,38,16.2,955.6,22.34,11
2021-05-30,39.6,27.3,33.7,37,16.3,955.5,23.11,11
2021-05-31,38.0,28.9,32.7,39,12.7,953.4,20.34,30
2021-06-01,37.9,27.6,31.6,47,21.4,954.9,21.74,11
2021-06-02,38.0,26.0,31.0,50,16.2,957.0,21.91,10
2021-06-03,35.6,25.5,30.3,53,23.2,957.8,19.81,34
2021-06-04,35.1,26.7,30.9,48,8.0,957.5,17.68,44
2021-06-05,37.3,26.5,31.2,46,18.9,956.7,19.87,21
2021-06-06,37.2,26.5,32.0,46,14.2,956.4,21.77,14
2021-06-07,38.8,28.4,33.8,40,25.3,955.3,20.77,12
2021-06-08,39.7,29.9,34.8,38,24.7,953.8,22.31,5
2021-06-09,40.3,30.1,34.8,38,24.3,952.2,23.42,2
2021-06-10,40.0,30.4,35.0,36,28.5,951.1,22.68,6
2021-06-11,39.9,30.6,34.9,37,24.9,950.7,22.54,25
2021-06-12,39.9,30.9,35.0,36,23.8,951.4,23.63,2
2021-06-13,38.5,28.7,32.9,51,18.8,952.0,19.78,16
2021-06-14,38.4,28.1,32.6,51,26.2,950.7,20.26,20
2021-06-15,37.7,28.2,32.3,51,26.5,948.4,19.16,28
2021-06-16,34.6,25.1,30.2,61,19.5,950.1,19.01,35
2021-06-17,37.8,26.8,32.3,48,16.8,951.6,20.16,31
2021-06-18,37.9,27.5,32.7,48,21.8,952.0,21.19,50
2021-06-19,37.9,27.6,31.7,49,16.1,952.4,12.96,80
2021-06-20,35.3,27.8,31.0,56,15.9,953.7,14.6,72
2021-06-21,37.0,27.6,32.0,51,20.4,954.9,18.07,42
2021-06-22,37.6,29.0,33.2,46,20.8,955.0,17.76,38
2021-06-23,38.4,29.7,34.1,42,20.2,954.7,16.88,37
2021-06-24,39.1,30.0,33.7,41,18.8,954.5,17.98,39
2021-06-25,37.9,28.3,32.7,47,19.5,953.9,20.6,39
2021-06-26,37.4,26.6,31.8,50,11.7,955.0,17.96,33
2021-06-27,38.4,28.9,33.7,42,17.7,957.2,19.36,40
2021-06-28,39.6,28.4,34.1,39,11.5,956.0,21.59,22
2021-06-29,40.7,28.9,35.2,35,23.2,954.1,22.27,11
2021-06-30,39.4,31.4,35.4,39,27.7,952.9,21.87,45
2021-07-01,38.6,30.3,34.4,41,25.5,950.9,23.47,17
2021-07-02,38.2,29.6,33.9,42,22.0,951.9,22.77,18
2021-07-03,37.5,28.9,33.0,45,21.0,954.2,22.56,24
2021-07-04,36.7,29.1,31.9,50,15.6,955.7,17.04,44
2021-07-05,36.9,27.8,31.6,55,15.2,956.1,17.23,41
2021-07-06,38.1,28.5,33.0,50,15.6,954.8,19.74,29
2021-07-07,39.1,30.1,34.7,39,20.2,953.9,20.34,45
2021-07-08,38.8,29.9,34.5,38,20.3,953.3,21.97,61
2021-07-09,38.8,28.7,33.8,44,10.4,953.1,21.63,65
2021-07-10,36.3,29.3,33.1,52,14.2,952.8,20.32,48
2021-07-11,36.4,29.6,32.5,59,20.9,953.4,18.56,83
2021-07-12,33.3,25.2,28.8,78,18.4,954.7,13.69,94
2021-07-13,34.2,27.3,29.9,74,15.8,954.5,18.78,80
2021-07-14,34.6,27.5,30.4,72,15.5,954.0,19.41,91
2021-07-15,36.1,26.9,31.7,65,18.4,954.3,21.88,43
2021-07-16,36.1,28.1,32.4,59,15.9,956.0,21.19,31
2021-07-17,38.4,28.1,32.9,58,17.1,955.1,20.04,92
2021-07-18,33.1,26.4,29.8,75,18.4,952.8,13.74,99
2021-07-19,28.3,26.3,27.0,91,12.7,951.1,4.39,100
2021-07-20,33.8,25.2,29.2,71,22.1,951.5,19.52,77
2021-07-21,32.4,26.6,29.3,71,16.7,950.5,17.65,60
2021-07-22,33.6,26.9,29.6,72,13.9,948.9,18.9,65
2021-07-23,31.3,25.5,28.0,84,7.9,949.9,12.07,88
2021-07-24,32.6,25.1,28.8,81,12.7,951.2,17.09,90
2021-07-25,34.9,26.6,30.8,72,13.5,950.9,21.29,52
2021-07-26,32.2,26.4,29.3,80,12.1,950.0,15.43,99
2021-07-27,29.8,25.5,27.1,83,24.3,949.2,10.6,97
2021-07-28,30.1,25.1,26.7,84,20.1,950.0,12.28,99
2021-07-29,30.1,24.9,27.0,83,18.3,950.6,13.74,91
2021-07-30,27.6,24.9,25.9,93,14.5,951.0,3.81,98
2021-07-31,26.1,24.6,25.3,94,22.3,951.1,4.65,98
2021-08-01,31.3,24.2,27.0,85,17.4,950.9,15.29,93
2021-08-02,29.9,24.4,26.0,86,24.5,951.4,7.78,99
2021-08-03,29.8,24.3,25.9,89,23.2,952.0,8.83,97
2021-08-04,30.3,24.9,26.8,86,14.4,952.4,10.99,65
2021-08-05,31.7,24.9,27.9,82,13.8,953.0,18.54,60
2021-08-06,32.7,25.7,28.1,84,11.8,953.0,16.78,94
2021-08-07,31.0,25.6,27.6,84,12.8,954.4,10.95,97
2021-08-08,32.1,25.0,28.4,80,14.2,955.9,17.34,98
2021-08-09,32.9,25.8,28.8,74,21.9,956.4,20.46,86
2021-08-10,32.8,26.2,29.1,69,22.6,955.9,22.85,42
2021-08-11,32.2,25.1,28.3,68,21.2,956.2,24.47,73
2021-08-12,32.4,24.2,28.1,68,18.0,957.1,23.57,58
2021-08-13,32.5,25.2,28.5,66,17.2,955.6,22.47,51
2021-08-14,32.3,24.8,28.2,68,20.7,953.7,23.58,34
2021-08-15,32.8,24.6,28.2,67,17.3,954.7,23.85,5
2021-08-16,33.6,24.3,28.9,62,12.4,957.3,22.04,10
2021-08-17,35.4,25.7,30.0,56,16.0,956.9,23.08,30
2021-08-18,35.3,26.2,30.6,54,13.1,954.8,22.02,70
2021-08-19,36.1,27.3,31.1,53,22.1,953.8,21.84,87
2021-08-20,33.8,26.4,29.9,66,13.7,955.3,13.36,99
2021-08-21,30.7,24.8,27.3,83,12.4,956.5,15.95,93
2021-08-22,31.3,24.3,27.1,85,12.3,956.6,15.93,62
2021-08-23,31.8,25.1,28.3,77,16.0,955.8,19.74,47
2021-08-24,34.9,26.9,30.2,62,24.5,955.2,21.0,75
2021-08-25,33.8,27.1,29.9,59,22.8,953.9,23.08,63
2021-08-26,32.3,25.2,28.4,63,21.0,952.9,22.47,74
2021-08-27,33.2,23.8,28.3,64,15.5,954.2,22.4,61
2021-08-28,33.2,24.1,28.9,64,8.7,954.5,20.74,65
2021-08-29,31.9,25.9,28.5,71,12.0,954.9,15.95,60
2021-08-30,31.1,24.9,27.4,81,16.5,957.2,16.26,66
2021-08-31,30.6,24.6,26.7,84,19.6,958.4,16.62,84
2021-09-01,30.4,24.1,26.4,87,15.7,958.1,15.35,96
2021-09-02,30.6,24.0,26.4,87,16.7,956.5,14.62,93
2021-09-03,29.7,23.6,25.9,90,16.5,955.5,14.12,96
2021-09-04,30.8,24.5,27.4,82,9.6,955.6,18.66,66
2021-09-05,31.3,24.9,27.7,83,8.7,955.7,16.47,72
2021-09-06,32.1,25.6,28.4,82,7.9,956.8,18.18,58
2021-09-07,31.9,25.6,28.2,82,17.8,957.2,18.87,67
2021-09-08,30.4,25.0,27.4,81,23.4,955.6,17.16,37
2021-09-09,30.6,24.3,27.0,83,17.0,955.1,18.5,53
2021-09-10,29.5,23.9,25.8,88,16.9,954.7,14.66,91
2021-09-11,28.8,24.0,25.3,90,18.1,954.0,12.07,99
2021-09-12,28.6,23.3,25.5,91,15.4,953.1,12.03,94
2021-09-13,30.4,23.9,26.6,86,15.8,953.7,17.19,76
2021-09-14,30.7,24.8,27.3,85,19.7,955.5,18.22,39
2021-09-15,30.9,24.6,27.4,74,32.5,956.4,18.75,28
2021-09-16,32.2,23.8,26.9,72,20.5,955.4,21.06,13
2021-09-17,29.1,22.8,25.7,79,24.3,954.6,13.45,48
2021-09-18,29.4,24.1,26.1,85,20.9,956.4,13.85,44
2021-09-19,29.7,24.1,26.2,86,15.1,958.2,15.03,53
2021-09-20,30.4,23.9,26.6,86,12.4,957.7,15.64,49
2021-09-21,29.3,23.8,26.0,90,11.5,956.8,13.73,57
2021-09-22,29.7,23.7,25.7,90,15.3,956.1,13.31,71
2021-09-23,29.4,23.6,25.9,88,12.4,957.6,11.94,72
2021-09-24,30.0,23.8,26.6,84,13.3,958.7,17.79,23
2021-09-25,30.3,23.4,26.5,85,10.0,957.9,16.66,40
2021-09-26,29.4,23.6,26.0,86,13.3,957.2,15.11,30
2021-09-27,30.0,23.7,26.5,84,17.3,957.7,13.89,42
2021-09-28,31.4,25.1,27.7,78,22.6,958.1,18.96,19
2021-09-29,31.0,24.5,27.4,81,22.0,959.0,16.88,29
2021-09-30,30.3,24.6,26.7,85,15.8,961.0,15.05,54
2021-10-01,31.6,23.6,27.4,82,8.4,961.3,17.7,35
2021-10-02,31.6,24.3,27.2,82,9.7,960.4,16.87,28
2021-10-03,31.9,24.4,27.9,74,12.3,959.2,17.04,19
2021-10-04,31.8,23.8,27.6,70,11.9,958.5,18.8,7
2021-10-05,31.8,23.5,27.6,70,9.4,960.4,17.88,9
2021-10-06,32.2,24.7,28.1,70,11.0,960.6,17.05,18
2021-10-07,33.4,23.6,27.8,65,7.4,959.3,19.51,6
2021-10-08,34.1,21.9,27.6,55,8.3,958.4,20.11,0
2021-10-09,34.6,20.8,27.9,52,10.4,958.9,19.66,2
2021-10-10,34.6,23.6,28.6,51,12.4,959.4,19.31,6
2021-10-11,34.1,22.5,28.1,51,11.0,958.8,19.2,4
2021-10-12,34.2,23.1,28.0,47,12.1,959.0,18.03,8
2021-10-13,34.1,22.6,27.4,38,15.2,959.5,19.35,0
2021-10-14,32.9,20.0,25.8,41,13.9,959.6,19.65,0
2021-10-15,32.4,18.4,25.1,41,11.1,957.3,19.75,0
2021-10-16,31.9,18.1,25.8,47,9.7,957.1,18.84,3
2021-10-17,30.6,22.8,25.7,73,17.8,957.7,11.49,84
2021-10-18,25.9,21.2,23.3,91,14.8,956.7,5.73,77
2021-10-19,29.5,19.4,23.8,74,13.1,960.0,18.25,1
2021-10-20,30.4,18.4,23.7,63,17.4,963.0,18.59,0
2021-10-21,30.2,18.8,23.9,44,20.1,963.3,18.72,0
2021-10-22,29.4,19.3,23.7,57,15.7,963.1,18.26,0
2021-10-23,27.9,18.2,22.8,66,14.9,963.6,16.87,11
2021-10-24,26.5,19.3,22.4,67,13.5,964.6,13.11,35
2021-10-25,28.4,18.6,23.2,61,11.2,965.4,16.66,9
2021-10-26,28.4,18.1,22.3,55,11.8,964.6,17.64,0
2021-10-27,28.4,16.6,21.9,53,10.4,966.4,17.5,1
2021-10-28,29.2,16.3,21.9,49,9.2,966.6,17.59,0
2021-10-29,27.8,15.6,21.4,47,9.8,967.8,17.59,0
2021-10-30,29.4,14.7,21.5,47,11.1,967.8,17.58,0
2021-10-31,30.0,15.1,22.3,43,11.6,965.5,17.29,1
2021-11-01,29.3,14.6,21.7,50,11.0,964.2,17.26,0
2021-11-02,27.8,14.3,20.8,52,12.7,965.3,16.92,0
2021-11-03,28.7,15.1,21.3,52,11.5,965.6,16.62,1
2021-11-04,27.7,14.9,20.9,43,11.2,964.9,17.15,0
2021-11-05,26.7,14.9,20.4,55,10.5,964.8,16.3,39
2021-11-06,28.9,14.2,21.2,50,9.0,963.8,16.46,55
2021-11-07,30.1,15.4,22.4,43,10.8,963.3,16.43,24
2021-11-08,29.7,15.9,21.6,47,9.4,965.0,16.2,42
2021-11-09,30.3,14.8,21.4,49,11.6,965.6,16.25,14
2021-11-10,29.6,15.4,21.8,48,10.1,965.0,16.14,46
2021-11-11,28.2,14.4,20.9,46,9.2,964.4,16.04,9
2021-11-12,27.6,14.5,20.7,51,8.8,964.8,15.79,28
2021-11-13,26.7,13.8,20.2,51,9.0,964.8,15.79,0
2021-11-14,24.9,12.7,19.2,53,10.0,963.7,15.8,0
2021-11-15,24.8,11.3,17.9,59,9.2,962.8,15.62,0
2021-11-16,24.5,11.4,17.3,54,9.4,963.7,15.81,8
2021-11-17,23.8,10.4,16.9,59,12.4,965.3,15.61,79
2021-11-18,22.5,13.0,17.5,68,13.7,964.4,11.29,95
2021-11-19,22.1,15.1,17.8,78,10.3,962.4,9.25,86
2021-11-20,21.1,15.4,17.2,88,10.0,962.6,7.03,56
2021-11-21,25.5,14.2,19.4,74,10.6,964.3,14.3,0
2021-11-22,26.9,15.0,19.2,44,12.3,964.5,15.26,0
2021-11-23,25.8,11.3,18.0,46,9.5,963.0,15.25,0
2021-11-24,25.3,13.1,18.7,56,10.5,963.8,14.92,0
2021-11-25,25.8,12.3,18.6,69,10.4,964.9,14.39,0
2021-11-26,26.1,14.9,19.3,76,11.3,964.9,14.32,0
2021-11-27,25.7,13.9,19.1,73,10.1,965.3,14.42,0
2021-11-28,26.0,13.6,18.8,73,10.5,966.9,14.16,2
2021-11-29,25.4,13.8,18.8,70,11.3,968.0,13.87,53
2021-11-30,24.6,12.8,18.3,51,10.7,967.6,13.42,99
2021-12-01,21.5,13.9,17.5,62,10.9,967.3,7.05,100
2021-12-02,18.7,14.4,16.3,75,11.6,967.4,3.0,99
2021-12-03,22.6,11.2,16.7,69,10.9,967.4,13.67,10
2021-12-04,23.4,11.8,17.2,71,8.7,966.4,13.71,0
2021-12-05,23.6,13.1,18.3,73,11.9,966.3,10.3,54
2021-12-06,24.2,15.0,18.9,70,9.0,966.8,11.16,58
2021-12-07,24.3,12.8,17.4,62,9.2,968.0,14.04,0
2021-12-08,22.5,10.7,15.9,61,9.2,967.7,13.93,0
2021-12-09,21.9,10.4,15.6,65,7.9,969.5,13.81,0
2021-12-10,22.7,10.1,15.7,55,10.9,970.0,13.93,0
2021-12-11,21.3,9.5,14.7,56,10.0,968.9,14.15,16
2021-12-12,20.3,8.4,13.9,67,10.8,968.7,13.89,21
2021-12-13,21.1,8.5,14.4,69,11.0,967.1,11.78,48
2021-12-14,22.0,12.1,15.9,73,10.5,966.4,11.98,26
2021-12-15,21.3,11.6,15.3,76,11.4,967.1,13.28,6
2021-12-16,21.5,11.5,15.3,73,18.8,967.4,11.19,35
2021-12-17,19.3,9.4,13.3,40,17.5,970.1,14.04,21
2021-12-18,19.4,5.2,11.5,49,10.5,970.2,14.39,0
2021-12-19,19.6,4.1,11.2,41,12.0,969.5,14.4,0
2021-12-20,20.0,4.7,12.0,43,9.7,968.1,14.05,0
2021-12-21,21.7,8.0,13.8,54,9.3,966.8,13.85,0
2021-12-22,22.2,7.2,14.4,65,11.0,964.6,13.64,11
2021-12-23,23.0,10.0,15.7,68,10.2,963.7,12.67,37
2021-12-24,23.4,10.7,15.9,68,11.5,963.6,13.34,20
2021-12-25,22.9,10.5,16.1,69,9.2,965.6,13.46,7
2021-12-26,22.4,10.3,16.1,74,13.5,966.9,12.23,60
2021-12-27,20.6,12.4,15.8,79,13.2,968.2,12.43,65
2021-12-28,15.3,11.0,13.6,85,11.8,967.5,5.0,76
2021-12-29,20.2,9.1,13.2,63,11.4,968.4,14.02,9
2021-12-30,18.6,7.0,12.0,57,10.8,972.0,13.59,24
2021-12-31,17.6,7.1,11.9,56,10.7,972.1,10.4,76
2022-01-01,19.1,6.1,12.2,66,8.2,970.8,13.4,42
2022-01-02,19.9,7.5,13.2,70,8.3,969.5,13.31,53
2022-01-03,21.3,8.4,14.1,73,8.6,968.2,13.77,21
2022-01-04,22.6,11.4,16.2,64,10.0,967.4,13.33,51
2022-01-05,15.2,12.0,13.8,90,17.1,965.3,2.53,96
2022-01-06,17.1,11.1,13.9,91,13.4,965.2,7.36,75
2022-01-07,19.7,12.1,15.1,88,18.4,964.9,7.24,85
2022-01-08,19.4,12.7,15.3,90,14.0,964.4,7.6,68
2022-01-09,18.4,9.4,13.1,75,13.6,965.0,14.04,21
2022-01-10,17.4,7.4,11.8,70,11.3,967.1,14.47,21
2022-01-11,16.6,6.9,11.4,71,11.8,967.3,14.55,12
2022-01-12,15.9,6.4,10.7,73,12.1,966.7,14.9,7
2022-01-13,16.1,5.3,10.1,75,9.1,966.6,14.96,1
2022-01-14,16.7,5.3,10.8,75,8.8,967.0,14.03,13
2022-01-15,16.3,6.2,10.5,80,8.4,968.5,14.92,5
2022-01-16,17.4,4.9,10.0,81,9.4,969.2,15.31,1
2022-01-17,17.0,5.0,10.0,84,10.1,969.7,12.48,54
2022-01-18,19.2,5.1,10.9,77,11.1,967.9,14.75,27
2022-01-19,19.4,6.6,12.2,81,9.8,965.1,14.36,26
2022-01-20,20.5,8.8,13.4,84,12.1,960.7,14.3,17
2022-01-21,19.4,8.0,13.2,85,16.9,960.9,15.06,28
2022-01-22,20.9,11.5,15.2,78,20.5,956.2,12.65,53
2022-01-23,17.1,8.2,12.2,72,18.8,959.8,13.56,19
2022-01-24,17.6,7.0,11.7,69,12.5,963.4,14.8,13
2022-01-25,17.9,6.2,11.4,67,14.3,964.4,15.53,9
2022-01-26,17.4,6.3,11.2,64,12.0,965.5,16.37,0
2022-01-27,18.1,6.0,11.3,62,9.0,966.8,16.54,0
2022-01-28,19.5,5.4,11.9,54,10.4,966.8,16.74,0
2022-01-29,21.6,7.5,13.7,55,9.4,966.7,16.68,0
2022-01-30,23.6,8.1,15.4,45,13.0,963.2,16.94,0
2022-01-31,24.3,9.1,16.3,50,12.0,961.7,16.69,0
2022-02-01,25.6,10.8,17.7,56,16.3,961.5,16.63,0
2022-02-02,23.2,9.3,15.7,66,11.3,960.9,17.1,0
2022-02-03,21.0,10.3,15.4,61,28.7,956.9,16.69,7
2022-02-04,21.5,8.6,14.0,54,16.7,960.0,17.57,0
2022-02-05,20.6,7.7,13.3,60,9.8,963.3,17.92,0
2022-02-06,22.3,7.0,14.0,63,11.4,965.2,17.67,0
2022-02-07,24.7,9.3,16.5,58,10.9,964.8,17.45,1
2022-02-08,25.6,11.7,18.5,52,13.6,963.3,16.33,9
2022-02-09,22.8,12.7,16.7,66,15.5,964.2,15.39,31
2022-02-10,22.9,9.5,15.5,55,10.7,967.6,18.33,0
2022-02-11,23.5,9.6,15.8,49,12.5,966.9,18.4,0
2022-02-12,24.0,8.3,15.5,46,9.2,965.3,18.76,0
2022-02-13,23.9,9.9,16.4,43,10.8,963.5,18.78,0
2022-02-14,25.0,10.5,17.1,43,11.8,963.2,18.83,0
2022-02-15,25.5,10.7,17.8,43,13.5,963.3,18.63,1
2022-02-16,26.9,11.4,18.6,40,14.0,961.6,18.27,9
2022-02-17,26.8,11.7,19.2,39,13.8,961.2,18.32,3
2022-02-18,25.9,11.5,19.3,37,18.7,962.6,15.73,19
2022-02-19,27.9,12.6,20.0,33,18.9,964.2,19.3,0
2022-02-20,26.9,12.1,19.6,31,26.8,960.6,19.58,0
2022-02-21,28.0,12.8,19.9,34,14.0,959.5,19.75,0
2022-02-22,29.7,12.6,20.7,47,21.3,959.8,19.57,7
2022-02-23,29.3,16.7,22.0,38,13.8,963.7,19.42,20
2022-02-24,27.9,14.8,20.6,52,16.8,965.9,17.19,46
2022-02-25,27.5,13.9,20.3,47,15.5,965.9,19.39,6
2022-02-26,27.8,14.9,20.5,51,16.2,965.3,19.79,12
2022-02-27,26.7,13.9,19.6,56,16.3,967.6,19.98,1
2022-02-28,26.7,11.6,18.6,38,12.2,967.2,21.25,0
2022-03-01,27.2,12.6,19.4,42,15.3,966.9,20.44,0
2022-03-02,28.4,13.4,20.9,44,15.9,966.6,20.38,10
2022-03-03,28.8,15.1,21.4,45,17.0,965.8,20.21,5
2022-03-04,28.1,15.0,20.9,48,16.5,967.1,21.11,0
2022-03-05,29.1,13.5,20.9,47,13.0,965.9,21.36,1
2022-03-06,28.8,13.2,21.1,43,10.8,964.2,20.74,78
2022-03-07,29.8,16.5,22.7,44,14.7,965.0,20.34,42
2022-03-08,29.8,16.0,22.8,46,13.7,965.0,19.52,85
2022-03-09,30.6,17.5,23.5,45,16.2,964.2,19.54,22
2022-03-10,30.3,16.9,23.3,43,10.3,964.3,19.97,18
2022-03-11,31.6,16.9,24.1,38,16.3,964.7,21.69,0
2022-03-12,32.6,16.9,24.3,37,12.9,963.6,21.92,0
2022-03-13,34.7,17.1,25.7,35,14.5,963.1,21.72,0
2022-03-14,36.6,18.4,27.6,32,18.4,962.6,22.0,0
2022-03-15,38.0,19.5,29.2,25,21.9,960.6,22.2,19
2022-03-16,38.5,19.9,29.1,29,21.7,959.1,22.23,16
2022-03-17,39.0,22.0,30.0,26,16.6,959.0,22.45,0
2022-03-18,36.4,20.6,28.7,46,12.7,959.3,21.33,15
2022-03-19,38.1,21.0,29.4,37,16.1,958.0,22.56,0
2022-03-20,37.1,23.4,29.8,16,23.3,957.3,23.09,3
2022-03-21,37.6,21.3,30.0,17,18.5,959.2,20.48,19
2022-03-22,37.2,23.2,29.8,24,19.0,960.3,22.91,1
2022-03-23,35.9,21.1,28.6,26,15.8,959.9,21.56,10
2022-03-24,36.3,23.0,29.1,21,17.7,958.3,23.36,1
2022-03-25,36.5,20.8,28.8,20,21.6,959.4,23.22,0
2022-03-26,37.2,20.3,28.9,17,23.1,961.9,23.8,0
2022-03-27,38.4,20.2,29.6,14,17.2,961.5,24.09,0
2022-03-28,38.8,21.4,30.2,13,13.7,960.4,24.12,0
2022-03-29,39.4,21.2,30.7,13,13.0,958.8,24.25,0
2022-03-30,39.1,23.9,31.3,16,13.6,958.6,24.11,0
2022-03-31,39.6,23.2,31.3,15,20.2,959.3,24.42,0
2022-04-01,37.6,24.3,30.6,17,15.1,960.2,24.76,0
2022-04-02,38.0,20.9,29.7,14,13.1,960.9,24.59,0
2022-04-03,39.8,22.6,31.3,10,19.8,960.6,24.96,0
2022-04-04,39.4,22.6,30.7,9,21.8,960.7,24.83,0
2022-04-05,39.4,22.6,31.2,12,17.8,963.0,24.61,75
2022-04-06,39.6,22.0,31.2,11,18.1,962.8,24.8,49
2022-04-07,40.7,22.8,32.0,10,17.2,962.1,25.02,1
2022-04-08,41.7,23.9,32.9,9,20.5,959.8,25.04,0
2022-04-09,42.1,25.0,33.8,11,21.1,958.6,23.41,10
2022-04-10,41.9,27.0,33.6,12,16.5,958.2,24.8,4
2022-04-11,41.5,26.5,33.6,14,18.1,957.5,24.87,47
2022-04-12,39.7,27.6,32.5,15,18.3,957.2,20.57,76
2022-04-13,38.8,23.6,31.5,14,19.1,956.6,25.09,0
2022-04-14,39.2,25.1,32.5,17,18.6,956.6,24.43,20
2022-04-15,39.8,25.0,32.4,17,19.6,955.9,22.51,31
2022-04-16,40.2,25.4,32.6,10,15.8,955.4,25.64,1
2022-04-17,40.5,23.8,32.6,15,22.4,956.5,24.11,17
2022-04-18,41.6,26.6,33.5,17,18.2,958.6,24.51,6
2022-04-19,40.6,27.9,34.0,16,20.9,961.1,24.11,7
2022-04-20,40.4,27.2,33.9,15,15.8,959.5,24.12,51
2022-04-21,36.3,26.0,31.4,21,21.4,959.8,17.32,71
2022-04-22,38.4,23.7,31.0,23,14.8,960.2,23.94,24
2022-04-23,39.2,24.0,31.9,17,13.8,960.2,24.6,7
2022-04-24,40.0,25.6,32.8,15,14.9,959.3,24.98,9
2022-04-25,40.4,24.0,32.8,17,21.7,958.0,24.71,11
2022-04-26,40.7,26.1,33.3,18,17.1,958.4,23.52,14
2022-04-27,41.9,27.3,34.4,15,21.6,957.9,24.76,0
2022-04-28,42.5,26.2,34.5,15,20.2,958.3,24.42,3
2022-04-29,42.0,27.8,34.6,14,17.6,958.3,24.71,0
2022-04-30,41.7,27.6,34.6,15,13.7,955.3,24.36,4
2022-05-01,42.8,28.0,35.0,20,22.6,953.5,22.61,17
2022-05-02,42.4,27.6,35.0,19,23.8,954.0,23.0,11
2022-05-03,40.0,27.7,33.8,17,21.1,956.6,24.24,0
2022-05-04,39.5,26.0,33.0,20,20.3,958.3,22.78,6
2022-05-05,39.6,23.6,32.0,33,11.8,958.6,23.19,9
2022-05-06,39.7,25.8,32.8,25,10.8,958.5,21.9,13
2022-05-07,41.1,26.5,33.6,22,23.3,958.1,20.59,21
2022-05-08,42.5,26.5,34.8,17,25.8,956.0,24.43,2
2022-05-09,43.3,26.3,34.9,22,21.3,955.4,23.66,9
2022-05-10,44.0,27.2,34.8,27,22.6,955.5,22.42,17
2022-05-11,43.9,27.2,35.3,26,25.5,954.5,21.19,23
2022-05-12,44.3,29.0,36.1,20,19.6,953.4,23.32,7
2022-05-13,44.5,32.2,38.1,12,26.9,951.7,24.31,5
2022-05-14,44.2,31.2,37.3,13,27.0,952.1,24.47,1
2022-05-15,43.3,30.5,36.4,17,20.2,953.5,19.21,29
2022-05-16,40.5,31.2,35.0,14,21.4,953.9,24.3,3
2022-05-17,41.5,29.0,34.8,18,24.8,953.5,23.53,15
2022-05-18,41.6,26.3,34.5,16,17.2,954.5,23.44,7
2022-05-19,44.5,27.0,36.0,15,19.6,954.8,22.31,17
2022-05-20,43.5,30.5,36.9,15,23.7,953.0,22.77,6
2022-05-21,39.8,30.8,34.9,23,24.0,950.7,23.2,11
2022-05-22,40.2,28.3,34.2,32,19.2,949.1,22.77,10
2022-05-23,35.8,24.9,30.2,47,23.8,950.0,18.63,35
2022-05-24,37.2,22.2,28.5,55,23.3,955.1,22.77,12
2022-05-25,38.5,23.9,31.1,42,21.2,957.1,23.81,0
2022-05-26,40.0,24.6,32.4,35,18.8,955.5,22.46,8
2022-05-27,39.3,27.8,33.5,32,20.7,953.8,23.0,4
2022-05-28,39.7,28.6,33.8,39,24.4,952.7,23.44,9
2022-05-29,41.1,29.2,35.0,34,23.2,952.8,22.31,12
2022-05-30,40.8,28.7,34.5,33,26.1,953.3,20.79,13
2022-05-31,42.1,28.7,34.9,27,23.2,953.8,23.48,4
2022-06-01,41.2,29.1,35.2,21,16.2,954.5,20.35,13
2022-06-02,41.5,29.2,35.8,19,19.9,954.1,22.45,8
2022-06-03,42.2,29.8,36.1,19,19.7,953.3,17.63,42
2022-06-04,43.0,30.4,36.5,15,23.4,953.9,22.67,28
2022-06-05,41.8,29.3,35.4,14,24.7,954.4,24.08,2
2022-06-06,40.5,29.2,34.9,21,22.3,953.7,19.11,28
2022-06-07,42.2,32.2,36.4,20,27.6,953.6,22.04,37
2022-06-08,41.0,30.7,35.6,19,25.7,953.6,24.67,1
2022-06-09,40.9,31.2,35.1,26,20.2,952.2,20.88,18
2022-06-10,41.8,30.4,35.8,25,23.9,952.9,22.96,6
2022-06-11,41.5,30.3,35.7,25,26.0,953.5,22.83,8
2022-06-12,41.0,29.4,35.3,31,23.1,954.4,21.28,35
2022-06-13,39.8,31.1,34.8,36,22.5,956.3,18.04,63
2022-06-14,35.3,27.9,30.9,54,18.0,955.8,13.64,72
2022-06-15,39.1,28.5,33.1,48,22.7,954.4,20.35,34
2022-06-16,38.3,29.0,32.6,50,18.5,954.1,19.52,22
2022-06-17,36.9,27.0,31.7,52,18.8,954.2,15.43,41
2022-06-18,37.7,25.7,29.9,62,23.2,954.5,19.4,30
2022-06-19,32.7,22.9,26.9,76,24.1,954.2,17.2,50
2022-06-20,32.0,23.9,26.9,76,13.3,952.4,18.05,52
2022-06-21,32.9,22.9,27.5,71,17.4,951.3,19.91,30
2022-06-22,34.0,25.5,29.3,63,13.5,955.4,21.38,13
2022-06-23,36.2,26.2,30.8,49,13.5,957.3,21.97,14
2022-06-24,37.3,25.3,31.1,43,11.8,954.9,24.74,0
2022-06-25,38.2,25.4,32.1,36,11.7,951.9,24.22,13
2022-06-26,39.1,26.2,33.2,38,16.6,952.2,23.38,41
2022-06-27,38.4,29.1,33.8,49,15.3,953.6,22.59,60
2022-06-28,41.5,29.9,35.0,46,21.7,952.0,22.04,100
2022-06-29,39.9,29.6,34.6,47,24.1,950.3,21.81,100
2022-06-30,32.9,25.3,28.1,81,17.9,951.4,12.84,100
2022-07-01,31.3,24.1,26.3,88,11.5,952.1,12.19,99
2022-07-02,32.7,24.6,27.8,80,11.3,950.8,19.76,71
2022-07-03,32.4,24.4,27.6,83,9.4,951.6,17.6,88
2022-07-04,33.6,25.2,29.4,76,8.9,951.4,20.69,66
2022-07-05,34.8,24.8,30.5,72,16.6,950.8,21.44,75
2022-07-06,34.1,28.2,30.6,71,21.7,953.3,20.06,64
2022-07-07,34.1,26.4,29.6,75,19.5,955.0,21.81,71
2022-07-08,34.8,25.0,30.1,72,15.1,953.0,22.95,38
2022-07-09,33.5,25.1,29.2,76,16.9,951.3,21.25,85
2022-07-10,32.2,24.7,27.8,80,9.8,952.7,12.58,73
2022-07-11,33.6,25.6,29.5,74,9.8,953.5,22.23,13
2022-07-12,34.7,26.2,30.3,70,10.7,952.8,21.65,25
2022-07-13,33.4,25.9,29.8,73,13.3,950.7,17.84,42
2022-07-14,33.8,25.6,29.8,71,18.4,950.0,20.98,50
2022-07-15,33.2,26.9,29.8,67,21.3,951.2,21.28,51
2022-07-16,32.1,25.2,27.1,82,15.4,952.4,14.7,79
2022-07-17,32.5,24.3,28.0,83,12.7,954.4,18.48,80
2022-07-18,33.8,25.4,29.0,79,13.8,953.8,19.14,55
2022-07-19,34.6,25.2,30.0,77,8.3,952.8,22.67,50
2022-07-20,33.5,25.5,28.2,83,20.1,953.4,18.86,100
2022-07-21,31.8,24.4,27.5,83,14.5,954.7,18.23,100
2022-07-22,32.6,23.8,27.1,84,11.7,956.0,16.3,100
2022-07-23,28.5,24.2,25.6,91,12.1,953.7,7.6,100
2022-07-24,31.2,24.3,26.9,86,18.8,953.1,16.46,99
2022-07-25,30.2,24.1,26.2,87,16.3,955.5,15.49,88
2022-07-26,29.3,23.9,25.7,89,17.0,956.5,12.95,80
2022-07-27,30.6,23.6,26.5,85,16.9,957.0,17.68,90
2022-07-28,30.6,24.7,27.2,81,15.5,958.6,16.19,98
2022-07-29,31.0,24.8,27.7,77,15.5,958.1,19.56,99
2022-07-30,31.1,24.7,27.8,71,17.7,956.5,19.61,91
2022-07-31,29.9,24.6,26.8,79,23.6,954.4,19.61,74
2022-08-01,29.9,24.5,26.5,83,18.1,954.6,15.34,76
2022-08-02,31.4,24.2,27.4,81,16.3,954.3,19.88,76
2022-08-03,31.8,24.1,27.4,81,13.8,955.2,18.36,97
2022-08-04,31.6,25.5,28.0,83,11.9,955.0,18.39,99
2022-08-05,31.0,24.8,27.2,86,8.2,953.5,16.42,82
2022-08-06,31.9,24.4,27.9,82,9.4,952.0,22.11,59
2022-08-07,31.8,25.5,27.9,85,12.1,951.7,17.91,100
2022-08-08,31.6,24.8,28.1,81,11.5,951.4,18.19,81
2022-08-09,32.2,25.8,29.0,78,17.0,950.9,21.28,53
2022-08-10,33.1,26.2,29.5,72,22.3,949.1,23.22,18
2022-08-11,30.4,26.3,27.7,76,33.2,950.2,14.99,88
2022-08-12,29.6,24.8,26.4,84,22.5,950.9,16.01,92
2022-08-13,30.4,23.9,26.6,86,18.1,951.6,18.05,82
2022-08-14,31.0,24.6,26.6,83,15.0,954.6,13.74,93
2022-08-15,30.2,23.5,26.3,85,17.9,954.6,15.62,90
2022-08-16,27.7,23.6,24.8,90,29.0,951.3,10.81,91
2022-08-17,30.0,23.4,25.3,89,28.0,953.8,12.93,71
2022-08-18,30.1,23.1,26.6,80,19.0,955.0,19.56,34
2022-08-19,30.4,24.0,27.0,80,14.9,955.6,20.07,36
2022-08-20,31.3,24.1,27.5,77,18.7,955.9,20.38,94
2022-08-21,31.7,25.0,27.1,80,14.5,954.4,17.93,99
2022-08-22,30.6,24.2,26.4,83,21.8,951.6,12.71,100
2022-08-23,28.3,24.5,25.6,83,29.8,951.1,12.69,85
2022-08-24,29.8,23.1,26.1,79,19.9,956.7,20.13,65
2022-08-25,28.5,23.4,25.2,86,12.6,957.4,13.41,76
2022-08-26,30.6,24.0,26.8,75,15.0,957.4,21.01,53
2022-08-27,30.6,23.9,26.8,73,18.0,957.1,22.63,19
2022-08-28,30.7,23.4,26.5,73,15.5,957.3,22.71,40
2022-08-29,30.9,23.2,26.8,71,10.5,960.0,19.08,71
2022-08-30,32.6,23.8,27.6,71,9.4,960.6,21.7,40
2022-08-31,32.6,25.4,28.3,74,14.0,958.6,20.48,62
2022-09-01,33.4,25.7,29.0,71,12.5,958.5,21.69,70
2022-09-02,32.5,25.9,28.4,76,12.5,959.8,19.46,86
2022-09-03,32.3,25.1,28.5,71,16.3,957.9,21.77,29
2022-09-04,32.0,24.4,27.8,71,16.0,956.6,22.84,9
2022-09-05,31.3,23.2,27.0,71,13.8,957.6,21.61,7
2022-09-06,32.4,23.7,27.8,67,11.1,958.7,21.95,7
2022-09-07,33.3,24.7,28.8,63,10.6,959.9,21.83,10
2022-09-08,34.1,25.3,29.5,62,9.4,960.3,21.76,4
2022-09-09,33.3,25.3,29.3,65,10.4,959.6,21.29,4
2022-09-10,33.0,25.7,28.9,73,14.0,958.6,19.87,14
2022-09-11,31.9,25.3,28.5,74,14.5,956.4,18.33,29
2022-09-12,32.9,25.9,28.8,69,17.8,954.5,21.0,13
2022-09-13,31.9,25.4,27.8,71,21.9,954.7,19.5,52
2022-09-14,31.3,24.2,26.6,80,21.0,955.1,16.62,86
2022-09-15,31.2,24.0,26.8,79,15.5,954.3,17.21,67
2022-09-16,32.8,22.5,27.3,74,19.5,952.9,20.8,17
2022-09-17,31.9,24.2,27.7,69,19.5,955.5,21.68,19
2022-09-18,34.0,24.1,28.3,60,19.2,958.4,21.51,7
2022-09-19,34.4,24.7,29.0,57,17.0,958.3,20.82,28
2022-09-20,34.2,23.6,28.4,62,16.2,957.5,19.29,27
2022-09-21,34.0,23.7,27.2,73,20.0,957.1,19.93,53
2022-09-22,28.4,23.1,24.9,85,17.9,956.0,8.6,96
2022-09-23,27.6,23.0,24.4,90,12.1,955.0,9.05,100
2022-09-24,27.9,22.9,25.2,85,25.0,954.3,9.37,100
2022-09-25,30.4,23.7,26.4,73,18.2,957.8,19.79,54
2022-09-26,30.9,22.3,26.0,75,10.3,961.0,18.77,22
2022-09-27,31.6,22.3,26.4,70,11.5,959.7,20.28,6
2022-09-28,32.1,22.6,26.9,64,13.2,958.8,19.81,11
2022-09-29,32.3,22.8,26.9,62,13.5,958.9,18.79,10
2022-09-30,33.1,23.1,27.1,58,16.0,959.1,20.1,4
2022-10-01,33.3,23.3,27.2,54,17.1,958.4,19.99,8
2022-10-02,33.1,23.2,27.0,51,18.0,959.0,19.65,5
2022-10-03,33.0,23.2,27.0,50,17.9,959.9,19.86,5
2022-10-04,33.3,22.4,27.5,52,17.8,960.7,19.3,22
2022-10-05,32.4,23.8,27.5,64,14.2,959.7,18.38,37
2022-10-06,32.1,22.2,26.3,72,16.9,959.7,19.33,55
2022-10-07,26.4,22.1,24.1,83,13.7,960.5,5.31,100
2022-10-08,25.3,22.1,23.0,94,17.5,960.1,5.59,100
2022-10-09,27.0,21.9,23.4,91,11.0,960.3,7.65,94
2022-10-10,29.3,21.3,24.7,80,9.0,962.0,17.37,33
2022-10-11,28.7,20.6,24.1,80,10.7,961.3,17.97,17
2022-10-12,30.0,19.8,23.9,71,9.5,962.6,19.49,1
2022-10-13,29.7,17.4,23.3,64,11.6,963.9,19.47,0
2022-10-14,29.7,17.3,22.9,61,12.6,963.9,19.49,0
2022-10-15,29.7,17.5,23.0,62,10.0,963.1,19.33,0
2022-10-16,29.0,19.4,24.3,54,8.9,965.2,19.17,0
2022-10-17,29.3,18.7,23.6,54,9.7,965.5,19.04,0
2022-10-18,29.9,18.7,23.7,56,10.2,963.9,19.0,0
2022-10-19,30.0,18.5,23.5,55,11.3,963.6,18.72,0
2022-10-20,29.6,17.3,23.3,54,11.9,964.9,18.63,1
2022-10-21,30.1,18.4,23.8,46,12.5,967.2,18.4,0
2022-10-22,30.4,18.8,23.6,48,13.2,968.1,18.09,1
2022-10-23,29.5,17.0,22.8,49,13.5,966.8,18.29,0
2022-10-24,29.2,16.2,21.9,51,9.9,962.9,18.48,0
2022-10-25,30.0,15.4,22.4,45,14.8,961.5,18.17,0
2022-10-26,31.0,18.3,23.8,44,12.5,964.4,17.93,0
2022-10-27,31.4,18.6,24.2,45,10.9,964.6,17.76,0
2022-10-28,31.5,18.3,24.2,45,12.6,964.5,17.48,4
2022-10-29,30.6,17.5,23.4,48,11.6,965.1,17.65,0
2022-10-30,30.2,16.2,22.7,55,9.2,965.9,17.27,0
2022-10-31,29.9,19.6,23.9,50,9.1,965.8,17.07,0
2022-11-01,29.8,17.0,22.9,56,11.1,965.9,16.88,0
2022-11-02,31.9,19.3,24.6,43,16.3,964.7,17.1,0
2022-11-03,31.4,17.8,24.6,52,12.1,964.0,16.54,3
2022-11-04,32.4,17.9,24.7,49,11.7,964.8,16.63,0
2022-11-05,33.0,18.8,24.9,46,10.5,966.0,16.44,0
2022-11-06,31.5,19.6,25.0,48,9.0,966.9,15.21,91
2022-11-07,30.8,18.7,24.8,43,10.7,966.2,12.41,59
2022-11-08,28.4,19.0,22.9,54,15.2,966.2,12.55,33
2022-11-09,28.2,16.5,21.6,67,11.3,966.3,14.99,9
2022-11-10,28.6,16.8,21.7,65,10.8,967.4,14.49,8
2022-11-11,28.3,16.8,21.5,52,13.5,968.3,15.8,0
2022-11-12,27.2,15.2,20.4,51,13.9,967.8,15.71,0
2022-11-13,27.8,13.7,20.3,51,8.9,966.2,15.59,8
2022-11-14,26.8,14.0,19.9,58,11.4,966.1,15.43,1
2022-11-15,27.3,14.7,21.1,58,9.1,966.1,14.92,6
2022-11-16,26.5,16.1,20.4,50,13.3,965.4,15.24,0
2022-11-17,25.8,13.9,19.3,45,15.8,965.9,15.42,0
2022-11-18,25.5,12.2,18.6,45,11.8,966.4,15.35,0
2022-11-19,26.2,13.0,18.8,52,9.9,966.6,15.09,2
2022-11-20,26.4,12.5,18.5,50,9.3,965.5,15.16,0
2022-11-21,27.4,13.4,19.7,45,11.3,964.9,15.12,0
2022-11-22,26.2,12.6,19.1,44,9.3,965.0,14.95,0
2022-11-23,25.5,12.2,18.5,41,10.9,965.4,15.33,4
2022-11-24,25.3,10.8,17.6,38,10.0,965.0,15.32,1
2022-11-25,25.3,11.4,18.0,45,9.2,966.7,14.88,65
2022-11-26,26.3,11.3,18.0,47,9.2,964.3,14.98,0
2022-11-27,25.8,11.8,18.3,47,9.2,962.1,14.88,0
2022-11-28,24.8,11.5,18.2,56,9.2,963.4,14.54,0
2022-11-29,24.9,11.7,17.4,64,8.7,965.3,14.38,46
2022-11-30,24.9,10.9,17.4,64,6.8,966.6,14.33,37
2022-12-01,23.8,10.9,17.2,66,7.9,965.7,14.39,0
2022-12-02,23.4,13.3,17.4,62,9.0,964.5,14.29,0
2022-12-03,24.2,10.8,16.9,63,7.9,964.9,14.26,0
2022-12-04,24.4,11.5,16.7,65,8.2,965.7,14.22,3
2022-12-05,22.9,10.3,16.2,64,9.3,967.2,14.1,0
2022-12-06,23.8,9.7,16.0,60,8.6,966.8,14.23,0
2022-12-07,24.9,10.5,16.7,50,13.5,966.1,14.32,0
2022-12-08,26.0,10.6,17.5,51,12.3,966.1,14.07,0
2022-12-09,25.3,11.0,17.7,54,8.7,964.9,13.95,0
2022-12-10,25.3,10.8,17.3,63,10.2,965.1,13.92,0
2022-12-11,26.4,12.6,18.1,59,11.3,965.8,13.9,0
2022-12-12,26.5,13.4,18.6,50,13.0,965.2,13.58,0
2022-12-13,26.0,14.2,18.6,39,15.8,966.9,13.77,0
2022-12-14,25.1,12.9,17.6,44,14.8,966.8,13.88,5
2022-12-15,24.1,11.3,16.2,44,11.7,965.4,14.19,8
2022-12-16,23.8,8.8,15.6,47,9.7,964.0,14.22,3
2022-12-17,24.4,8.7,15.8,60,9.6,965.5,14.13,0
2022-12-18,23.9,10.6,16.5,64,8.4,965.9,13.95,9
2022-12-19,23.9,12.1,16.7,61,9.0,964.7,13.75,49
2022-12-20,24.1,9.7,16.4,63,8.0,963.8,13.77,21
2022-12-21,22.9,11.2,16.0,64,13.9,964.7,13.39,14
2022-12-22,22.6,11.1,15.5,59,13.8,964.2,13.54,0
2022-12-23,21.3,10.3,14.9,61,14.8,963.2,13.55,0
2022-12-24,20.9,9.6,14.3,55,15.2,965.3,13.93,14
2022-12-25,19.7,6.6,12.5,51,12.0,966.1,14.12,27
2022-12-26,19.7,5.7,11.9,58,9.9,967.5,14.08,6
2022-12-27,22.2,6.8,13.5,56,10.5,968.0,14.04,1
2022-12-28,23.2,8.7,15.1,44,12.2,968.1,13.83,0
2022-12-29,23.4,10.7,16.3,50,10.9,968.1,13.56,3
2022-12-30,24.8,11.6,17.6,54,16.8,968.8,12.8,15
2022-12-31,21.8,10.3,14.8,60,18.2,969.5,14.27,3
2023-01-01,19.7,7.2,12.6,62,10.5,969.5,14.26,1
2023-01-02,19.1,7.2,12.2,72,8.5,970.0,14.03,3
2023-01-03,19.3,6.9,11.9,70,9.0,970.9,14.09,6
2023-01-04,18.4,5.2,10.6,64,12.1,971.5,14.76,0
2023-01-05,18.5,3.2,9.5,73,9.0,972.1,14.77,1
2023-01-06,18.2,3.6,9.4,74,9.8,972.5,13.81,25
2023-01-07,20.0,4.5,11.0,71,8.0,970.8,14.09,43
2023-01-08,23.0,6.6,13.9,64,9.9,968.6,14.69,2
2023-01-09,23.5,8.7,15.5,71,9.3,969.4,14.04,49
2023-01-10,23.8,8.9,15.4,68,11.0,968.6,14.22,7
2023-01-11,23.1,9.0,15.6,66,14.0,964.2,14.33,6
2023-01-12,23.5,12.7,17.3,73,10.2,961.7,13.02,39
2023-01-13,23.5,12.2,17.1,67,19.6,962.9,14.2,20
2023-01-14,18.2,8.1,12.6,55,13.0,966.6,15.49,1
2023-01-15,16.9,3.9,9.9,47,10.4,965.5,15.87,2
2023-01-16,17.9,3.5,10.4,40,9.9,966.0,15.69,0
2023-01-17,18.2,3.6,10.6,47,8.3,966.7,15.79,0
2023-01-18,18.6,4.6,11.0,44,10.6,968.1,15.52,0
2023-01-19,19.9,6.5,12.6,49,11.4,968.0,15.18,49
2023-01-20,20.2,8.6,13.5,60,16.3,966.3,15.24,28
2023-01-21,21.4,8.6,14.6,62,13.0,966.1,15.34,10
2023-01-22,20.6,10.9,15.4,67,15.1,965.2,12.59,32
2023-01-23,21.8,10.2,15.8,70,14.4,964.8,14.26,22
2023-01-24,21.8,11.7,16.3,82,14.3,963.7,13.58,25
2023-01-25,21.3,11.2,15.0,70,14.8,965.4,15.74,8
2023-01-26,20.4,9.8,14.0,52,15.2,968.0,16.51,3
2023-01-27,20.9,6.3,12.3,50,13.1,968.2,16.88,0
2023-01-28,22.0,6.3,13.7,45,11.2,965.1,17.0,3
2023-01-29,19.2,12.3,14.6,78,21.1,963.5,7.23,95
2023-01-30,19.6,11.5,15.0,84,16.7,966.7,12.69,55
2023-01-31,20.9,10.2,14.5,77,12.7,968.9,16.67,11
2023-02-01,21.8,8.1,13.7,68,15.6,968.3,17.34,0
2023-02-02,23.4,8.4,15.1,59,12.1,967.2,17.29,0
2023-02-03,24.3,8.7,15.6,57,10.2,966.7,17.27,0
2023-02-04,24.9,10.3,17.0,54,11.3,964.8,17.03,0
2023-02-05,25.7,11.5,18.0,54,10.1,963.3,17.15,0
2023-02-06,26.4,12.0,18.8,59,13.1,962.6,17.16,3
2023-02-07,25.4,12.7,18.0,50,16.3,963.0,17.85,0
2023-02-08,25.4,11.0,17.5,49,11.0,964.6,17.74,0
2023-02-09,26.3,10.7,18.4,54,16.6,963.2,17.59,2
2023-02-10,28.4,14.0,20.1,49,20.3,962.2,17.93,1
2023-02-11,27.7,16.0,20.5,45,13.6,964.7,18.32,0
2023-02-12,24.9,11.6,17.8,32,22.1,968.3,18.67,0
2023-02-13,24.3,9.8,16.1,27,17.1,967.7,18.88,0
2023-02-14,27.1,11.8,18.7,27,12.3,966.7,18.55,1
2023-02-15,29.9,14.8,21.0,29,16.4,964.7,18.84,0
2023-02-16,30.7,13.5,21.2,41,10.6,965.4,19.03,11
2023-02-17,29.9,14.4,21.1,56,10.0,966.5,19.13,10
2023-02-18,30.1,14.4,21.2,60,11.0,966.0,19.22,0
2023-02-19,29.7,14.1,21.6,57,10.5,965.0,19.38,16
2023-02-20,31.7,16.6,22.9,48,13.8,962.8,19.52,40
2023-02-21,31.4,18.5,23.6,33,15.5,962.6,19.34,14
2023-02-22,30.2,16.7,23.0,41,12.9,963.4,18.94,44
2023-02-23,29.7,16.1,22.2,46,11.6,964.1,19.33,15
2023-02-24,28.6,16.6,22.3,40,11.9,966.0,17.11,78
2023-02-25,29.8,15.7,22.5,46,9.8,967.1,19.75,1
2023-02-26,29.8,15.0,22.8,45,9.8,968.6,19.38,25
2023-02-27,30.3,16.9,23.0,43,11.4,968.3,19.57,23
2023-02-28,30.0,17.2,23.4,42,17.7,968.0,19.48,5
2023-03-01,29.0,16.9,22.6,48,17.4,969.0,18.51,15
2023-03-02,31.0,16.8,23.6,44,15.5,969.5,19.87,7
2023-03-03,31.4,17.1,23.8,47,13.0,970.1,19.86,11
2023-03-04,31.1,19.1,23.7,47,12.2,970.4,18.04,29
2023-03-05,30.6,16.7,23.4,47,13.5,969.3,20.11,16
2023-03-06,30.3,16.4,23.0,45,14.7,967.2,20.47,38
2023-03-07,29.8,16.0,22.6,46,11.1,966.7,19.07,69
2023-03-08,25.2,16.7,21.1,48,12.0,967.7,16.34,45
2023-03-09,28.6,15.6,21.1,57,14.7,967.6,17.72,18
2023-03-10,29.9,15.8,22.2,50,11.9,967.1,21.33,1
2023-03-11,30.0,16.1,22.9,46,10.0,966.7,21.49,5
2023-03-12,31.5,17.9,24.8,40,8.9,966.1,21.28,46
2023-03-13,32.4,19.6,25.1,42,10.2,964.8,18.23,75
2023-03-14,32.9,17.5,24.6,41,14.2,962.2,20.15,22
2023-03-15,31.9,18.2,24.9,37,16.3,960.9,17.64,85
2023-03-16,30.0,20.7,24.4,39,14.4,961.9,16.49,69
2023-03-17,30.5,18.4,22.6,54,28.0,962.9,19.23,51
2023-03-18,27.7,16.1,21.5,66,19.8,961.5,20.61,55
2023-03-19,27.8,16.7,20.5,75,16.6,959.8,18.64,54
2023-03-20,25.0,15.7,19.1,77,20.8,958.8,15.42,72
2023-03-21,28.3,13.9,20.8,65,12.7,959.7,21.6,5
2023-03-22,28.1,15.2,20.5,68,16.5,961.7,19.58,47
2023-03-23,29.3,16.5,22.4,58,11.5,960.8,19.73,49
2023-03-24,29.5,17.9,22.9,61,14.1,959.9,20.17,41
2023-03-25,29.8,16.5,23.1,52,11.0,962.3,21.09,23
2023-03-26,28.8,17.8,22.8,52,15.4,962.5,20.24,22
2023-03-27,30.2,17.8,23.5,38,18.5,962.1,22.87,12
2023-03-28,31.7,16.3,24.5,35,15.5,961.8,23.5,21
2023-03-29,32.0,18.2,25.1,38,14.2,961.8,19.22,36
2023-03-30,31.4,18.5,23.6,50,25.2,960.3,17.78,58
2023-03-31,26.9,16.2,19.9,79,20.7,959.7,18.69,43
2023-04-01,28.1,15.2,21.3,68,15.6,960.5,21.45,28
2023-04-02,30.4,16.5,23.1,54,18.8,960.3,19.84,15
2023-04-03,32.5,17.7,25.7,38,24.8,958.8,22.26,11
2023-04-04,31.2,18.6,24.8,44,15.2,960.8,22.88,5
2023-04-05,32.5,19.4,25.2,40,12.2,961.5,22.53,10
2023-04-06,31.2,19.5,25.1,35,19.0,963.6,22.59,12
2023-04-07,33.8,20.5,26.6,27,15.3,965.4,21.62,28
2023-04-08,33.5,19.3,26.8,24,13.4,966.1,22.8,50
2023-04-09,34.8,19.8,27.1,22,14.8,966.0,24.11,2
2023-04-10,35.5,19.6,27.6,19,17.3,964.5,24.33,52
2023-04-11,37.0,21.1,28.7,23,14.4,964.2,23.58,38
2023-04-12,36.1,22.5,29.3,24,16.4,963.8,22.62,32
2023-04-13,36.9,22.6,29.9,26,10.7,962.4,23.36,63
2023-04-14,37.9,24.1,30.7,25,16.6,961.3,21.68,56
2023-04-15,38.8,24.1,31.3,23,12.1,961.1,23.53,14
2023-04-16,37.5,24.0,31.3,24,14.5,960.2,22.25,16
2023-04-17,38.1,23.7,31.2,24,16.6,960.3,24.35,14
2023-04-18,39.3,25.6,32.4,21,18.7,961.6,23.91,5
2023-04-19,37.3,26.0,31.6,24,24.1,959.0,22.88,62
2023-04-20,35.5,25.3,30.3,25,26.0,956.0,21.9,83
2023-04-21,35.6,22.6,29.4,15,20.4,956.4,25.3,10
2023-04-22,36.2,22.0,28.8,18,17.9,956.9,24.36,9
2023-04-23,33.1,21.9,26.7,23,27.0,958.2,21.46,26
2023-04-24,32.2,18.7,25.7,31,13.8,961.5,23.11,7
2023-04-25,33.8,20.0,26.8,33,13.2,962.8,24.37,50
2023-04-26,35.0,21.4,28.1,29,14.2,960.5,23.21,70
2023-04-27,35.4,22.1,28.3,38,22.0,960.1,22.63,63
2023-04-28,33.3,22.5,26.6,43,22.6,961.0,17.88,94
2023-04-29,30.1,21.7,25.3,51,19.6,960.1,16.65,96
2023-04-30,29.9,19.1,23.2,66,9.0,958.8,16.36,81
2023-05-01,28.5,18.2,22.4,76,15.4,958.3,19.96,65
2023-05-02,31.4,17.9,24.4,65,12.8,959.7,22.71,26
2023-05-03,31.7,19.4,24.5,65,22.7,961.4,19.96,18
2023-05-04,32.3,19.0,25.5,59,9.4,961.0,21.13,32
2023-05-05,35.1,19.8,27.8,46,13.5,960.0,22.0,22
2023-05-06,36.8,22.3,29.6,36,22.9,958.8,22.12,14
2023-05-07,38.2,22.0,30.4,31,16.6,958.0,21.89,17
2023-05-08,38.5,24.5,31.5,21,21.6,957.2,24.99,3
2023-05-09,39.2,24.6,31.6,14,19.9,959.6,25.12,0
2023-05-10,38.9,22.5,30.7,15,23.4,959.5,25.01,0
2023-05-11,40.4,22.4,31.5,15,18.3,959.7,24.9,0
2023-05-12,42.3,24.0,33.6,16,23.5,958.8,23.46,11
2023-05-13,43.4,26.6,35.5,13,21.1,957.6,23.55,16
2023-05-14,42.0,27.9,34.5,18,22.8,955.6,21.72,33
2023-05-15,40.9,25.8,33.7,22,21.9,955.5,22.66,19
2023-05-16,38.5,28.6,33.1,31,25.2,957.8,19.49,25
2023-05-17,39.4,27.9,33.6,29,20.8,958.9,20.56,20
2023-05-18,38.4,26.0,31.9,29,16.9,961.4,22.23,13
2023-05-19,39.9,25.6,32.9,26,18.2,959.9,23.63,2
2023-05-20,41.5,25.6,34.2,19,21.3,958.0,23.96,3
2023-05-21,42.5,31.0,35.9,19,22.0,958.7,21.35,17
2023-05-22,42.1,30.3,35.9,22,24.4,959.4,23.04,12
2023-05-23,41.3,30.7,35.5,25,19.3,959.5,21.77,64
2023-05-24,36.9,23.5,28.9,54,17.3,958.4,11.33,75
2023-05-25,34.4,24.2,28.2,58,22.0,957.5,18.62,50
2023-05-26,34.1,20.8,27.5,61,18.5,958.2,22.51,27
2023-05-27,33.3,21.3,27.4,64,29.0,957.6,19.75,30
2023-05-28,35.7,21.4,28.5,60,28.3,958.9,20.71,72
2023-05-29,32.5,23.6,27.7,58,16.6,959.8,20.32,65
2023-05-30,35.5,22.7,28.4,54,19.5,960.1,22.34,29
2023-05-31,32.1,20.9,26.7,57,19.9,959.6,21.76,11
2023-06-01,35.6,22.2,28.1,52,18.8,958.7,22.56,22
2023-06-02,33.4,21.1,27.8,62,18.7,958.4,21.39,22
2023-06-03,36.5,24.0,29.2,56,23.9,958.3,20.27,59
2023-06-04,35.4,23.2,29.3,49,14.4,958.3,21.29,34
2023-06-05,36.1,24.1,30.3,46,14.9,957.4,22.71,5
2023-06-06,38.1,24.1,31.3,38,26.0,957.0,22.35,7
2023-06-07,39.0,25.4,32.1,32,14.7,956.8,23.61,2
2023-06-08,37.9,26.4,32.0,38,24.3,956.9,19.71,18
2023-06-09,39.2,27.9,33.2,40,20.9,954.6,21.51,8
2023-06-10,39.0,28.9,33.5,40,26.0,953.5,22.81,3
2023-06-11,39.2,28.4,33.6,43,22.0,953.5,22.36,10
2023-06-12,39.5,29.7,34.4,34,21.9,953.6,22.73,6
2023-06-13,39.6,30.1,34.7,35,20.6,953.8,21.92,9
2023-06-14,38.7,30.2,33.9,41,24.5,954.7,22.75,4
2023-06-15,38.3,29.7,32.9,46,21.6,955.3,21.64,32
2023-06-16,34.7,27.6,31.0,54,20.5,954.8,16.18,50
2023-06-17,34.6,26.0,29.1,65,22.3,954.1,15.22,77
2023-06-18,31.1,24.6,26.8,78,29.7,952.0,9.71,88
2023-06-19,30.4,24.4,25.7,88,27.5,950.6,6.03,91
2023-06-20,33.0,23.0,27.1,82,22.1,953.0,18.62,55
2023-06-21,34.9,25.4,29.8,71,22.0,954.1,22.27,72
2023-06-22,35.2,27.0,31.1,63,21.9,954.4,20.03,95
2023-06-23,35.9,27.4,31.5,61,21.7,954.3,19.82,97
2023-06-24,37.8,27.5,31.5,61,20.9,953.2,21.36,92
2023-06-25,32.0,26.2,28.9,71,20.6,953.6,12.18,100
2023-06-26,33.4,25.1,27.9,78,9.7,954.2,16.33,94
2023-06-27,33.8,25.0,28.7,74,11.4,953.5,18.54,93
2023-06-28,34.0,25.1,29.1,74,11.2,954.3,20.08,74
2023-06-29,32.0,24.9,27.0,85,12.6,953.6,16.31,91
2023-06-30,32.9,24.5,27.4,84,13.2,952.4,15.25,90
2023-07-01,34.1,25.0,29.0,76,18.2,953.2,21.22,61
2023-07-02,34.1,25.3,29.5,73,23.3,954.6,21.18,86
2023-07-03,35.6,26.3,30.7,67,14.6,954.2,21.82,52
2023-07-04,36.5,26.2,30.3,71,22.1,952.3,22.39,29
2023-07-05,35.0,25.3,29.3,77,21.0,951.5,21.05,74
2023-07-06,34.0,25.7,29.4,74,13.3,953.2,19.18,88
2023-07-07,33.4,26.1,29.1,77,10.1,953.9,18.73,98
2023-07-08,32.5,25.3,27.9,83,12.1,953.7,18.71,89
2023-07-09,32.3,24.8,27.1,87,8.7,953.3,16.71,96
2023-07-10,30.5,24.6,26.9,88,9.0,953.4,13.76,93
2023-07-11,34.2,25.1,29.1,76,15.3,953.8,21.61,76
2023-07-12,34.6,25.4,29.8,74,13.6,953.3,21.65,92
2023-07-13,34.1,26.3,29.5,76,18.1,953.6,18.05,98
2023-07-14,33.6,26.2,29.1,77,19.7,954.8,21.41,73
2023-07-15,33.1,25.9,28.6,80,17.5,954.8,16.9,98
2023-07-16,31.1,25.1,26.8,89,17.9,954.6,13.44,96
2023-07-17,33.1,25.2,28.7,81,14.3,953.6,20.48,99
2023-07-18,32.6,25.3,28.2,83,10.5,952.8,17.77,96
2023-07-19,32.7,25.6,28.9,81,13.3,952.4,19.91,89
2023-07-20,34.5,26.6,30.4,75,13.9,952.5,23.04,16
2023-07-21,34.7,27.6,31.0,70,17.6,954.0,22.72,72
2023-07-22,34.3,26.6,30.6,71,20.9,955.6,22.44,77
2023-07-23,33.1,25.5,29.3,76,24.9,955.4,20.4,71
2023-07-24,33.6,26.7,29.5,78,17.0,954.0,19.07,60
2023-07-25,33.0,24.8,28.6,83,10.2,954.6,18.78,98
2023-07-26,32.4,25.0,28.3,82,8.4,956.2,17.85,95
2023-07-27,32.2,25.0,27.7,85,9.8,955.6,18.91,100
2023-07-28,32.2,25.6,28.0,83,18.7,953.9,19.3,99
2023-07-29,27.8,24.0,25.6,91,16.2,953.7,9.55,96
2023-07-30,31.6,23.8,26.9,83,18.4,953.3,17.06,60
2023-07-31,31.8,25.3,28.1,79,18.4,953.1,22.06,22
2023-08-01,32.9,25.2,28.6,78,15.9,952.4,21.38,48
2023-08-02,32.8,25.7,29.2,74,21.7,952.7,22.22,74
2023-08-03,32.7,25.8,29.0,71,19.9,952.8,21.51,86
2023-08-04,32.0,26.0,27.8,80,17.9,954.4,12.35,100
2023-08-05,32.7,26.3,29.3,71,17.6,956.1,18.51,98
2023-08-06,33.2,25.9,29.0,69,21.2,954.2,21.51,81
2023-08-07,31.9,25.1,28.0,71,23.6,952.2,17.85,86
2023-08-08,32.7,24.5,28.1,70,22.4,953.6,20.42,90
2023-08-09,32.6,24.8,28.2,70,21.0,956.6,22.18,83
2023-08-10,32.5,24.6,28.3,69,18.0,957.6,20.06,83
2023-08-11,33.1,24.8,28.7,66,14.8,957.7,22.02,59
2023-08-12,33.2,24.9,28.8,63,19.3,956.2,21.62,76
2023-08-13,32.1,25.4,28.0,69,18.0,954.2,15.4,99
2023-08-14,30.6,24.6,27.6,73,10.9,956.3,15.88,99
2023-08-15,33.5,24.7,28.5,73,13.3,957.2,20.03,69
2023-08-16,34.2,25.9,29.3,67,16.1,957.4,17.99,39
2023-08-17,34.3,25.9,29.8,62,17.8,957.0,23.47,45
2023-08-18,34.3,25.3,29.5,64,17.9,956.6,23.34,71
2023-08-19,33.4,26.3,29.3,69,15.0,956.0,19.2,66
2023-08-20,34.7,26.5,29.6,77,15.3,956.2,21.36,66
2023-08-21,34.5,26.0,29.9,77,12.5,955.8,21.5,72
2023-08-22,35.5,27.1,29.7,78,16.2,954.9,17.41,100
2023-08-23,31.1,26.4,28.4,71,19.4,954.1,13.3,100
2023-08-24,31.4,25.1,27.7,66,18.4,953.4,15.85,98
2023-08-25,31.4,24.5,27.6,67,17.4,953.8,20.19,70
2023-08-26,33.0,24.3,28.0,64,18.9,955.5,22.2,29
2023-08-27,32.6,23.4,27.9,59,20.2,955.9,22.53,15
2023-08-28,33.2,25.0,28.6,60,19.4,955.5,23.39,6
2023-08-29,33.1,24.3,28.6,60,18.9,957.5,23.15,5
2023-08-30,33.9,24.6,28.3,68,15.5,959.0,20.96,15
2023-08-31,34.7,24.2,29.6,60,17.8,959.4,22.2,12
2023-09-01,35.3,26.4,30.7,50,17.6,959.4,22.4,11
2023-09-02,35.4,26.7,30.6,48,20.9,958.5,22.96,2
2023-09-03,35.1,25.8,29.9,47,20.3,957.4,23.67,0
2023-09-04,35.2,26.0,30.5,48,21.3,956.5,22.64,7
2023-09-05,36.1,26.1,30.4,51,20.3,956.5,21.89,16
2023-09-06,35.0,25.4,29.0,70,21.1,957.2,21.78,19
2023-09-07,34.5,24.4,29.0,69,16.8,956.9,21.39,26
2023-09-08,34.4,25.9,29.4,70,16.8,956.4,20.56,44
2023-09-09,33.5,24.7,27.7,77,21.9,955.3,19.18,68
2023-09-10,33.9,24.6,27.9,76,20.6,953.6,19.72,60
2023-09-11,33.2,23.9,28.0,77,14.4,954.2,19.31,34
2023-09-12,32.7,24.7,28.7,71,13.6,955.2,20.04,21
2023-09-13,32.9,24.4,28.4,76,12.4,955.5,17.57,47
2023-09-14,33.2,25.7,28.3,78,12.2,956.6,18.55,63
2023-09-15,33.2,24.5,28.9,77,15.6,956.9,20.11,69
2023-09-16,29.9,25.2,27.7,80,27.9,955.1,15.88,81
2023-09-17,29.4,23.8,25.9,83,28.7,952.9,16.17,80
2023-09-18,29.5,23.1,25.6,78,26.0,954.2,11.26,78
2023-09-19,31.7,23.8,27.4,75,16.9,957.7,20.17,25
2023-09-20,32.7,24.3,28.5,73,7.3,958.7,19.71,10
2023-09-21,33.2,25.6,28.5,75,13.4,958.6,20.04,52
2023-09-22,33.2,24.9,28.4,75,12.3,958.7,17.48,65
2023-09-23,31.5,24.8,27.4,76,18.8,959.1,17.18,56
2023-09-24,33.8,24.6,28.1,70,23.3,958.9,19.25,17
2023-09-25,32.4,23.6,27.6,71,10.1,958.8,18.46,12
2023-09-26,33.1,24.0,27.9,72,9.8,959.9,19.12,19
2023-09-27,33.5,23.8,28.5,60,10.5,959.7,19.85,8
2023-09-28,34.2,22.5,27.5,46,9.7,959.2,21.6,27
2023-09-29,34.7,21.2,27.8,38,11.7,959.0,21.57,15
2023-09-30,35.7,21.9,28.2,40,13.0,959.0,21.36,11
2023-10-01,34.6,21.5,27.4,41,11.4,958.5,21.33,46
2023-10-02,35.4,20.7,27.5,37,15.0,959.2,20.71,10
2023-10-03,34.3,20.9,27.3,34,14.0,960.5,21.03,13
2023-10-04,35.1,20.3,27.1,32,14.9,960.7,21.15,0
2023-10-05,35.5,20.2,27.7,37,19.9,960.1,20.83,1
2023-10-06,35.6,23.3,28.6,39,19.4,959.4,20.41,0
2023-10-07,35.3,23.5,28.9,45,17.4,960.5,20.17,0
2023-10-08,35.0,23.8,29.0,47,19.1,961.6,19.86,0
2023-10-09,34.8,24.5,29.1,47,20.5,962.4,19.75,0
2023-10-10,33.9,23.4,28.6,49,15.2,962.7,18.37,5
2023-10-11,34.8,22.5,28.0,38,13.8,963.1,19.87,0
2023-10-12,34.5,21.0,27.5,37,11.4,964.1,19.56,1
2023-10-13,34.9,22.3,28.3,40,11.0,964.8,19.22,1
2023-10-14,34.6,22.8,29.0,36,11.7,964.3,17.48,17
2023-10-15,33.5,22.1,27.7,40,14.2,962.2,16.85,46
2023-10-16,32.9,21.6,26.0,44,19.1,962.9,15.5,64
2023-10-17,30.8,20.0,23.8,62,16.1,965.7,17.01,23
2023-10-18,30.1,18.5,24.1,50,10.7,966.7,16.79,15
2023-10-19,31.3,17.1,24.0,48,11.4,966.5,18.59,0
2023-10-20,31.6,19.3,25.1,43,10.7,966.8,17.37,4
2023-10-21,32.1,19.4,25.5,44,10.6,966.9,16.71,8
2023-10-22,32.4,20.0,25.5,42,12.6,967.3,17.29,7
2023-10-23,31.5,19.2,25.1,40,13.8,966.2,17.15,5
2023-10-24,31.3,17.9,24.2,41,14.5,965.7,17.1,4
2023-10-25,31.3,17.3,24.5,41,16.6,966.5,17.05,5
2023-10-26,31.7,18.3,24.3,38,19.2,966.1,17.93,0
2023-10-27,31.4,16.7,23.9,39,9.9,965.2,17.68,29
2023-10-28,31.3,19.3,24.7,42,8.3,965.2,13.56,79
2023-10-29,32.9,19.5,25.9,41,13.6,965.3,17.23,24
2023-10-30,32.6,18.9,25.3,43,11.5,965.7,16.51,19
2023-10-31,32.9,19.2,25.5,41,12.0,966.8,16.76,32
2023-11-01,31.6,19.2,24.9,47,10.9,967.5,16.37,3
2023-11-02,31.4,18.5,24.7,41,12.2,966.1,16.0,5
2023-11-03,31.7,19.6,25.0,37,15.5,964.0,15.74,5
2023-11-04,30.7,17.1,23.6,45,10.0,964.2,14.4,48
2023-11-05,31.0,19.2,24.6,40,13.4,965.5,15.0,7
2023-11-06,30.6,18.1,24.2,42,12.5,966.7,14.76,8
2023-11-07,31.4,17.6,24.1,42,9.8,966.1,15.66,4
2023-11-08,31.3,18.0,24.4,37,14.4,965.4,14.9,41
2023-11-09,31.1,18.5,24.6,39,9.7,965.6,14.72,24
2023-11-10,29.7,18.1,23.3,47,14.2,966.5,13.38,20
2023-11-11,27.0,15.4,20.7,66,11.5,968.5,15.83,1
2023-11-12,26.6,14.7,20.1,58,8.4,969.0,15.87,1
2023-11-13,26.5,14.7,20.5,57,8.2,968.5,15.08,73
2023-11-14,25.6,16.7,20.7,60,8.9,968.2,10.7,83
2023-11-15,26.6,14.4,20.0,58,10.9,967.9,15.53,0
2023-11-16,26.1,13.7,19.4,54,9.0,968.4,15.52,0
2023-11-17,25.6,14.0,19.3,60,9.8,968.3,15.48,15
2023-11-18,25.7,14.3,19.7,54,9.4,966.9,15.0,36
2023-11-19,26.6,13.2,19.4,57,10.0,967.3,14.98,0
2023-11-20,27.1,14.1,20.2,59,7.7,967.9,14.94,0
2023-11-21,27.1,14.4,19.9,59,13.0,967.3,14.62,10
2023-11-22,26.0,12.8,18.9,49,9.7,965.4,15.24,0
2023-11-23,26.5,12.4,19.4,48,9.4,964.3,15.0,0
2023-11-24,26.5,13.2,19.4,55,9.7,966.2,14.62,3
2023-11-25,25.8,13.0,19.0,61,10.0,967.4,12.96,52
2023-11-26,25.6,14.8,19.8,61,19.6,967.5,11.73,92
2023-11-27,21.8,15.3,18.1,72,16.5,965.3,11.19,71
2023-11-28,21.0,14.4,17.3,82,10.5,965.0,7.41,53
2023-11-29,23.5,14.0,18.0,76,8.8,965.6,12.89,8
2023-11-30,24.4,14.6,18.7,76,12.6,966.3,13.38,4
2023-12-01,24.3,14.3,18.2,79,11.5,967.0,13.1,6
2023-12-02,24.3,14.6,18.8,72,12.9,967.4,13.18,8
2023-12-03,23.1,15.0,18.1,77,13.1,967.7,8.35,52
2023-12-04,22.6,13.9,17.5,78,11.6,966.4,12.13,21
2023-12-05,23.2,13.3,17.2,66,12.1,966.0,13.94,0
2023-12-06,22.6,12.3,16.6,60,11.0,966.6,14.14,0
2023-12-07,23.7,12.8,17.3,58,11.6,966.1,13.78,2
2023-12-08,24.3,12.4,17.9,64,10.2,965.8,13.32,15
2023-12-09,24.4,12.1,18.2,56,10.2,966.7,13.8,0
2023-12-10,24.3,10.7,16.7,52,8.8,965.1,14.12,18
2023-12-11,23.2,10.2,16.1,61,11.1,965.1,13.81,0
2023-12-12,23.3,10.6,16.5,61,10.2,964.3,13.76,5
2023-12-13,23.6,11.7,16.9,60,9.7,966.2,13.73,8
2023-12-14,23.5,10.0,16.6,58,10.0,967.4,13.81,24
2023-12-15,22.9,10.2,16.2,59,10.3,968.1,13.85,2
2023-12-16,23.6,10.4,16.5,62,9.8,966.8,13.59,3
2023-12-17,23.9,10.1,16.7,58,13.3,967.7,13.63,9
2023-12-18,22.7,11.5,16.1,49,14.5,969.9,14.05,14
2023-12-19,22.3,9.3,15.0,51,10.9,970.2,14.17,13
2023-12-20,21.0,10.0,15.0,50,9.5,969.5,11.58,98
2023-12-21,22.9,9.1,15.7,50,9.2,967.9,12.45,99
2023-12-22,23.3,9.0,15.5,53,10.3,967.1,13.75,54
2023-12-23,23.3,11.2,16.2,66,11.7,968.9,13.54,20
2023-12-24,22.8,9.7,15.2,74,9.4,970.5,13.42,20
2023-12-25,24.1,9.7,15.9,68,10.1,969.3,13.68,27
2023-12-26,25.1,10.0,16.9,59,9.8,968.7,13.93,19
2023-12-27,24.6,9.6,16.2,62,12.0,969.6,13.87,33
2023-12-28,23.0,10.3,15.1,73,10.0,968.4,14.04,0
2023-12-29,21.7,9.6,13.9,81,11.0,968.6,12.73,55
2023-12-30,21.5,9.1,13.6,78,11.7,967.6,12.43,61
2023-12-31,21.5,9.1,13.7,77,12.5,967.0,13.66,6
2024-01-01,21.0,8.3,12.7,78,9.4,967.2,13.83,26
2024-01-02,19.0,7.4,11.8,86,9.4,966.6,13.26,28
2024-01-03,17.7,7.3,11.4,84,8.2,966.2,12.78,27
2024-01-04,18.1,6.5,11.0,84,7.4,966.6,13.33,27
2024-01-05,17.5,6.4,10.9,83,10.4,966.7,13.9,11
2024-01-06,18.1,6.3,11.0,82,9.9,968.1,14.07,1
2024-01-07,18.2,5.7,10.9,82,7.9,968.6,14.28,1
2024-01-08,19.7,7.2,12.7,84,10.8,968.4,13.94,2
2024-01-09,19.9,9.0,13.3,84,11.8,968.6,11.66,25
2024-01-10,19.4,6.3,11.4,75,10.5,967.8,14.26,16
2024-01-11,20.1,4.1,11.7,66,7.6,967.9,15.07,0
2024-01-12,21.1,6.0,13.4,66,9.6,967.4,14.98,6
2024-01-13,22.2,6.8,14.1,71,10.5,966.1,13.31,81
2024-01-14,22.6,8.6,14.9,73,9.7,966.3,14.8,6
2024-01-15,21.2,8.0,14.4,70,7.1,966.1,15.07,39
2024-01-16,21.0,7.1,13.9,69,11.2,963.6,14.81,80
2024-01-17,20.9,8.7,13.6,70,11.3,963.5,14.87,16
2024-01-18,20.9,7.1,12.7,77,9.8,965.8,15.09,17
2024-01-19,19.9,7.8,12.0,83,13.4,967.2,14.3,37
2024-01-20,19.1,6.0,11.0,79,9.0,967.7,15.01,40
2024-01-21,20.8,7.3,12.6,75,13.2,967.5,14.84,60
2024-01-22,20.5,6.8,12.7,76,9.6,967.7,14.95,40
2024-01-23,21.1,8.3,13.6,74,9.3,967.4,13.12,61
2024-01-24,21.1,7.7,14.1,71,12.5,967.3,15.73,5
2024-01-25,20.3,7.7,13.1,75,10.2,969.3,15.43,62
2024-01-26,21.7,6.6,13.6,73,10.9,969.9,15.34,79
2024-01-27,23.5,8.6,15.4,68,11.2,969.3,15.9,37
2024-01-28,24.0,10.2,16.8,65,13.0,967.2,14.94,94
2024-01-29,24.6,11.1,17.2,63,9.3,967.0,16.01,64
2024-01-30,23.5,10.9,16.9,71,9.4,966.6,13.77,100
2024-01-31,24.2,12.7,18.0,70,15.1,965.1,14.77,45
2024-02-01,25.8,11.9,18.0,64,16.8,965.1,16.35,6
2024-02-02,22.8,12.4,16.6,64,15.9,968.5,16.17,17
2024-02-03,22.9,10.1,16.5,61,11.2,967.6,14.04,64
2024-02-04,24.1,13.9,18.1,82,25.2,966.4,10.18,78
2024-02-05,21.6,12.1,16.5,74,12.2,967.0,16.57,55
2024-02-06,20.7,9.4,14.4,59,11.6,968.8,17.1,67
2024-02-07,21.2,10.8,15.0,52,15.8,969.8,14.95,75
2024-02-08,21.2,9.4,14.0,52,15.3,969.7,18.16,7
2024-02-09,21.3,6.8,13.7,48,11.2,968.5,18.53,0
2024-02-10,21.9,8.3,14.3,52,9.7,970.3,18.49,0
2024-02-11,22.5,8.9,14.6,61,10.4,970.1,18.49,0
2024-02-12,21.8,8.8,14.8,58,9.3,968.9,17.2,46
2024-02-13,23.5,10.2,16.4,59,10.2,968.1,18.04,44
2024-02-14,24.5,13.3,18.2,51,11.8,968.5,18.3,28
2024-02-15,24.9,10.8,17.1,52,10.4,969.4,18.89,0
2024-02-16,25.4,11.1,17.6,52,10.5,969.7,19.07,0
2024-02-17,26.9,11.3,19.4,41,8.9,965.9,19.24,0
2024-02-18,27.9,13.6,20.1,39,15.8,962.5,18.55,66
2024-02-19,30.6,12.9,21.0,50,29.0,960.8,18.9,2
2024-02-20,27.6,18.4,22.3,51,20.1,961.7,18.0,8
2024-02-21,26.1,13.6,19.6,41,12.5,961.0,18.09,32
2024-02-22,23.9,13.9,18.1,36,13.2,963.4,15.65,32
2024-02-23,24.3,11.9,17.5,36,19.4,965.7,19.82,3
2024-02-24,22.4,12.2,16.6,45,24.0,965.6,16.97,36
2024-02-25,24.7,12.0,18.0,37,22.0,967.4,19.04,43
2024-02-26,23.1,14.3,17.7,41,18.3,967.8,13.72,79
2024-02-27,25.0,12.9,18.0,48,17.7,967.3,19.53,16
2024-02-28,25.7,12.7,18.6,46,13.6,966.7,20.09,0
2024-02-29,27.4,12.3,19.6,50,11.6,965.3,20.25,2
2024-03-01,30.5,15.2,21.0,57,22.3,963.8,18.01,65
2024-03-02,25.0,15.7,19.9,70,16.8,961.5,10.97,73
2024-03-03,23.9,13.5,17.6,56,12.3,961.9,21.14,0
2024-03-04,22.6,10.7,16.0,32,12.8,965.9,21.73,0
2024-03-05,23.3,10.5,16.5,37,15.2,967.1,21.52,27
2024-03-06,24.6,11.5,17.4,33,11.6,965.6,20.85,32
2024-03-07,27.2,10.8,18.8,36,15.3,964.8,20.48,14
2024-03-08,26.6,12.8,19.5,44,20.0,965.8,21.58,0
2024-03-09,27.7,14.1,20.4,35,16.6,966.3,21.86,32
2024-03-10,28.7,13.1,21.0,38,10.5,965.8,21.17,51
2024-03-11,30.4,15.3,23.1,41,12.8,966.3,21.37,7
2024-03-12,31.5,16.3,23.5,39,12.9,964.8,21.73,3
2024-03-13,31.2,15.5,23.4,36,28.6,962.8,19.08,8
2024-03-14,29.9,15.7,22.7,40,15.8,964.8,22.32,0
2024-03-15,29.4,17.2,22.7,31,18.6,965.0,22.6,0
2024-03-16,28.1,15.2,21.2,29,13.2,966.2,18.81,65
2024-03-17,29.5,16.0,22.2,26,13.4,965.9,21.65,42
2024-03-18,30.6,15.2,23.1,29,14.5,964.7,23.15,0
2024-03-19,32.2,16.1,23.8,31,22.9,964.3,21.06,16
2024-03-20,31.3,17.6,23.8,31,12.3,964.5,23.31,18
2024-03-21,31.4,17.7,24.7,31,12.9,963.5,22.0,48
2024-03-22,35.4,17.3,26.0,32,15.9,960.6,23.12,16
2024-03-23,36.2,19.5,27.6,28,13.8,960.0,22.99,24
2024-03-24,35.1,20.3,27.5,29,22.5,961.8,19.24,64
2024-03-25,35.1,19.2,27.4,34,16.9,964.1,22.95,5
2024-03-26,36.8,21.4,29.3,28,17.4,963.4,19.48,62
2024-03-27,37.2,22.0,29.8,29,11.3,964.4,22.37,43
2024-03-28,38.4,22.8,30.3,29,15.9,962.1,22.11,92
2024-03-29,37.9,23.2,30.3,30,18.4,960.8,21.34,82
2024-03-30,36.1,23.0,29.6,20,21.4,962.1,23.59,16
2024-03-31,34.8,21.8,28.3,20,20.7,963.5,23.93,8
2024-04-01,33.7,20.4,27.0,26,21.6,961.2,23.02,54
2024-04-02,34.6,18.5,27.0,22,15.8,959.8,23.49,37
2024-04-03,35.6,20.2,28.1,21,12.4,960.2,21.98,88
2024-04-04,35.2,22.3,28.5,23,19.7,960.7,19.15,91
2024-04-05,33.9,23.8,28.7,23,14.3,960.5,14.64,99
2024-04-06,34.3,22.3,28.2,24,18.4,960.2,19.11,50
2024-04-07,36.1,22.0,29.1,15,17.4,960.3,24.95,4
2024-04-08,37.4,20.2,28.5,15,13.0,961.2,24.34,6
2024-04-09,37.7,22.9,29.8,14,15.6,961.5,19.84,80
2024-04-10,36.0,23.5,29.4,19,24.2,962.0,21.18,55
2024-04-11,36.9,20.8,29.2,28,13.9,962.5,23.29,31
2024-04-12,36.7,23.1,30.4,22,16.6,961.9,22.62,38
2024-04-13,36.3,21.9,28.9,37,20.2,961.2,20.84,50
2024-04-14,35.5,23.2,28.2,40,19.1,963.0,19.09,69
2024-04-15,35.2,24.3,29.5,36,22.8,963.7,18.81,83
2024-04-16,36.1,24.2,30.1,31,15.8,962.9,24.06,26
2024-04-17,36.9,23.3,29.8,28,25.5,961.8,23.69,53
2024-04-18,38.9,23.3,30.5,25,32.6,960.2,22.69,47
2024-04-19,37.8,25.1,31.3,24,28.4,958.0,24.5,13
2024-04-20,35.7,23.2,29.6,22,17.3,957.8,23.93,55
2024-04-21,35.4,23.3,29.6,27,14.3,958.8,20.45,50
2024-04-22,36.6,23.4,30.1,24,13.3,959.1,23.5,13
2024-04-23,37.5,24.1,30.9,19,18.1,958.6,23.66,12
2024-04-24,38.2,22.7,30.5,22,17.2,958.6,24.92,1
2024-04-25,38.8,24.1,31.3,17,12.7,959.0,24.58,13
2024-04-26,37.8,23.9,31.1,24,24.9,958.5,21.54,49
2024-04-27,36.8,25.7,30.8,25,22.4,959.2,24.84,33
2024-04-28,37.9,23.3,31.1,22,14.0,959.3,23.79,36
2024-04-29,37.7,22.8,30.9,22,24.4,959.1,24.51,4
2024-04-30,35.8,23.1,29.5,16,20.7,958.5,25.43,0
2024-05-01,34.0,22.4,28.1,17,20.1,956.3,25.55,0
2024-05-02,35.2,20.1,28.1,18,14.5,957.7,23.87,50
2024-05-03,38.1,22.2,31.1,14,11.5,958.6,22.7,65
2024-05-04,39.2,26.5,32.4,16,21.3,958.6,19.07,82
2024-05-05,39.6,27.1,33.2,22,19.1,955.6,23.93,27
2024-05-06,40.8,25.1,33.4,19,14.5,956.9,23.75,5
2024-05-07,42.1,27.3,35.2,16,17.0,957.9,21.89,19
2024-05-08,42.6,26.8,35.2,21,23.1,957.5,23.31,5
2024-05-09,42.7,26.5,34.8,27,19.4,956.9,22.28,13
2024-05-10,42.4,26.0,34.4,25,25.2,958.0,23.29,11
2024-05-11,39.4,28.3,33.6,25,20.9,960.4,20.13,37
2024-05-12,40.6,27.0,33.9,23,20.0,960.1,22.02,11
2024-05-13,38.6,27.5,33.0,25,22.2,960.6,17.75,46
2024-05-14,41.3,25.7,34.0,20,18.4,961.0,21.92,67
2024-05-15,42.6,26.4,34.7,15,21.1,960.9,24.03,11
2024-05-16,43.7,27.6,36.2,13,16.1,960.3,23.2,9
2024-05-17,43.8,28.0,36.6,15,16.0,958.0,23.19,13
2024-05-18,44.5,30.0,37.5,14,19.9,955.7,22.78,22
2024-05-19,44.4,29.1,37.3,13,14.9,954.3,22.75,16
2024-05-20,43.4,31.5,37.3,15,23.1,955.0,18.71,30
2024-05-21,44.2,31.8,37.5,16,22.9,955.2,19.0,31
2024-05-22,43.9,30.6,37.6,17,14.0,954.5,18.44,35
2024-05-23,44.8,30.4,37.0,24,22.4,953.4,21.56,20
2024-05-24,42.3,30.2,36.3,30,18.7,954.0,22.07,6
2024-05-25,44.9,29.8,37.5,25,22.9,953.4,21.85,8
2024-05-26,46.0,30.7,38.5,16,26.3,951.9,21.09,11
2024-05-27,46.6,31.4,38.5,14,20.3,949.4,24.63,0
2024-05-28,45.5,30.6,38.2,16,26.9,948.4,22.63,7
2024-05-29,46.0,32.5,38.6,23,24.9,949.8,23.93,2
2024-05-30,44.9,31.0,37.7,27,22.1,952.6,24.09,1
2024-05-31,44.9,31.7,37.6,19,24.6,954.1,20.56,14
2024-06-01,42.2,31.8,36.5,26,23.7,955.2,18.54,38
2024-06-02,41.5,29.0,33.3,35,26.9,956.6,14.98,57
2024-06-03,42.4,30.1,36.0,28,18.8,955.7,21.45,22
2024-06-04,42.9,31.5,37.1,21,20.9,955.4,22.71,5
2024-06-05,41.8,31.2,36.4,25,24.1,956.2,23.16,3
2024-06-06,41.6,30.0,35.7,26,20.0,957.9,22.64,7
2024-06-07,41.9,30.3,34.7,28,24.3,956.2,22.43,10
2024-06-08,40.2,28.4,34.4,30,22.5,954.9,19.57,23
2024-06-09,42.1,28.5,35.9,21,17.2,954.5,22.64,7
2024-06-10,42.7,29.9,36.6,17,19.5,954.8,19.99,41
2024-06-11,42.0,30.5,36.0,25,20.2,954.8,16.4,62
2024-06-12,42.2,30.7,36.5,26,20.9,955.0,21.18,32
2024-06-13,40.6,31.8,35.1,31,33.4,954.8,20.64,36
2024-06-14,39.7,30.7,35.1,29,23.1,954.1,16.64,46
2024-06-15,42.1,30.4,36.0,29,22.4,953.8,23.0,4
2024-06-16,41.9,31.5,36.6,32,21.0,954.5,21.98,9
2024-06-17,42.6,32.5,37.3,32,22.4,954.5,21.16,23
2024-06-18,42.0,33.0,37.2,33,25.9,952.8,22.31,29
2024-06-19,41.0,32.0,36.1,37,24.2,950.8,22.15,27
2024-06-20,38.8,28.8,33.0,48,28.6,951.3,19.5,33
2024-06-21,36.7,25.2,29.8,67,16.1,953.0,20.92,44
2024-06-22,37.4,27.0,32.1,52,13.9,952.4,18.06,50
2024-06-23,37.9,28.3,33.0,49,9.4,952.7,17.91,35
2024-06-24,37.2,29.2,32.4,55,15.9,951.7,18.66,65
2024-06-25,35.9,27.5,30.6,67,15.8,950.7,20.31,73
2024-06-26,36.4,27.5,30.9,70,15.1,950.7,18.53,90
2024-06-27,33.4,26.2,29.1,78,20.5,952.7,13.09,100
2024-06-28,33.1,25.4,28.5,80,13.9,952.6,16.71,88
2024-06-29,31.2,26.2,27.6,86,9.2,952.1,10.1,92
2024-06-30,33.4,25.6,29.3,77,19.7,951.6,15.63,88
2024-07-01,34.4,25.6,30.0,72,19.4,949.6,18.99,58
2024-07-02,34.4,26.1,30.4,67,17.8,948.4,18.86,100
2024-07-03,35.8,27.3,30.2,74,17.8,950.5,20.51,91
2024-07-04,30.7,25.5,27.6,87,13.0,952.1,10.18,100
2024-07-05,32.8,24.7,27.0,86,21.0,949.7,13.27,100
2024-07-06,32.8,24.5,27.5,84,16.2,948.7,14.17,86
2024-07-07,33.9,25.4,28.8,76,13.8,951.5,19.94,57
2024-07-08,31.8,23.9,27.4,84,11.4,954.1,16.44,89
2024-07-09,33.8,25.6,29.5,77,9.2,954.8,22.02,68
2024-07-10,33.4,25.6,29.5,79,11.2,955.4,16.9,95
2024-07-11,35.6,26.7,30.4,74,21.3,952.7,22.44,96
2024-07-12,33.6,25.6,28.5,80,20.2,950.5,20.82,57
2024-07-13,33.8,24.9,28.8,77,15.4,950.9,21.94,21
2024-07-14,34.0,25.6,29.4,74,14.5,950.6,21.58,24
2024-07-15,33.4,27.1,29.8,75,12.4,952.0,21.28,39
2024-07-16,33.7,26.8,30.1,76,16.0,952.5,21.45,53
2024-07-17,34.4,27.4,30.8,73,14.1,952.6,22.28,49
2024-07-18,33.7,26.5,30.0,79,9.4,952.0,20.46,93
2024-07-19,34.6,26.4,29.7,78,15.5,950.7,21.3,86
2024-07-20,34.9,25.6,30.0,76,10.9,951.3,22.05,61
2024-07-21,35.2,26.7,30.8,74,9.6,951.2,22.85,46
2024-07-22,34.3,26.3,30.7,74,11.5,951.5,21.3,68
2024-07-23,34.1,26.1,29.8,76,20.2,951.0,17.14,96
2024-07-24,33.8,25.8,28.6,84,19.7,948.2,16.83,95
2024-07-25,32.6,25.4,27.9,86,13.9,947.4,17.84,92
2024-07-26,31.9,25.6,28.3,84,14.0,949.0,14.66,99
2024-07-27,32.9,26.4,28.9,83,14.8,950.6,14.15,100
2024-07-28,32.9,25.8,29.3,82,15.0,950.3,18.57,74
2024-07-29,33.6,26.6,29.9,77,20.2,949.9,22.18,43
2024-07-30,33.2,27.3,29.9,78,13.5,952.0,20.31,50
2024-07-31,32.3,26.5,29.4,80,16.6,952.8,18.15,100
2024-08-01,27.9,25.0,26.5,88,15.1,952.0,6.93,100
2024-08-02,30.3,24.6,26.7,86,14.0,950.5,15.4,100
2024-08-03,31.0,24.8,27.5,83,13.4,951.8,17.54,85
2024-08-04,31.4,24.9,28.0,81,20.9,952.5,20.66,69
2024-08-05,29.8,24.2,26.1,86,28.2,950.4,9.74,94
2024-08-06,28.1,24.4,26.0,84,24.4,952.7,8.82,99
2024-08-07,29.3,24.6,26.7,81,19.8,953.8,12.7,100
2024-08-08,28.2,24.3,25.7,88,19.9,955.3,7.28,100
2024-08-09,29.4,23.9,26.1,85,15.1,956.3,12.21,100
2024-08-10,30.7,23.8,26.5,87,16.5,955.3,13.16,100
2024-08-11,29.0,23.9,25.9,91,16.0,953.8,9.77,100
2024-08-12,29.9,23.7,26.0,89,15.6,954.6,13.1,100
2024-08-13,30.6,24.0,26.5,87,17.6,955.7,15.08,99
2024-08-14,30.5,24.4,26.6,89,16.6,956.3,15.25,100
2024-08-15,29.4,24.7,26.3,91,15.7,955.0,10.61,100
2024-08-16,28.7,24.5,26.2,90,12.6,954.1,12.95,100
2024-08-17,31.0,24.0,27.3,82,11.6,956.8,20.04,100
2024-08-18,31.6,24.9,28.0,78,12.1,958.0,21.17,71
2024-08-19,31.4,25.1,27.9,78,15.6,957.2,18.41,94
2024-08-20,31.4,25.2,28.1,78,8.4,956.9,19.18,98
2024-08-21,31.6,25.1,27.8,83,11.2,957.8,20.15,85
2024-08-22,31.6,24.9,27.0,86,9.0,957.0,17.32,76
2024-08-23,31.7,24.4,26.9,86,9.0,957.0,18.77,55
2024-08-24,31.9,24.3,27.2,85,14.4,956.0,20.12,68
2024-08-25,30.1,24.2,26.5,84,23.9,952.8,17.22,82
2024-08-26,30.4,24.2,26.0,87,22.7,952.4,15.35,84
2024-08-27,30.0,23.6,26.1,83,20.7,954.7,19.07,80
2024-08-28,30.6,23.5,26.6,77,15.7,955.5,21.78,45
2024-08-29,29.5,23.3,26.4,81,16.8,955.4,15.86,68
2024-08-30,30.8,24.0,26.7,85,13.7,957.8,21.36,54
2024-08-31,31.2,23.7,26.8,84,9.1,958.1,19.22,50
2024-09-01,32.0,25.1,28.1,81,10.8,957.5,20.21,54
2024-09-02,30.6,24.9,27.2,87,11.9,957.2,15.44,92
2024-09-03,31.0,24.5,27.0,87,16.2,957.4,18.99,62
2024-09-04,29.6,23.6,26.1,88,8.9,956.2,11.63,84
2024-09-05,28.2,23.6,24.8,91,8.2,954.4,10.39,95
2024-09-06,29.8,23.8,25.9,89,9.0,955.4,14.15,97
2024-09-07,29.0,23.8,25.6,89,7.6,956.5,11.69,98
2024-09-08,28.3,23.4,25.2,89,11.5,956.5,12.25,94
2024-09-09,30.5,23.3,26.4,87,9.1,954.9,16.9,52
2024-09-10,30.7,24.2,26.5,87,12.9,954.0,16.18,67
2024-09-11,31.1,23.7,26.3,88,21.6,953.4,17.77,94
2024-09-12,31.0,25.4,27.3,82,25.5,952.7,13.85,93
2024-09-13,30.5,24.0,26.7,78,27.9,954.8,18.96,85
2024-09-14,29.9,22.3,25.6,78,19.8,955.9,18.63,29
2024-09-15,30.0,22.0,25.6,75,15.5,956.9,22.31,3
2024-09-16,31.3,21.7,25.8,71,14.2,958.2,22.08,4
2024-09-17,30.5,22.2,25.9,73,15.3,959.1,15.43,61
2024-09-18,30.2,23.1,26.1,75,22.0,956.7,19.62,52
2024-09-19,27.9,22.4,24.6,82,10.8,956.9,10.62,86
2024-09-20,29.5,21.8,25.8,83,5.2,957.5,14.76,64
2024-09-21,30.4,23.5,26.9,81,7.1,958.9,17.01,38
2024-09-22,32.6,24.1,28.1,74,6.7,958.6,19.45,14
2024-09-23,32.9,24.4,28.4,74,10.7,958.3,18.5,17
2024-09-24,33.3,24.5,28.8,74,7.0,957.0,18.85,37
2024-09-25,33.0,25.2,29.0,74,9.8,956.7,19.64,40
2024-09-26,31.1,24.7,27.8,79,13.8,956.3,17.79,42
2024-09-27,31.2,23.9,27.1,78,14.6,956.1,18.14,41
2024-09-28,31.4,23.0,26.3,78,16.5,958.0,16.11,72
2024-09-29,31.6,21.7,26.1,78,13.0,960.8,18.55,70
2024-09-30,32.6,23.0,27.5,72,11.8,961.0,19.41,18
2024-10-01,34.6,23.7,28.7,63,15.6,958.6,20.22,3
2024-10-02,35.0,25.9,29.4,58,23.7,958.6,20.56,1
2024-10-03,35.0,24.7,28.7,56,20.3,958.0,19.85,3
2024-10-04,33.6,23.5,27.6,61,16.9,958.6,20.38,1
2024-10-05,32.5,22.8,27.4,61,14.5,960.6,19.68,5
2024-10-06,32.7,22.9,27.4,59,12.0,963.4,18.65,10
2024-10-07,33.1,22.2,27.5,58,8.4,964.8,19.07,4
2024-10-08,33.5,21.7,27.4,52,9.0,964.4,18.98,4
2024-10-09,33.8,22.5,27.8,51,11.5,962.5,19.13,7
2024-10-10,32.1,22.4,27.0,59,8.8,962.0,18.69,18
2024-10-11,32.5,20.6,26.5,56,10.7,962.0,19.14,27
2024-10-12,31.9,21.8,26.6,58,10.3,962.5,18.73,44
2024-10-13,29.9,22.5,25.7,65,9.0,963.4,13.41,73
2024-10-14,31.9,20.6,26.3,60,9.8,963.6,18.05,41
2024-10-15,32.2,20.6,26.3,46,10.0,963.2,19.22,6
2024-10-16,33.1,19.4,26.4,43,10.3,962.1,18.87,30
2024-10-17,32.8,20.7,26.9,47,10.4,962.2,18.37,34
2024-10-18,32.8,21.8,26.8,49,9.5,962.2,18.24,4
2024-10-19,33.9,21.9,27.2,46,9.4,962.8,17.83,3
2024-10-20,33.4,20.9,26.8,47,11.4,963.6,17.43,7
2024-10-21,33.3,21.1,27.1,47,10.5,964.2,17.1,10
2024-10-22,32.0,20.5,26.2,51,8.3,964.8,16.66,11
2024-10-23,32.2,20.4,25.9,52,12.6,964.7,16.59,4
2024-10-24,32.0,20.0,25.4,51,18.0,963.7,18.01,0
2024-10-25,33.0,19.9,25.6,51,11.5,963.0,17.85,0
2024-10-26,33.5,20.2,26.1,51,13.2,962.6,17.66,0
2024-10-27,32.4,19.6,25.8,62,8.1,961.5,17.38,2
2024-10-28,32.1,20.1,25.6,66,10.3,960.3,17.15,0
2024-10-29,33.3,20.2,26.3,59,10.2,961.0,17.07,0
2024-10-30,34.9,22.1,27.7,41,12.1,962.1,17.16,0
2024-10-31,33.7,21.8,27.2,37,14.0,963.8,16.95,0
2024-11-01,32.7,19.7,26.0,45,14.9,964.6,16.71,0
2024-11-02,32.3,19.7,25.8,47,9.2,965.1,16.65,0
2024-11-03,32.6,19.7,25.3,44,11.3,965.4,16.65,0
2024-11-04,31.1,18.1,24.1,52,9.0,964.3,16.44,0
2024-11-05,30.5,17.7,24.1,56,9.8,965.9,16.13,0
2024-11-06,31.0,18.3,24.2,61,9.0,966.5,16.05,0
2024-11-07,31.4,18.6,24.4,61,9.1,965.4,15.98,0
2024-11-08,31.3,18.2,24.4,65,7.6,965.3,15.85,3
2024-11-09,31.6,18.2,24.3,58,9.4,965.5,15.84,0
2024-11-10,31.7,18.0,24.6,50,12.4,965.6,15.74,0
2024-11-11,31.3,19.0,24.5,54,10.4,965.5,15.62,0
2024-11-12,31.2,17.8,24.5,49,10.4,965.2,15.66,0
2024-11-13,30.6,19.5,24.7,41,10.1,964.4,15.51,1
2024-11-14,29.8,18.1,23.8,46,9.8,965.9,15.2,5
2024-11-15,29.4,17.6,23.6,46,9.9,965.6,15.07,5
2024-11-16,29.6,17.3,23.3,45,9.2,964.6,15.11,2
2024-11-17,29.1,17.7,23.1,39,11.3,965.1,15.12,0
2024-11-18,27.0,15.9,20.8,44,9.6,966.6,15.33,0
2024-11-19,26.3,14.1,19.9,47,5.6,967.5,15.17,0
2024-11-20,26.1,13.8,19.7,44,7.6,966.4,15.17,0
2024-11-21,25.8,14.0,19.4,45,7.0,966.0,15.14,0
2024-11-22,26.0,13.6,19.6,47,4.9,965.7,14.94,0
2024-11-23,25.7,14.3,20.0,49,7.2,966.3,14.73,0
2024-11-24,27.2,15.4,20.8,47,7.3,966.5,14.6,0
2024-11-25,27.5,16.6,21.5,37,11.9,966.5,14.67,0
2024-11-26,26.9,14.1,20.6,44,9.5,966.3,14.43,0
2024-11-27,27.3,14.5,20.6,51,11.7,965.4,14.32,0
2024-11-28,26.1,15.0,19.8,52,9.8,966.8,14.4,0
2024-11-29,24.2,13.4,18.2,52,6.9,967.3,14.46,0
2024-11-30,24.8,13.4,18.5,54,12.1,965.9,14.25,0
2024-12-01,25.4,14.2,19.5,55,10.9,964.2,13.92,0
2024-12-02,25.7,14.3,19.6,56,9.0,964.4,14.0,0
2024-12-03,26.4,14.3,19.8,51,9.1,966.4,14.1,0
2024-12-04,26.2,15.4,20.5,47,8.7,966.3,13.99,0
2024-12-05,24.9,14.4,19.6,36,8.5,965.5,14.27,0
2024-12-06,24.3,13.6,18.8,39,9.2,964.3,14.09,4
2024-12-07,24.1,10.8,17.7,51,6.6,963.0,14.03,0
2024-12-08,22.7,11.6,17.2,49,15.5,962.6,13.75,3
2024-12-09,20.7,10.8,15.4,41,12.9,965.3,14.18,0
2024-12-10,21.1,10.3,15.1,51,8.2,967.4,14.14,0
2024-12-11,21.9,8.9,14.7,39,6.3,967.0,14.39,4
2024-12-12,20.7,8.4,14.4,37,10.1,966.3,14.31,3
2024-12-13,21.4,11.0,15.7,34,12.3,968.4,14.35,14
2024-12-14,23.0,9.0,15.8,31,10.9,968.3,14.36,0
2024-12-15,22.6,9.4,15.4,34,8.0,968.7,14.49,0
2024-12-16,22.4,8.1,14.8,53,7.2,966.9,14.36,0
2024-12-17,22.2,8.1,14.8,60,8.0,965.4,13.96,0
2024-12-18,21.6,9.2,15.0,60,9.7,965.2,14.17,14
2024-12-19,20.8,9.5,14.5,71,12.2,964.4,13.6,0
2024-12-20,21.8,11.6,15.9,69,10.9,964.6,13.25,7
2024-12-21,22.9,10.4,16.1,61,10.3,965.4,13.84,18
2024-12-22,22.0,10.9,16.0,63,11.4,964.9,13.75,20
2024-12-23,18.5,12.8,15.3,69,12.4,964.1,9.53,41
2024-12-24,20.5,11.6,15.3,80,10.3,965.6,12.32,17
2024-12-25,20.2,11.2,15.1,80,10.5,968.3,10.47,31
2024-12-26,20.8,11.9,16.0,76,13.0,969.8,9.89,45
2024-12-27,19.3,14.7,16.4,93,10.9,967.8,5.47,81
2024-12-28,19.9,12.2,16.0,79,11.3,968.1,13.34,35
2024-12-29,18.6,9.3,13.1,75,9.8,970.1,14.16,0
2024-12-30,18.5,6.6,12.3,82,8.6,969.3,14.03,0
2024-12-31,16.9,7.4,11.2,88,6.5,969.6,11.48,48
