date,tmax,climatology_normal_loyo,climatology_p95_loyo,climatology_p98_loyo,heatwave,severe
2015-01-01,19.2,21.185185185185187,24.93,25.695999999999998,0,0
2015-01-02,18.1,21.066666666666666,24.93,25.695999999999998,0,0
2015-01-03,18.7,20.960740740740743,24.83,25.695999999999998,0,0
2015-01-04,20.3,20.868148148148148,24.83,25.695999999999998,0,0
2015-01-05,22.3,20.893333333333334,24.86,25.695999999999998,0,0
2015-01-06,22.6,20.92222222222222,24.86,25.695999999999998,0,0
2015-01-07,22.0,20.919259259259263,25.09,25.9,0,0
2015-01-08,20.7,20.967407407407407,25.39,25.932,0,0
2015-01-09,21.1,20.925185185185182,25.39,25.932,0,0
2015-01-10,22.9,20.89481481481481,25.53,25.932,0,0
2015-01-11,24.2,20.855555555555554,25.6,26.0,0,0
2015-01-12,23.0,20.894074074074073,25.6,26.064,0,0
2015-01-13,21.2,20.936296296296295,25.6,26.095999999999997,0,0
2015-01-14,21.1,21.001481481481484,25.53,26.095999999999997,0,0
2015-01-15,18.3,21.05333333333333,25.43,26.095999999999997,0,0
2015-01-16,19.0,21.12962962962963,25.43,26.095999999999997,0,0
2015-01-17,20.2,21.20740740740741,25.53,26.3,0,0
2015-01-18,20.6,21.237037037037037,25.53,26.3,0,0
2015-01-19,20.7,21.245925925925924,25.53,26.3,0,0
2015-01-20,20.8,21.246666666666666,25.53,26.3,0,0
2015-01-21,21.3,21.258518518518517,25.43,26.3,0,0
2015-01-22,19.0,21.389629629629628,25.65,26.364,0,0
2015-01-23,18.0,21.56074074074074,26.09,26.891999999999996,0,0
2015-01-24,18.1,21.766666666666666,26.3,27.364,0,0
2015-01-25,19.0,21.988888888888887,26.36,27.755999999999993,0,0
2015-01-26,17.8,22.150370370370368,26.56,27.891999999999996,0,0
2015-01-27,18.1,22.275555555555552,26.88,27.891999999999996,0,0
2015-01-28,16.8,22.437777777777775,26.88,27.891999999999996,0,0
2015-01-29,18.6,22.544444444444444,26.88,27.891999999999996,0,0
2015-01-30,19.1,22.651851851851852,26.88,27.891999999999996,0,0
2015-01-31,21.3,22.7637037037037,26.88,27.891999999999996,0,0
2015-02-01,22.9,22.88740740740741,26.74,27.891999999999996,0,0
2015-02-02,23.5,23.055555555555557,27.33,27.891999999999996,0,0
2015-02-03,23.4,23.278518518518517,27.5,28.432,0,0
2015-02-04,22.2,23.471111111111114,27.56,28.432,0,0
2015-02-05,21.7,23.65037037037037,27.56,28.432,0,0
2015-02-06,22.8,23.83185185185185,27.7,28.564,0,0
2015-02-07,22.9,24.011111111111113,27.7,28.564,0,0
2015-02-08,23.5,24.21037037037037,27.759999999999998,28.7,0,0
2015-02-09,23.6,24.416296296296295,28.4,29.064,0,0
2015-02-10,23.9,24.694074074074077,28.93,29.964,0,0
2015-02-11,24.0,24.99851851851852,29.409999999999997,30.227999999999998,0,0
2015-02-12,24.0,25.334074074074078,30.03,30.6,0,0
2015-02-13,26.6,25.665185185185187,30.13,30.632,0,0
2015-02-14,29.5,25.97925925925926,30.53,31.464,0,0
2015-02-15,28.7,26.276296296296298,30.6,31.632,0,0
2015-02-16,29.2,26.585185185185185,30.909999999999997,31.732,0,0
2015-02-17,29.7,26.861481481481484,31.459999999999997,31.732,0,0
2015-02-18,27.7,27.146666666666665,31.6,31.8,0,0
2015-02-19,30.4,27.38222222222222,31.63,31.832,0,0
2015-02-20,30.6,27.637037037037036,31.73,32.16,0,0
2015-02-21,31.0,27.845925925925926,31.73,32.16,0,0
2015-02-22,31.3,27.98992248062016,31.759999999999998,32.22,0,0
2015-02-23,30.9,28.163565891472867,31.8,32.276,0,0
2015-02-24,31.3,28.28139534883721,31.959999999999997,32.843999999999994,0,0
2015-02-25,29.2,28.374418604651165,32.339999999999996,32.9,0,0
2015-02-26,25.1,28.406976744186046,32.8,32.9,0,0
2015-02-27,25.6,28.356589147286822,32.8,32.988,0,0
2015-02-28,26.7,28.329457364341085,32.86,33.1,0,0
2015-03-01,21.3,28.40542635658915,32.9,33.644,0,0
2015-03-02,20.9,28.489922480620155,33.019999999999996,33.788000000000004,0,0
2015-03-03,21.5,28.57751937984496,33.1,33.788000000000004,0,0
2015-03-04,22.5,28.693023255813955,33.1,33.788000000000004,0,0
2015-03-05,24.3,28.855038759689926,33.1,33.788000000000004,0,0
2015-03-06,25.7,28.968992248062015,33.44,34.443999999999996,0,0
2015-03-07,26.6,29.076744186046508,33.660000000000004,34.588,0,0
2015-03-08,26.2,29.16814814814815,33.76,34.7,0,0
2015-03-09,24.0,29.273333333333333,34.05,35.30799999999999,0,0
2015-03-10,23.8,29.45851851851852,34.43,37.047999999999995,0,0
2015-03-11,27.1,29.60148148148148,34.56,37.047999999999995,0,0
2015-03-12,28.1,29.817777777777774,34.7,38.032,0,0
2015-03-13,28.5,30.086666666666666,35.279999999999994,38.032,0,0
2015-03-14,25.1,30.381481481481483,36.46,38.032,0,0
2015-03-15,23.1,30.631851851851845,36.75,38.032,0,0
2015-03-16,24.1,30.945925925925923,36.75,38.032,0,0
2015-03-17,26.2,31.251851851851853,36.89,38.032,0,0
2015-03-18,26.1,31.577037037037034,37.13,38.032,0,0
2015-03-19,28.1,31.80148148148149,37.2,38.032,0,0
2015-03-20,30.5,32.08222222222223,37.53,38.4,0,0
2015-03-21,31.7,32.47851851851852,38.19,38.596,0,0
2015-03-22,33.0,32.91629629629629,38.589999999999996,39.232,0,0
2015-03-23,33.4,33.3237037037037,39.0,39.232,0,0
2015-03-24,35.8,33.648148148148145,39.03,39.3,0,0
2015-03-25,35.9,33.89703703703704,39.03,39.3,0,0
2015-03-26,35.2,34.19851851851851,39.1,39.3,0,0
2015-03-27,34.8,34.52814814814814,39.13,39.331999999999994,0,0
2015-03-28,35.7,34.803703703703704,39.2,39.4,0,0
2015-03-29,33.9,35.095555555555556,39.33,39.464,0,0
2015-03-30,32.4,35.346666666666664,39.4,39.6,0,0
2015-03-31,31.8,35.56148148148148,39.4,39.664,0,0
2015-04-01,34.2,35.73037037037037,39.43,39.928,0,0
2015-04-02,34.9,35.89925925925926,39.53,40.36,0,0
2015-04-03,33.6,36.129629629629626,39.6,41.019999999999996,0,0
2015-04-04,28.2,36.3562962962963,39.8,41.564,0,0
2015-04-05,29.2,36.44222222222222,39.8,41.564,0,0
2015-04-06,31.2,36.53407407407408,39.919999999999995,41.564,0,0
2015-04-07,30.8,36.660000000000004,40.2,41.564,0,0
2015-04-08,32.8,36.871111111111105,40.419999999999995,41.764,0,0
2015-04-09,33.3,37.05185185185185,40.91,41.831999999999994,0,0
2015-04-10,34.8,37.149629629629636,41.43,41.964,0,0
2015-04-11,35.1,37.23555555555555,41.63,42.132,0,0
2015-04-12,28.4,37.31407407407407,41.63,42.132,0,0
2015-04-13,29.0,37.305925925925926,41.7,42.132,0,0
2015-04-14,28.4,37.29925925925926,41.730000000000004,42.232,0,0
2015-04-15,30.1,37.36518518518519,41.730000000000004,42.232,0,0
2015-04-16,32.9,37.41555555555556,41.730000000000004,42.232,0,0
2015-04-17,37.0,37.482962962962965,41.730000000000004,42.232,0,0
2015-04-18,39.0,37.547407407407405,41.63,42.232,0,0
2015-04-19,39.8,37.577777777777776,41.63,42.232,0,0
2015-04-20,40.2,37.69259259259259,41.8,42.3,0,0
2015-04-21,38.6,37.77111111111111,41.9,42.331999999999994,0,0
2015-04-22,38.8,37.79555555555555,41.93,42.331999999999994,0,0
2015-04-23,38.2,37.78444444444444,41.93,42.331999999999994,0,0
2015-04-24,39.3,37.827407407407414,42.13,42.431999999999995,0,0
2015-04-25,39.7,37.91777777777777,42.13,42.4,0,0
2015-04-26,37.5,37.90296296296296,42.03,42.4,0,0
2015-04-27,39.7,37.94296296296296,42.03,42.4,0,0
2015-04-28,40.4,38.05851851851852,42.03,42.4,0,0
2015-04-29,38.2,38.22740740740741,41.93,42.331999999999994,0,0
2015-04-30,41.3,38.39481481481481,42.1,42.331999999999994,0,0
2015-05-01,38.5,38.58888888888889,42.3,42.532,0,0
2015-05-02,37.5,38.81407407407407,42.43,42.632,0,0
2015-05-03,38.7,39.00518518518518,42.5,42.732,0,0
2015-05-04,39.7,39.13481481481481,42.53,42.959999999999994,0,0
2015-05-05,40.4,39.237037037037034,42.6,43.49199999999999,0,0
2015-05-06,41.3,39.31703703703703,42.730000000000004,43.931999999999995,0,0
2015-05-07,41.4,39.47111111111111,42.949999999999996,44.064,0,0
2015-05-08,40.3,39.63111111111112,43.3,44.064,0,0
2015-05-09,40.3,39.72592592592593,43.33,44.064,0,0
2015-05-10,39.7,39.79185185185185,43.56,44.064,0,0
2015-05-11,38.6,39.85407407407407,43.83,44.364,0,0
2015-05-12,37.5,39.94074074074074,44.230000000000004,44.5,0,0
2015-05-13,36.7,40.05777777777778,44.33,44.5,0,0
2015-05-14,36.3,40.15481481481481,44.43,44.628,0,0
2015-05-15,37.9,40.2037037037037,44.43,44.628,0,0
2015-05-16,39.5,40.20592592592593,44.5,44.831999999999994,0,0
2015-05-17,41.3,40.11925925925926,44.5,44.831999999999994,0,0
2015-05-18,43.0,40.0688888888889,44.5,44.9,0,0
2015-05-19,42.7,40.122962962962966,44.5,45.15599999999999,0,0
2015-05-20,40.5,40.17777777777778,44.8,45.796,0,0
2015-05-21,41.5,40.232592592592596,44.83,45.796,0,0
2015-05-22,42.1,40.21703703703704,44.9,46.0,0,0
2015-05-23,42.1,40.11703703703703,44.9,46.0,0,0
2015-05-24,41.2,40.06370370370371,44.9,46.0,0,0
2015-05-25,42.3,40.074074074074076,44.9,46.0,0,0
2015-05-26,42.1,40.14888888888889,44.9,46.0,0,0
2015-05-27,41.5,40.21925925925926,44.9,45.796,0,0
2015-05-28,41.3,40.21851851851852,44.9,45.66,0,0
2015-05-29,40.9,40.211851851851854,44.9,45.66,0,0
2015-05-30,41.1,40.18814814814815,44.9,45.66,0,0
2015-05-31,41.1,40.200740740740734,44.9,45.66,0,0
2015-06-01,39.7,40.23259259259259,44.9,45.66,0,0
2015-06-02,37.7,40.25777777777778,44.9,45.66,0,0
2015-06-03,36.8,40.2437037037037,44.9,45.296,0,0
2015-06-04,34.4,40.17777777777778,44.48,45.064,0,0
2015-06-05,37.5,40.12592592592592,44.16,44.931999999999995,0,0
2015-06-06,38.4,40.014074074074074,44.0,44.9,0,0
2015-06-07,40.9,39.94222222222221,43.86,44.9,0,0
2015-06-08,42.2,39.93333333333333,43.8,44.49199999999999,0,0
2015-06-09,36.7,39.83925925925925,43.8,44.49199999999999,0,0
2015-06-10,38.4,39.762962962962966,43.66,44.288,0,0
2015-06-11,36.3,39.55481481481481,43.53,43.864,0,0
2015-06-12,37.5,39.337037037037035,43.36,43.8,0,0
2015-06-13,38.2,39.114814814814814,43.230000000000004,43.8,0,0
2015-06-14,36.5,38.888888888888886,42.99,43.596,0,0
2015-06-15,35.7,38.65851851851851,42.76,43.364,0,0
2015-06-16,36.9,38.51333333333333,42.53,43.364,0,0
2015-06-17,36.4,38.31703703703703,42.33,42.891999999999996,0,0
2015-06-18,38.9,38.077777777777776,42.13,42.532,0,0
2015-06-19,38.9,37.88,42.03,42.431999999999995,0,0
2015-06-20,39.9,37.62518518518519,41.93,42.431999999999995,0,0
2015-06-21,38.1,37.43555555555556,41.93,42.431999999999995,0,0
2015-06-22,37.5,37.262962962962966,41.93,42.431999999999995,0,0
2015-06-23,38.1,37.04814814814815,41.83,42.431999999999995,0,0
2015-06-24,34.4,36.851851851851855,41.7,42.264,0,0
2015-06-25,33.7,36.63777777777778,41.5,41.864,0,0
2015-06-26,34.9,36.48740740740742,41.43,41.895999999999994,0,0
2015-06-27,36.4,36.35481481481481,41.19,41.895999999999994,0,0
2015-06-28,37.5,36.196296296296296,41.03,41.895999999999994,0,0
2015-06-29,37.0,36.06666666666667,40.86,41.596,0,0
2015-06-30,33.7,35.95407407407408,40.8,41.5,0,0
2015-07-01,34.9,35.77037037037038,40.8,41.228,0,0
2015-07-02,34.7,35.61925925925926,40.8,41.228,0,0
2015-07-03,35.0,35.47111111111112,40.8,41.228,0,0
2015-07-04,36.1,35.32518518518519,40.8,41.228,0,0
2015-07-05,36.8,35.129629629629626,40.730000000000004,41.228,0,0
2015-07-06,35.7,34.949629629629634,40.28,40.895999999999994,0,0
2015-07-07,34.4,34.824444444444445,39.83,40.895999999999994,0,0
2015-07-08,33.5,34.6762962962963,39.25,40.732,0,0
2015-07-09,30.2,34.50814814814815,38.89,39.831999999999994,0,0
2015-07-10,30.4,34.39703703703703,38.66,39.26,0,0
2015-07-11,28.7,34.28592592592593,38.46,39.1,0,0
2015-07-12,31.1,34.13333333333333,38.19,38.895999999999994,0,0
2015-07-13,33.4,34.09407407407407,38.19,38.895999999999994,0,0
2015-07-14,34.0,33.989629629629626,37.98,38.895999999999994,0,0
2015-07-15,34.5,33.818518518518516,37.309999999999995,38.8,0,0
2015-07-16,33.9,33.62814814814814,36.4,38.528,0,0
2015-07-17,31.3,33.455555555555556,36.3,37.324,0,0
2015-07-18,31.5,33.22592592592593,36.230000000000004,36.623999999999995,0,0
2015-07-19,31.3,32.964444444444446,36.03,36.3,0,0
2015-07-20,29.4,32.81481481481482,36.03,36.3,0,0
2015-07-21,30.7,32.69481481481482,36.03,36.3,0,0
2015-07-22,31.7,32.51555555555556,36.03,36.428,0,0
2015-07-23,32.0,32.303703703703704,35.76,36.291999999999994,0,0
2015-07-24,30.6,32.142962962962955,35.63,36.224,0,0
2015-07-25,30.5,31.971851851851856,35.33,35.931999999999995,0,0
2015-07-26,26.7,31.827407407407414,35.230000000000004,35.9,0,0
2015-07-27,28.1,31.7562962962963,35.230000000000004,35.764,0,0
2015-07-28,26.9,31.594074074074072,35.13,35.632,0,0
2015-07-29,26.7,31.488148148148145,35.03,35.632,0,0
2015-07-30,28.3,31.394814814814822,35.0,35.632,0,0
2015-07-31,27.7,31.309629629629637,34.93,35.632,0,0
2015-08-01,27.6,31.205925925925936,34.69,35.26,0,0
2015-08-02,29.6,31.197777777777784,34.39,35.26,0,0
2015-08-03,30.5,31.206666666666663,33.809999999999995,35.26,0,0
2015-08-04,31.7,31.152592592592594,33.32,35.26,0,0
2015-08-05,31.0,31.128888888888888,33.2,34.76,0,0
2015-08-06,30.1,31.122962962962966,33.13,34.395999999999994,0,0
2015-08-07,31.3,31.128888888888888,33.1,34.395999999999994,0,0
2015-08-08,30.9,31.191111111111105,33.2,34.395999999999994,0,0
2015-08-09,31.8,31.177037037037035,33.43,34.395999999999994,0,0
2015-08-10,32.0,31.194074074074074,33.53,34.395999999999994,0,0
2015-08-11,29.8,31.211111111111112,33.919999999999995,34.395999999999994,0,0
2015-08-12,30.7,31.200740740740745,33.919999999999995,34.61999999999999,0,0
2015-08-13,31.4,31.205185185185183,33.919999999999995,34.891999999999996,0,0
2015-08-14,30.9,31.22,34.230000000000004,34.891999999999996,0,0
2015-08-15,30.9,31.26444444444445,34.3,35.331999999999994,0,0
2015-08-16,29.2,31.25481481481481,34.3,35.331999999999994,0,0
2015-08-17,30.7,31.234814814814822,34.36,35.331999999999994,0,0
2015-08-18,32.2,31.179259259259258,34.36,35.331999999999994,0,0
2015-08-19,31.4,31.208888888888886,34.36,35.331999999999994,0,0
2015-08-20,30.4,31.21851851851852,34.36,35.331999999999994,0,0
2015-08-21,30.6,31.22222222222222,34.36,35.331999999999994,0,0
2015-08-22,31.2,31.23259259259259,34.36,35.331999999999994,0,0
2015-08-23,31.5,31.213333333333328,34.36,35.331999999999994,0,0
2015-08-24,31.6,31.2437037037037,34.56,35.331999999999994,0,0
2015-08-25,32.5,31.22444444444444,34.56,35.3,0,0
2015-08-26,33.4,31.16074074074074,34.56,35.331999999999994,0,0
2015-08-27,33.3,31.134814814814813,34.56,35.164,0,0
2015-08-28,33.6,31.10296296296296,34.56,35.232,0,0
2015-08-29,34.6,31.07259259259259,34.76,35.331999999999994,0,0
2015-08-30,34.3,31.06222222222222,34.76,35.232,0,0
2015-08-31,34.7,31.09185185185185,34.76,35.232,0,0
2015-09-01,33.4,31.09703703703704,34.56,35.232,0,0
2015-09-02,33.8,31.18,34.56,35.232,0,0
2015-09-03,33.8,31.244444444444444,34.56,35.232,0,0
2015-09-04,35.0,31.27481481481481,34.56,35.232,1,0
2015-09-05,35.1,31.33481481481482,34.56,35.232,1,0
2015-09-06,34.1,31.40814814814815,34.56,35.232,0,0
2015-09-07,33.6,31.455555555555556,34.730000000000004,35.232,0,0
2015-09-08,35.0,31.484444444444442,34.8,35.232,1,0
2015-09-09,35.0,31.571111111111115,34.8,35.132,1,0
2015-09-10,35.3,31.659259259259258,34.8,35.132,1,1
2015-09-11,37.8,31.75851851851852,34.8,35.36,1,1
2015-09-12,37.6,31.832592592592597,34.8,35.828,1,1
2015-09-13,37.7,31.9688888888889,34.8,36.019999999999996,1,1
2015-09-14,38.4,32.04148148148148,34.86,36.15599999999999,1,1
2015-09-15,37.0,32.03185185185186,34.86,36.15599999999999,1,1
2015-09-16,37.0,32.03333333333333,35.03,36.564,1,1
2015-09-17,36.5,32.028148148148155,35.28,36.564,1,0
2015-09-18,33.7,32.04296296296297,35.76,36.564,0,0
2015-09-19,33.5,32.03925925925926,35.76,36.564,0,0
2015-09-20,35.3,32.06518518518518,35.96,36.7,0,0
2015-09-21,35.0,32.14740740740741,36.19,36.828,0,0
2015-09-22,30.6,32.23481481481482,36.43,37.26,0,0
2015-09-23,33.1,32.33259259259259,36.56,37.632,0,0
2015-09-24,34.0,32.4,36.7,37.632,0,0
2015-09-25,34.1,32.51111111111111,36.82,37.732,0,0
2015-09-26,34.3,32.60296296296296,37.25,37.928,0,0
2015-09-27,34.6,32.70592592592592,37.6,37.995999999999995,0,0
2015-09-28,34.9,32.71333333333333,37.25,37.995999999999995,0,0
2015-09-29,36.1,32.760000000000005,37.25,37.995999999999995,0,0
2015-09-30,36.7,32.87481481481482,37.25,37.995999999999995,0,0
2015-10-01,36.4,32.98888888888889,37.25,37.995999999999995,0,0
2015-10-02,37.2,33.10296296296296,37.25,37.995999999999995,0,0
2015-10-03,38.0,33.17111111111112,37.25,37.995999999999995,1,1
2015-10-04,38.0,33.2562962962963,37.25,37.995999999999995,1,1
2015-10-05,37.7,33.28592592592593,37.25,37.995999999999995,1,0
2015-10-06,37.0,33.27703703703704,36.89,37.995999999999995,1,0
2015-10-07,36.8,33.29185185185185,36.89,37.831999999999994,0,0
2015-10-08,37.0,33.27333333333334,36.89,37.664,1,0
2015-10-09,36.7,33.224444444444444,36.89,37.596,0,0
2015-10-10,36.9,33.12666666666667,36.8,37.364,1,0
2015-10-11,36.8,32.99925925925926,36.730000000000004,37.3,1,0
2015-10-12,36.3,32.8562962962963,36.56,37.164,0,0
2015-10-13,36.3,32.79851851851853,36.43,37.164,0,0
2015-10-14,36.4,32.73111111111112,36.26,37.164,1,0
2015-10-15,34.9,32.66962962962963,36.2,36.959999999999994,0,0
2015-10-16,34.5,32.57333333333334,36.13,36.75599999999999,0,0
2015-10-17,36.3,32.42296296296296,35.96,36.75599999999999,1,0
2015-10-18,35.7,32.291111111111114,35.83,36.75599999999999,0,0
2015-10-19,35.5,32.1762962962963,35.83,36.75599999999999,0,0
2015-10-20,35.4,32.044444444444444,35.83,36.75599999999999,0,0
2015-10-21,34.3,31.911851851851853,35.309999999999995,36.687999999999995,0,0
2015-10-22,33.5,31.7562962962963,34.68,36.196,0,0
2015-10-23,33.4,31.620000000000005,34.62,35.964,0,0
2015-10-24,33.5,31.499259259259258,34.36,35.831999999999994,0,0
2015-10-25,33.5,31.393333333333334,34.089999999999996,35.324,0,0
2015-10-26,32.5,31.33185185185185,33.93,34.964,0,0
2015-10-27,30.3,31.253333333333327,33.56,34.964,0,0
2015-10-28,25.5,31.103703703703705,33.36,34.628,0,0
2015-10-29,25.5,30.938518518518517,33.3,34.16,0,0
2015-10-30,26.5,30.802222222222216,33.3,33.796,0,0
2015-10-31,27.0,30.689629629629632,33.16,33.564,0,0
2015-11-01,28.8,30.565925925925924,33.03,33.364,0,0
2015-11-02,29.3,30.462962962962962,32.93,33.364,0,0
2015-11-03,29.7,30.331851851851848,32.9,33.3,0,0
2015-11-04,31.6,30.177777777777777,32.9,33.3,0,0
2015-11-05,30.5,30.010370370370367,32.76,33.3,0,0
2015-11-06,30.0,29.840740740740742,32.6,33.096,0,0
2015-11-07,29.1,29.596296296296295,32.53,32.931999999999995,0,0
2015-11-08,30.1,29.339259259259258,32.43,32.632,0,0
2015-11-09,30.0,29.068888888888885,32.019999999999996,32.532,0,0
2015-11-10,29.9,28.768888888888892,31.53,32.331999999999994,0,0
2015-11-11,29.8,28.454074074074075,31.33,31.632,0,0
2015-11-12,29.9,28.193333333333328,31.3,31.532,0,0
2015-11-13,31.2,27.96,31.3,31.432,0,0
2015-11-14,30.5,27.725925925925925,31.23,31.4,0,0
2015-11-15,30.9,27.49259259259259,30.82,31.3,1,0
2015-11-16,29.6,27.284444444444443,30.6,31.232,0,0
2015-11-17,27.7,27.041481481481476,30.23,30.859999999999996,0,0
2015-11-18,27.5,26.854814814814812,29.66,30.632,0,0
2015-11-19,27.3,26.72074074074074,29.6,30.6,0,0
2015-11-20,27.4,26.56074074074074,29.4,30.055999999999994,0,0
2015-11-21,27.3,26.361481481481484,29.259999999999998,29.6,0,0
2015-11-22,27.4,26.20888888888889,29.2,29.464,0,0
2015-11-23,27.3,26.086666666666666,29.1,29.4,0,0
2015-11-24,28.0,25.95259259259259,28.89,29.264,0,0
2015-11-25,27.6,25.813333333333336,28.63,29.264,0,0
2015-11-26,28.3,25.730370370370373,28.63,29.264,0,0
2015-11-27,24.4,25.629629629629633,28.53,29.264,0,0
2015-11-28,24.0,25.49037037037037,28.5,29.132,0,0
2015-11-29,25.3,25.3362962962963,28.53,29.132,0,0
2015-11-30,27.2,25.220000000000002,28.43,29.132,0,0
2015-12-01,26.0,25.106666666666666,28.33,28.827999999999996,0,0
2015-12-02,24.6,24.980740740740742,28.33,28.827999999999996,0,0
2015-12-03,24.2,24.827407407407406,28.33,28.827999999999996,0,0
2015-12-04,25.5,24.58962962962963,27.83,28.532,0,0
2015-12-05,26.4,24.36962962962963,27.66,28.432,0,0
2015-12-06,26.5,24.157777777777778,27.459999999999997,28.332,0,0
2015-12-07,26.4,23.96888888888889,27.33,28.027999999999995,0,0
2015-12-08,26.5,23.735555555555557,27.03,28.027999999999995,0,0
2015-12-09,26.5,23.547407407407412,27.03,28.027999999999995,0,0
2015-12-10,26.9,23.36888888888889,26.93,28.027999999999995,0,0
2015-12-11,22.3,23.199259259259257,26.69,27.959999999999997,0,0
2015-12-12,20.2,23.06740740740741,26.69,27.323999999999998,0,0
2015-12-13,19.8,22.98074074074074,26.53,27.032,0,0
2015-12-14,20.2,22.937037037037037,26.5,26.932,0,0
2015-12-15,20.8,22.845185185185187,26.43,26.932,0,0
2015-12-16,20.9,22.712592592592593,26.259999999999998,26.695999999999998,0,0
2015-12-17,21.1,22.58962962962963,26.13,26.532,0,0
2015-12-18,20.8,22.450370370370372,26.0,26.432,0,0
2015-12-19,20.5,22.392592592592592,25.83,26.132,0,0
2015-12-20,20.6,22.340740740740742,25.66,26.032,0,0
2015-12-21,19.9,22.254814814814814,25.459999999999997,26.032,0,0
2015-12-22,19.5,22.18814814814815,25.6,26.032,0,0
2015-12-23,19.9,22.107407407407408,25.6,26.032,0,0
2015-12-24,18.9,21.971851851851852,25.6,26.032,0,0
2015-12-25,19.8,21.933333333333334,25.6,26.032,0,0
2015-12-26,22.0,21.86962962962963,25.6,26.032,0,0
2015-12-27,24.7,21.81111111111111,25.459999999999997,25.932,0,0
2015-12-28,26.1,21.691851851851847,25.6,25.932,1,1
2015-12-29,26.1,21.528148148148148,25.25,25.932,1,1
2015-12-30,25.6,21.385925925925925,25.03,25.9,1,0
2015-12-31,25.1,21.294814814814817,25.03,25.9,1,0
2016-01-01,24.6,20.910370370370373,24.63,25.259999999999998,0,0
2016-01-02,24.3,20.800740740740743,24.63,25.259999999999998,0,0
2016-01-03,25.0,20.696296296296296,24.32,25.259999999999998,1,0
2016-01-04,25.9,20.594074074074072,23.99,25.259999999999998,1,1
2016-01-05,26.2,20.599259259259256,23.99,25.164,1,1
2016-01-06,25.9,20.60814814814815,23.99,25.164,1,1
2016-01-07,25.6,20.58962962962963,23.83,25.164,1,1
2016-01-08,24.6,20.60148148148148,23.83,25.395999999999997,1,0
2016-01-09,23.2,20.59259259259259,23.99,25.395999999999997,0,0
2016-01-10,23.9,20.60962962962963,23.99,25.532,0,0
2016-01-11,24.6,20.61777777777778,24.47,25.727999999999998,1,0
2016-01-12,24.5,20.70666666666667,25.16,26.0,0,0
2016-01-13,23.4,20.79703703703704,25.36,26.095999999999997,0,0
2016-01-14,21.9,20.89851851851852,25.43,26.095999999999997,0,0
2016-01-15,21.5,20.96740740740741,25.43,26.095999999999997,0,0
2016-01-16,19.9,21.045185185185186,25.43,26.095999999999997,0,0
2016-01-17,20.0,21.111851851851853,25.53,26.3,0,0
2016-01-18,20.5,21.13111111111111,25.53,26.3,0,0
2016-01-19,19.5,21.106666666666666,25.53,26.3,0,0
2016-01-20,18.2,21.074074074074073,25.53,26.3,0,0
2016-01-21,19.7,21.045185185185183,25.43,26.3,0,0
2016-01-22,20.3,21.116296296296294,25.43,26.3,0,0
2016-01-23,21.7,21.250370370370373,25.43,26.364,0,0
2016-01-24,21.7,21.431111111111115,25.65,26.564,0,0
2016-01-25,21.4,21.647407407407403,26.09,27.21199999999999,0,0
2016-01-26,22.7,21.81407407407407,26.36,27.891999999999996,0,0
2016-01-27,24.1,21.935555555555556,26.36,27.891999999999996,0,0
2016-01-28,24.5,22.067407407407405,26.5,27.891999999999996,0,0
2016-01-29,27.5,22.14814814814815,26.5,27.891999999999996,1,0
2016-01-30,27.3,22.24666666666667,26.5,27.891999999999996,1,0
2016-01-31,25.6,22.374814814814815,26.5,27.891999999999996,0,0
2016-02-01,23.5,22.522962962962964,26.43,27.891999999999996,0,0
2016-02-02,22.7,22.704444444444448,26.5,27.891999999999996,0,0
2016-02-03,22.7,22.951851851851853,27.43,28.432,0,0
2016-02-04,23.7,23.18,27.56,28.432,0,0
2016-02-05,23.6,23.404444444444447,27.56,28.432,0,0
2016-02-06,25.3,23.66074074074074,27.7,28.564,0,0
2016-02-07,24.4,23.94074074074074,27.7,28.7,0,0
2016-02-08,23.8,24.205185185185183,28.049999999999997,28.732,0,0
2016-02-09,24.2,24.455555555555556,28.73,29.295999999999996,0,0
2016-02-10,25.5,24.762962962962963,29.29,29.964,0,0
2016-02-11,25.2,25.07851851851852,29.759999999999998,30.227999999999998,0,0
2016-02-12,25.6,25.42814814814815,30.1,30.6,0,0
2016-02-13,25.4,25.788888888888888,30.43,30.632,0,0
2016-02-14,24.1,26.15259259259259,30.6,31.464,0,0
2016-02-15,24.2,26.484444444444446,30.79,31.632,0,0
2016-02-16,23.8,26.808148148148153,31.33,31.732,0,0
2016-02-17,24.9,27.103703703703705,31.459999999999997,31.732,0,0
2016-02-18,25.5,27.398518518518518,31.6,31.8,0,0
2016-02-19,30.0,27.613333333333333,31.63,31.832,0,0
2016-02-20,28.5,27.854814814814812,31.73,32.16,0,0
2016-02-21,26.8,28.03111111111111,31.73,32.16,0,0
2016-02-22,28.1,28.123437499999998,31.765,32.23,0,0
2016-02-23,29.2,28.1890625,31.8,32.284,0,0
2016-02-24,29.3,28.172656249999996,31.865,32.684,0,0
2016-02-25,29.5,28.133593749999996,31.965,32.9,0,0
2016-02-26,29.1,28.06875,32.065,32.9,0,0
2016-02-27,29.0,27.9671875,32.36,32.9,0,0
2016-02-28,29.9,27.90234375,32.69499999999999,32.992,0,0
2016-02-29,30.5,27.9046875,32.864999999999995,33.1,0,0
2016-03-01,30.8,27.88828125,32.9,33.33,0,0
2016-03-02,32.8,27.9140625,32.9,33.738,0,0
2016-03-03,33.7,27.93046875,33.03,33.738,1,0
2016-03-04,32.8,28.0015625,33.1,33.738,0,0
2016-03-05,30.4,28.165625000000002,33.1,33.738,0,0
2016-03-06,28.4,28.29921875,33.1,34.446,0,0
2016-03-07,28.5,28.39765625,33.425,34.592,0,0
2016-03-08,28.5,28.48962962962963,33.69,34.7,0,0
2016-03-09,29.9,28.61777777777778,34.05,35.30799999999999,0,0
2016-03-10,31.0,28.843703703703703,34.43,37.047999999999995,0,0
2016-03-11,33.2,29.026666666666667,34.56,37.047999999999995,0,0
2016-03-12,32.0,29.276296296296294,34.7,38.032,0,0
2016-03-13,29.5,29.558518518518518,35.209999999999994,38.032,0,0
2016-03-14,29.6,29.861481481481484,36.46,38.032,0,0
2016-03-15,29.2,30.134814814814813,36.75,38.032,0,0
2016-03-16,30.5,30.456296296296298,36.75,38.032,0,0
2016-03-17,32.6,30.798518518518513,36.75,38.032,0,0
2016-03-18,32.9,31.16518518518518,36.75,38.032,0,0
2016-03-19,33.9,31.452592592592595,37.13,38.032,0,0
2016-03-20,34.8,31.775555555555552,37.32,38.4,0,0
2016-03-21,33.3,32.194074074074074,38.19,38.596,0,0
2016-03-22,31.8,32.65925925925926,38.589999999999996,39.232,0,0
2016-03-23,34.7,33.08518518518518,39.0,39.232,0,0
2016-03-24,36.8,33.41777777777778,39.03,39.3,0,0
2016-03-25,37.5,33.684444444444445,39.03,39.3,0,0
2016-03-26,32.8,34.005185185185184,39.03,39.3,0,0
2016-03-27,33.0,34.339999999999996,39.13,39.331999999999994,0,0
2016-03-28,33.7,34.586666666666666,39.2,39.4,0,0
2016-03-29,34.7,34.8362962962963,39.33,39.464,0,0
2016-03-30,36.0,35.041481481481476,39.4,39.6,0,0
2016-03-31,37.1,35.23851851851852,39.4,39.664,0,0
2016-04-01,38.2,35.39555555555555,39.43,39.928,0,0
2016-04-02,39.1,35.55555555555556,39.53,40.36,0,0
2016-04-03,38.7,35.75259259259259,39.6,41.019999999999996,0,0
2016-04-04,36.4,35.96592592592592,39.8,41.564,0,0
2016-04-05,36.5,35.99333333333334,39.8,41.564,0,0
2016-04-06,36.2,36.03259259259259,39.919999999999995,41.564,0,0
2016-04-07,34.5,36.10592592592593,40.2,41.564,0,0
2016-04-08,35.4,36.28074074074074,40.35,41.764,0,0
2016-04-09,36.1,36.43481481481481,40.91,41.831999999999994,0,0
2016-04-10,36.9,36.55481481481481,41.43,41.964,0,0
2016-04-11,35.1,36.68592592592592,41.63,42.132,0,0
2016-04-12,34.3,36.84074074074074,41.63,42.132,0,0
2016-04-13,36.9,36.90296296296296,41.7,42.132,0,0
2016-04-14,39.1,36.934074074074076,41.730000000000004,42.232,0,0
2016-04-15,40.3,37.028888888888886,41.730000000000004,42.232,0,0
2016-04-16,40.5,37.11037037037037,41.730000000000004,42.232,0,0
2016-04-17,38.2,37.21037037037037,41.730000000000004,42.232,0,0
2016-04-18,38.0,37.30296296296296,41.63,42.232,0,0
2016-04-19,37.7,37.32148148148148,41.63,42.232,0,0
2016-04-20,38.0,37.48444444444444,41.8,42.3,0,0
2016-04-21,38.5,37.62666666666667,41.9,42.331999999999994,0,0
2016-04-22,38.6,37.714814814814815,41.93,42.331999999999994,0,0
2016-04-23,36.6,37.78074074074074,41.93,42.331999999999994,0,0
2016-04-24,37.7,37.85259259259259,42.03,42.431999999999995,0,0
2016-04-25,38.0,37.922222222222224,42.03,42.4,0,0
2016-04-26,39.1,37.8874074074074,41.93,42.4,0,0
2016-04-27,39.1,37.9074074074074,41.93,42.4,0,0
2016-04-28,39.7,38.02518518518518,41.93,42.4,0,0
2016-04-29,40.3,38.236296296296295,41.9,42.331999999999994,0,0
2016-04-30,41.1,38.4274074074074,42.03,42.331999999999994,0,0
2016-05-01,42.2,38.60814814814815,42.3,42.532,0,0
2016-05-02,41.5,38.810370370370364,42.43,42.632,0,0
2016-05-03,40.4,38.97333333333333,42.5,42.732,0,0
2016-05-04,40.3,39.09703703703704,42.53,42.959999999999994,0,0
2016-05-05,37.9,39.162962962962965,42.6,43.49199999999999,0,0
2016-05-06,35.5,39.2,42.730000000000004,43.931999999999995,0,0
2016-05-07,38.0,39.32592592592592,42.949999999999996,44.064,0,0
2016-05-08,40.5,39.448888888888895,43.3,44.064,0,0
2016-05-09,41.8,39.54592592592592,43.33,44.064,0,0
2016-05-10,41.8,39.62518518518518,43.49,44.064,0,0
2016-05-11,41.0,39.68888888888889,43.730000000000004,44.232,0,0
2016-05-12,41.8,39.75555555555555,43.93,44.431999999999995,0,0
2016-05-13,41.8,39.815555555555555,43.93,44.431999999999995,0,0
2016-05-14,42.2,39.84444444444444,44.06,44.431999999999995,0,0
2016-05-15,42.7,39.860740740740745,44.06,44.431999999999995,0,0
2016-05-16,42.9,39.86148148148149,44.2,44.5,0,0
2016-05-17,43.5,39.80222222222223,44.2,44.5,0,0
2016-05-18,44.5,39.78074074074075,44.230000000000004,44.5,1,1
2016-05-19,46.0,39.86740740740741,44.33,44.596,1,1
2016-05-20,45.7,39.95777777777778,44.5,44.831999999999994,1,1
2016-05-21,44.9,40.06074074074075,44.5,45.09199999999999,1,0
2016-05-22,43.1,40.09481481481482,44.589999999999996,45.66,0,0
2016-05-23,42.5,40.0437037037037,44.8,45.66,0,0
2016-05-24,39.0,40.02148148148148,44.83,45.66,0,0
2016-05-25,40.5,40.039259259259254,44.83,45.66,0,0
2016-05-26,40.1,40.102222222222224,44.83,45.66,0,0
2016-05-27,41.0,40.15925925925926,44.9,45.66,0,0
2016-05-28,39.9,40.129629629629626,44.9,45.66,0,0
2016-05-29,40.1,40.101481481481486,44.9,45.66,0,0
2016-05-30,39.3,40.04666666666667,44.9,45.66,0,0
2016-05-31,40.3,40.04074074074074,44.9,45.66,0,0
2016-06-01,40.9,40.04888888888889,44.9,45.66,0,0
2016-06-02,40.8,40.01481481481481,44.9,45.66,0,0
2016-06-03,41.9,39.95703703703703,44.9,45.296,0,0
2016-06-04,43.5,39.860740740740745,44.48,45.064,0,0
2016-06-05,43.8,39.78148148148148,44.16,44.931999999999995,0,0
2016-06-06,43.6,39.65851851851851,44.0,44.9,0,0
2016-06-07,43.8,39.563703703703695,43.86,44.9,0,0
2016-06-08,43.2,39.530370370370356,43.589999999999996,44.49199999999999,0,0
2016-06-09,42.9,39.428888888888885,43.36,44.49199999999999,0,0
2016-06-10,42.3,39.34444444444444,43.3,44.288,0,0
2016-06-11,39.9,39.16222222222222,43.230000000000004,43.864,0,0
2016-06-12,39.8,39.00888888888889,42.8,43.596,0,0
2016-06-13,38.9,38.84148148148149,42.63,43.596,0,0
2016-06-14,37.8,38.66148148148148,42.53,43.364,0,0
2016-06-15,38.2,38.46740740740741,42.53,43.364,0,0
2016-06-16,39.1,38.32222222222222,42.43,43.364,0,0
2016-06-17,40.6,38.142962962962955,42.26,42.891999999999996,0,0
2016-06-18,40.5,37.89925925925926,42.13,42.532,0,0
2016-06-19,39.3,37.708888888888886,42.03,42.431999999999995,0,0
2016-06-20,38.8,37.4725925925926,41.93,42.431999999999995,0,0
2016-06-21,37.1,37.315555555555555,41.93,42.431999999999995,0,0
2016-06-22,35.5,37.16222222222222,41.93,42.431999999999995,0,0
2016-06-23,39.1,36.942962962962966,41.83,42.431999999999995,0,0
2016-06-24,38.3,36.77703703703704,41.7,42.264,0,0
2016-06-25,38.2,36.60592592592593,41.5,41.864,0,0
2016-06-26,37.5,36.501481481481484,41.43,41.895999999999994,0,0
2016-06-27,36.2,36.39185185185185,41.19,41.895999999999994,0,0
2016-06-28,33.8,36.24296296296297,41.03,41.895999999999994,0,0
2016-06-29,35.7,36.11851851851852,40.86,41.596,0,0
2016-06-30,36.8,35.99407407407408,40.8,41.5,0,0
2016-07-01,33.0,35.808888888888895,40.8,41.228,0,0
2016-07-02,33.1,35.6562962962963,40.8,41.228,0,0
2016-07-03,30.4,35.509629629629636,40.8,41.228,0,0
2016-07-04,33.4,35.357037037037045,40.8,41.228,0,0
2016-07-05,34.4,35.155555555555566,40.730000000000004,41.228,0,0
2016-07-06,34.0,34.95703703703704,40.28,40.895999999999994,0,0
2016-07-07,34.0,34.839259259259265,39.83,40.895999999999994,0,0
2016-07-08,34.7,34.74814814814815,39.25,40.732,0,0
2016-07-09,34.3,34.620000000000005,38.89,39.831999999999994,0,0
2016-07-10,34.7,34.51777777777777,38.66,39.26,0,0
2016-07-11,32.2,34.370370370370374,38.46,39.1,0,0
2016-07-12,31.7,34.193333333333335,38.19,38.895999999999994,0,0
2016-07-13,32.2,34.10814814814815,38.19,38.895999999999994,0,0
2016-07-14,31.7,33.96666666666666,37.98,38.895999999999994,0,0
2016-07-15,29.9,33.78074074074074,37.309999999999995,38.8,0,0
2016-07-16,26.6,33.590370370370366,36.4,38.528,0,0
2016-07-17,28.5,33.428888888888885,36.3,37.324,0,0
2016-07-18,31.8,33.21333333333333,36.230000000000004,36.623999999999995,0,0
2016-07-19,31.9,32.925185185185185,36.03,36.3,0,0
2016-07-20,33.2,32.76814814814816,36.03,36.3,0,0
2016-07-21,34.0,32.62370370370371,36.03,36.3,0,0
2016-07-22,33.3,32.41185185185186,36.03,36.428,0,0
2016-07-23,33.2,32.16444444444445,35.76,36.291999999999994,0,0
2016-07-24,33.2,31.928148148148143,35.63,36.224,0,0
2016-07-25,32.9,31.699259259259264,35.33,35.931999999999995,0,0
2016-07-26,33.8,31.563703703703705,35.230000000000004,35.9,0,0
2016-07-27,29.7,31.494074074074074,35.230000000000004,35.764,0,0
2016-07-28,29.0,31.375555555555554,35.13,35.632,0,0
2016-07-29,28.8,31.29407407407408,35.03,35.632,0,0
2016-07-30,28.5,31.200740740740745,35.0,35.632,0,0
2016-07-31,30.6,31.13407407407408,34.93,35.632,0,0
2016-08-01,32.6,31.057777777777787,34.69,35.26,0,0
2016-08-02,28.7,31.08296296296297,34.39,35.26,0,0
2016-08-03,30.9,31.155555555555555,33.809999999999995,35.26,0,0
2016-08-04,29.6,31.128888888888888,33.32,35.26,0,0
2016-08-05,31.0,31.120740740740743,33.2,34.76,0,0
2016-08-06,31.7,31.1362962962963,33.13,34.395999999999994,0,0
2016-08-07,30.0,31.15111111111111,33.1,34.395999999999994,0,0
2016-08-08,29.8,31.231851851851854,33.2,34.395999999999994,0,0
2016-08-09,29.7,31.24222222222222,33.43,34.395999999999994,0,0
2016-08-10,30.5,31.26,33.53,34.395999999999994,0,0
2016-08-11,27.7,31.317777777777774,33.919999999999995,34.395999999999994,0,0
2016-08-12,30.7,31.300740740740743,33.919999999999995,34.61999999999999,0,0
2016-08-13,30.6,31.31703703703704,33.919999999999995,34.891999999999996,0,0
2016-08-14,29.9,31.375555555555554,34.230000000000004,34.891999999999996,0,0
2016-08-15,31.3,31.430370370370373,34.3,35.331999999999994,0,0
2016-08-16,30.9,31.419999999999998,34.3,35.331999999999994,0,0
2016-08-17,29.7,31.40814814814815,34.36,35.331999999999994,0,0
2016-08-18,27.1,31.36592592592592,34.36,35.331999999999994,0,0
2016-08-19,30.2,31.397777777777776,34.36,35.331999999999994,0,0
2016-08-20,28.8,31.425925925925927,34.36,35.331999999999994,0,0
2016-08-21,26.3,31.452592592592595,34.36,35.331999999999994,0,0
2016-08-22,28.5,31.493333333333336,34.53,35.331999999999994,0,0
2016-08-23,30.5,31.51259259259259,34.53,35.331999999999994,0,0
2016-08-24,28.4,31.588148148148147,34.7,35.331999999999994,0,0
2016-08-25,29.2,31.591111111111104,34.7,35.3,0,0
2016-08-26,31.0,31.51333333333333,34.7,35.331999999999994,0,0
2016-08-27,30.8,31.506666666666664,34.7,35.164,0,0
2016-08-28,29.7,31.498518518518512,34.76,35.232,0,0
2016-08-29,29.5,31.48222222222222,35.03,35.331999999999994,0,0
2016-08-30,29.5,31.490370370370368,35.0,35.232,0,0
2016-08-31,30.3,31.543703703703702,35.0,35.232,0,0
2016-09-01,29.4,31.56222222222222,35.0,35.232,0,0
2016-09-02,30.6,31.654814814814813,35.0,35.232,0,0
2016-09-03,30.0,31.734814814814815,35.03,35.3,0,0
2016-09-04,30.2,31.800740740740736,35.1,35.331999999999994,0,0
2016-09-05,28.9,31.882962962962967,35.13,35.623999999999995,0,0
2016-09-06,28.9,31.962962962962962,35.230000000000004,36.57999999999999,0,0
2016-09-07,29.4,32.02148148148148,35.3,37.632,0,0
2016-09-08,30.0,32.053333333333335,35.33,37.632,0,0
2016-09-09,30.4,32.14222222222222,35.61,37.632,0,0
2016-09-10,30.8,32.22888888888889,36.22,37.632,0,0
2016-09-11,30.5,32.308888888888895,36.56,37.632,0,0
2016-09-12,30.7,32.35037037037037,36.7,37.632,0,0
2016-09-13,31.7,32.452592592592595,36.79,37.632,0,0
2016-09-14,32.1,32.49407407407408,36.79,37.632,0,0
2016-09-15,32.2,32.43703703703704,36.79,37.632,0,0
2016-09-16,32.7,32.407407407407405,36.79,37.632,0,0
2016-09-17,33.5,32.38148148148148,36.79,37.632,0,0
2016-09-18,32.5,32.38074074074074,36.79,37.632,0,0
2016-09-19,33.1,32.334074074074074,36.7,37.6,0,0
2016-09-20,33.7,32.310370370370364,36.7,37.26,0,0
2016-09-21,34.0,32.3474074074074,36.7,37.26,0,0
2016-09-22,32.8,32.403703703703705,36.7,37.26,0,0
2016-09-23,32.3,32.495555555555555,36.7,37.632,0,0
2016-09-24,32.2,32.559999999999995,36.7,37.632,0,0
2016-09-25,31.7,32.685925925925915,37.13,37.732,0,0
2016-09-26,32.8,32.80518518518518,37.6,38.064,0,0
2016-09-27,34.4,32.93703703703704,37.730000000000004,38.064,0,0
2016-09-28,35.0,32.98814814814815,37.730000000000004,38.064,0,0
2016-09-29,34.0,33.07925925925925,37.730000000000004,38.064,0,0
2016-09-30,32.7,33.24444444444445,37.730000000000004,38.064,0,0
2016-10-01,32.5,33.38592592592593,37.730000000000004,38.064,0,0
2016-10-02,32.2,33.510370370370374,37.730000000000004,38.064,0,0
2016-10-03,33.1,33.596296296296295,37.730000000000004,38.064,0,0
2016-10-04,33.7,33.70074074074074,37.730000000000004,38.064,0,0
2016-10-05,30.2,33.75703703703704,37.730000000000004,38.064,0,0
2016-10-06,30.0,33.77555555555556,37.730000000000004,38.064,0,0
2016-10-07,32.2,33.80074074074074,37.63,38.0,0,0
2016-10-08,32.5,33.76592592592593,37.39,37.931999999999995,0,0
2016-10-09,33.5,33.7037037037037,37.36,37.931999999999995,0,0
2016-10-10,32.1,33.59481481481482,37.3,37.931999999999995,0,0
2016-10-11,32.7,33.45037037037038,37.03,37.564,0,0
2016-10-12,32.5,33.294074074074075,36.93,37.3,0,0
2016-10-13,32.7,33.20444444444445,36.83,37.164,0,0
2016-10-14,32.9,33.102222222222224,36.8,37.164,0,0
2016-10-15,33.1,33.01481481481482,36.730000000000004,37.096,0,0
2016-10-16,32.4,32.89185185185186,36.43,37.028,0,0
2016-10-17,32.8,32.72962962962963,36.4,37.028,0,0
2016-10-18,33.1,32.57703703703704,36.33,36.959999999999994,0,0
2016-10-19,33.0,32.43333333333333,36.3,36.75599999999999,0,0
2016-10-20,32.2,32.257777777777775,36.3,36.75599999999999,0,0
2016-10-21,32.0,32.05407407407407,35.96,36.687999999999995,0,0
2016-10-22,32.4,31.832592592592597,35.730000000000004,36.331999999999994,0,0
2016-10-23,32.5,31.652592592592594,35.56,36.164,0,0
2016-10-24,31.9,31.493333333333336,35.43,35.964,0,0
2016-10-25,31.5,31.352592592592597,34.96,35.732,0,0
2016-10-26,32.3,31.27037037037037,34.36,35.431999999999995,0,0
2016-10-27,32.4,31.177037037037035,34.089999999999996,35.196,0,0
2016-10-28,31.5,31.025185185185183,33.56,34.628,0,0
2016-10-29,30.9,30.842962962962964,33.5,34.16,0,0
2016-10-30,30.6,30.692592592592593,33.43,33.796,0,0
2016-10-31,30.1,30.569629629629627,33.3,33.564,0,0
2016-11-01,30.0,30.439999999999998,33.16,33.5,0,0
2016-11-02,29.5,30.32,32.93,33.364,0,0
2016-11-03,29.2,30.185185185185187,32.9,33.3,0,0
2016-11-04,28.7,30.049629629629628,32.9,33.3,0,0
2016-11-05,30.5,29.934814814814814,32.76,33.3,0,0
2016-11-06,30.8,29.825185185185184,32.6,33.096,0,0
2016-11-07,29.6,29.634074074074075,32.53,32.931999999999995,0,0
2016-11-08,29.3,29.43111111111111,32.43,32.632,0,0
2016-11-09,30.3,29.19259259259259,32.019999999999996,32.532,0,0
2016-11-10,30.2,28.899259259259257,31.6,32.331999999999994,0,0
2016-11-11,29.4,28.580740740740737,31.4,31.632,0,0
2016-11-12,28.8,28.294814814814814,31.3,31.532,0,0
2016-11-13,28.5,28.055555555555557,31.3,31.432,0,0
2016-11-14,27.4,27.821481481481477,31.23,31.4,0,0
2016-11-15,26.7,27.58296296296296,31.13,31.3,0,0
2016-11-16,26.5,27.364444444444445,30.759999999999998,31.232,0,0
2016-11-17,27.0,27.12666666666666,30.6,31.2,0,0
2016-11-18,27.5,26.937037037037037,30.53,30.995999999999995,0,0
2016-11-19,27.8,26.79185185185185,30.36,30.764,0,0
2016-11-20,28.2,26.58888888888889,29.66,30.632,0,0
2016-11-21,28.1,26.334814814814813,29.459999999999997,30.023999999999997,0,0
2016-11-22,28.6,26.135555555555555,29.259999999999998,29.6,0,0
2016-11-23,27.9,25.98074074074074,28.959999999999997,29.464,0,0
2016-11-24,27.6,25.820740740740742,28.36,29.2,0,0
2016-11-25,28.3,25.66740740740741,28.13,29.2,1,0
2016-11-26,29.4,25.578518518518518,28.03,29.2,1,1
2016-11-27,29.1,25.49185185185185,28.03,28.723999999999997,1,1
2016-11-28,28.7,25.36740740740741,28.03,28.432,1,1
2016-11-29,28.5,25.223703703703706,28.03,28.464,1,1
2016-11-30,27.4,25.119259259259263,28.03,28.464,0,0
2016-12-01,26.4,25.014814814814816,27.93,28.332,0,0
2016-12-02,25.8,24.88888888888889,27.83,28.332,0,0
2016-12-03,25.0,24.743703703703705,27.73,28.332,0,0
2016-12-04,24.1,24.482222222222227,27.39,28.027999999999995,0,0
2016-12-05,25.2,24.26,27.23,28.027999999999995,0,0
2016-12-06,25.9,24.05185185185185,27.23,28.027999999999995,0,0
2016-12-07,26.0,23.855555555555554,27.23,28.027999999999995,0,0
2016-12-08,25.9,23.597777777777775,27.03,28.027999999999995,0,0
2016-12-09,26.1,23.38888888888889,27.03,28.027999999999995,0,0
2016-12-10,26.5,23.2,26.93,28.027999999999995,0,0
2016-12-11,26.6,23.014074074074074,26.9,27.959999999999997,0,0
2016-12-12,25.2,22.84148148148148,26.9,27.323999999999998,0,0
2016-12-13,24.0,22.711851851851847,26.619999999999997,27.032,0,0
2016-12-14,24.4,22.617037037037036,26.5,26.932,0,0
2016-12-15,24.3,22.473333333333336,26.5,26.932,0,0
2016-12-16,24.1,22.291111111111114,26.119999999999997,26.9,0,0
2016-12-17,23.7,22.113333333333333,25.66,26.627999999999997,0,0
2016-12-18,23.8,21.94666666666667,25.4,26.127999999999997,0,0
2016-12-19,24.6,21.911851851851846,25.19,25.864,0,0
2016-12-20,25.2,21.903703703703705,25.1,25.664,1,0
2016-12-21,26.2,21.85777777777778,25.1,25.664,1,1
2016-12-22,26.1,21.825925925925926,25.19,25.895999999999997,1,1
2016-12-23,26.0,21.78074074074074,25.4,25.895999999999997,1,1
2016-12-24,25.9,21.68148148148148,25.4,25.895999999999997,1,1
2016-12-25,23.1,21.622222222222224,25.4,25.895999999999997,0,0
2016-12-26,23.2,21.534814814814812,25.19,25.895999999999997,0,0
2016-12-27,23.8,21.460000000000004,25.1,25.664,0,0
2016-12-28,24.9,21.333333333333332,24.89,25.664,1,0
2016-12-29,25.6,21.18740740740741,24.73,25.6,1,1
2016-12-30,24.3,21.069629629629627,24.63,25.259999999999998,0,0
2016-12-31,23.4,20.997037037037035,24.63,25.259999999999998,0,0
2017-01-01,23.0,21.124444444444446,25.6,25.964,0,0
2017-01-02,22.5,21.052592592592593,25.6,25.964,0,0
2017-01-03,22.0,21.001481481481484,25.6,25.964,0,0
2017-01-04,22.3,20.96074074074074,25.6,25.964,0,0
2017-01-05,23.5,21.011111111111113,25.39,25.9,0,0
2017-01-06,23.2,21.04074074074074,25.16,25.695999999999998,0,0
2017-01-07,21.4,21.04074074074074,25.16,25.9,0,0
2017-01-08,18.1,21.04740740740741,25.39,25.932,0,0
2017-01-09,19.6,21.02148148148148,25.39,25.932,0,0
2017-01-10,17.9,21.037777777777773,25.53,25.932,0,0
2017-01-11,16.7,21.03037037037037,25.6,26.0,0,0
2017-01-12,17.0,21.080740740740744,25.6,26.064,0,0
2017-01-13,18.3,21.127407407407407,25.6,26.095999999999997,0,0
2017-01-14,18.6,21.194814814814816,25.53,26.095999999999997,0,0
2017-01-15,20.8,21.208888888888886,25.43,26.095999999999997,0,0
2017-01-16,20.6,21.213333333333335,25.43,26.095999999999997,0,0
2017-01-17,18.3,21.216296296296296,25.43,26.095999999999997,0,0
2017-01-18,19.6,21.16296296296296,25.43,26.095999999999997,0,0
2017-01-19,21.1,21.111111111111107,25.43,26.095999999999997,0,0
2017-01-20,21.4,21.06074074074074,25.43,26.095999999999997,0,0
2017-01-21,21.6,21.025185185185187,25.19,26.095999999999997,0,0
2017-01-22,23.5,21.108888888888888,25.43,26.3,0,0
2017-01-23,25.1,21.267407407407408,25.65,26.755999999999993,0,0
2017-01-24,26.7,21.462962962962962,26.09,27.364,1,0
2017-01-25,25.2,21.67185185185185,26.3,27.755999999999993,0,0
2017-01-26,18.5,21.824444444444442,26.5,27.891999999999996,0,0
2017-01-27,19.0,21.942962962962966,26.74,27.891999999999996,0,0
2017-01-28,20.3,22.07777777777778,26.74,27.891999999999996,0,0
2017-01-29,22.5,22.163703703703703,26.74,27.891999999999996,0,0
2017-01-30,23.3,22.308888888888887,26.74,27.891999999999996,0,0
2017-01-31,24.3,22.478518518518516,26.74,27.891999999999996,0,0
2017-02-01,22.8,22.66740740740741,26.74,27.891999999999996,0,0
2017-02-02,23.7,22.890370370370373,27.33,27.891999999999996,0,0
2017-02-03,24.7,23.12962962962963,27.5,28.432,0,0
2017-02-04,26.5,23.33925925925926,27.56,28.432,0,0
2017-02-05,24.8,23.554814814814815,27.56,28.432,0,0
2017-02-06,22.2,23.77851851851852,27.7,28.564,0,0
2017-02-07,22.2,24.014814814814816,27.7,28.7,0,0
2017-02-08,23.3,24.242222222222225,28.049999999999997,28.732,0,0
2017-02-09,22.4,24.447407407407407,28.7,29.295999999999996,0,0
2017-02-10,22.4,24.72074074074074,29.06,29.9,0,0
2017-02-11,22.6,25.013333333333335,29.29,29.964,0,0
2017-02-12,22.6,25.37037037037037,29.9,30.195999999999998,0,0
2017-02-13,24.8,25.727407407407405,30.03,30.6,0,0
2017-02-14,26.0,26.075555555555553,30.459999999999997,31.127999999999997,0,0
2017-02-15,27.9,26.4,30.63,31.464,0,0
2017-02-16,29.2,26.73925925925926,31.09,31.632,0,0
2017-02-17,30.5,27.03851851851852,31.33,31.7,0,0
2017-02-18,30.6,27.31925925925926,31.459999999999997,31.732,0,0
2017-02-19,31.8,27.52444444444444,31.6,31.832,1,0
2017-02-20,30.2,27.745925925925924,31.7,32.16,0,0
2017-02-21,25.8,27.91111111111111,31.7,32.16,0,0
2017-02-22,26.9,28.031007751937985,31.7,32.22,0,0
2017-02-23,26.6,28.129457364341082,31.759999999999998,32.276,0,0
2017-02-24,27.0,28.190697674418605,31.959999999999997,32.843999999999994,0,0
2017-02-25,28.3,28.24108527131783,32.339999999999996,32.9,0,0
2017-02-26,27.8,28.25968992248062,32.8,32.9,0,0
2017-02-27,28.7,28.1922480620155,32.8,32.988,0,0
2017-02-28,30.8,28.144186046511628,32.86,33.1,0,0
2017-03-01,30.2,28.11860465116279,32.9,33.644,0,0
2017-03-02,28.2,28.13953488372093,33.019999999999996,33.788000000000004,0,0
2017-03-03,27.8,28.186821705426357,33.1,33.788000000000004,0,0
2017-03-04,27.2,28.320930232558137,33.1,33.788000000000004,0,0
2017-03-05,27.9,28.53255813953488,33.1,33.788000000000004,0,0
2017-03-06,28.0,28.700775193798446,33.44,34.443999999999996,0,0
2017-03-07,28.8,28.82868217054263,33.660000000000004,34.588,0,0
2017-03-08,27.5,28.889629629629628,33.76,34.7,0,0
2017-03-09,27.9,29.014074074074074,34.05,35.30799999999999,0,0
2017-03-10,24.7,29.22962962962963,34.43,37.047999999999995,0,0
2017-03-11,23.8,29.39481481481481,34.56,37.047999999999995,0,0
2017-03-12,24.4,29.650370370370364,34.7,38.032,0,0
2017-03-13,24.6,29.94074074074074,35.279999999999994,38.032,0,0
2017-03-14,26.6,30.242962962962963,36.46,38.032,0,0
2017-03-15,28.7,30.497037037037032,36.75,38.032,0,0
2017-03-16,30.4,30.805185185185184,36.75,38.032,0,0
2017-03-17,29.4,31.145925925925926,36.89,38.032,0,0
2017-03-18,29.4,31.485925925925923,37.13,38.032,0,0
2017-03-19,27.5,31.677037037037035,37.2,38.032,0,0
2017-03-20,31.2,31.903703703703705,37.29,38.196,0,0
2017-03-21,33.0,32.24444444444445,37.86,38.431999999999995,0,0
2017-03-22,34.7,32.65555555555555,38.4,39.064,0,0
2017-03-23,35.5,33.05481481481481,38.43,39.132,0,0
2017-03-24,35.0,33.38296296296297,38.519999999999996,39.232,0,0
2017-03-25,34.8,33.62222222222222,38.4,39.232,0,0
2017-03-26,36.4,33.9237037037037,38.519999999999996,39.232,0,0
2017-03-27,38.4,34.20740740740741,38.89,39.331999999999994,0,0
2017-03-28,39.3,34.41555555555556,39.13,39.4,1,0
2017-03-29,39.0,34.657037037037036,39.33,39.464,0,0
2017-03-30,39.1,34.89185185185185,39.4,39.6,0,0
2017-03-31,37.6,35.10222222222222,39.4,39.664,0,0
2017-04-01,38.7,35.257037037037044,39.43,39.928,0,0
2017-04-02,38.2,35.416296296296295,39.53,40.36,0,0
2017-04-03,39.2,35.6562962962963,39.6,41.019999999999996,0,0
2017-04-04,38.0,35.89037037037038,39.8,41.564,0,0
2017-04-05,37.3,35.92444444444444,39.8,41.564,0,0
2017-04-06,35.1,35.971111111111114,39.8,41.564,0,0
2017-04-07,33.5,36.050370370370366,39.8,41.564,0,0
2017-04-08,33.9,36.21407407407407,39.919999999999995,41.564,0,0
2017-04-09,33.5,36.36222222222222,40.230000000000004,41.564,0,0
2017-04-10,34.7,36.44222222222222,40.36,41.564,0,0
2017-04-11,37.7,36.54592592592592,40.5,41.632,0,0
2017-04-12,39.0,36.68740740740741,40.53,41.632,0,0
2017-04-13,40.2,36.72814814814814,40.53,41.632,0,0
2017-04-14,41.4,36.72222222222222,40.53,41.632,1,0
2017-04-15,42.3,36.79185185185185,40.5,41.632,1,1
2017-04-16,41.8,36.845925925925926,40.5,41.532,1,1
2017-04-17,42.7,36.93407407407407,40.5,41.532,1,1
2017-04-18,42.2,37.020740740740735,40.5,41.296,1,1
2017-04-19,41.1,37.07333333333333,40.53,41.132,1,0
2017-04-20,41.7,37.272592592592595,40.96,41.664,1,1
2017-04-21,42.4,37.443703703703704,41.2,41.9,1,1
2017-04-22,41.0,37.57185185185186,41.32,41.931999999999995,0,0
2017-04-23,38.8,37.66888888888889,41.730000000000004,42.032,0,0
2017-04-24,36.7,37.77555555555556,41.9,42.232,0,0
2017-04-25,36.6,37.89555555555555,41.93,42.331999999999994,0,0
2017-04-26,37.1,37.902222222222214,41.93,42.331999999999994,0,0
2017-04-27,38.9,37.95555555555555,41.93,42.331999999999994,0,0
2017-04-28,39.1,38.08518518518518,41.93,42.331999999999994,0,0
2017-04-29,37.2,38.282222222222224,41.93,42.331999999999994,0,0
2017-04-30,38.9,38.45925925925926,42.03,42.331999999999994,0,0
2017-05-01,38.8,38.64074074074074,42.13,42.5,0,0
2017-05-02,39.2,38.83259259259259,42.33,42.632,0,0
2017-05-03,39.0,38.990370370370364,42.43,42.732,0,0
2017-05-04,39.2,39.09851851851851,42.5,42.959999999999994,0,0
2017-05-05,40.0,39.16222222222222,42.53,43.49199999999999,0,0
2017-05-06,41.3,39.19185185185185,42.730000000000004,43.931999999999995,0,0
2017-05-07,42.3,39.29851851851851,42.949999999999996,44.064,0,0
2017-05-08,42.6,39.40962962962963,43.3,44.064,0,0
2017-05-09,42.2,39.495555555555555,43.33,44.064,0,0
2017-05-10,41.1,39.6037037037037,43.56,44.064,0,0
2017-05-11,41.1,39.70222222222222,43.83,44.364,0,0
2017-05-12,41.9,39.79259259259259,44.230000000000004,44.5,0,0
2017-05-13,42.2,39.91259259259259,44.33,44.5,0,0
2017-05-14,41.7,40.03111111111111,44.43,44.628,0,0
2017-05-15,42.1,40.122962962962966,44.43,44.628,0,0
2017-05-16,41.0,40.165185185185194,44.5,44.831999999999994,0,0
2017-05-17,37.3,40.098518518518524,44.5,44.831999999999994,0,0
2017-05-18,38.4,40.07037037037038,44.5,44.9,0,0
2017-05-19,41.7,40.13777777777778,44.5,45.15599999999999,0,0
2017-05-20,39.7,40.20074074074074,44.589999999999996,45.796,0,0
2017-05-21,38.6,40.28148148148148,44.83,45.796,0,0
2017-05-22,37.2,40.32222222222222,44.9,46.0,0,0
2017-05-23,39.0,40.279259259259256,44.9,46.0,0,0
2017-05-24,40.4,40.25555555555555,44.9,46.0,0,0
2017-05-25,40.7,40.25555555555555,44.9,46.0,0,0
2017-05-26,42.8,40.28148148148148,44.9,46.0,0,0
2017-05-27,44.8,40.30740740740741,44.9,45.796,0,0
2017-05-28,43.3,40.242962962962956,44.9,45.66,0,0
2017-05-29,38.7,40.19185185185186,44.9,45.66,0,0
2017-05-30,37.6,40.12148148148149,44.9,45.66,0,0
2017-05-31,38.6,40.14222222222222,44.9,45.66,0,0
2017-06-01,37.1,40.205925925925925,44.9,45.66,0,0
2017-06-02,39.7,40.232592592592596,44.9,45.66,0,0
2017-06-03,41.8,40.22666666666667,44.9,45.296,0,0
2017-06-04,42.2,40.16740740740741,44.48,45.064,0,0
2017-06-05,40.6,40.11925925925925,44.16,44.931999999999995,0,0
2017-06-06,39.8,39.97925925925925,44.0,44.9,0,0
2017-06-07,36.7,39.85703703703703,43.86,44.9,0,0
2017-06-08,37.1,39.79925925925926,43.8,44.49199999999999,0,0
2017-06-09,34.9,39.663703703703696,43.8,44.49199999999999,0,0
2017-06-10,38.0,39.592592592592595,43.66,44.288,0,0
2017-06-11,38.7,39.43333333333333,43.53,43.864,0,0
2017-06-12,39.0,39.27629629629629,43.36,43.8,0,0
2017-06-13,39.8,39.09185185185185,43.230000000000004,43.8,0,0
2017-06-14,39.8,38.9,42.99,43.596,0,0
2017-06-15,39.8,38.662962962962965,42.76,43.364,0,0
2017-06-16,39.9,38.5088888888889,42.53,43.364,0,0
2017-06-17,37.7,38.28888888888889,42.33,42.891999999999996,0,0
2017-06-18,37.3,38.01851851851852,42.13,42.532,0,0
2017-06-19,38.5,37.80814814814815,42.03,42.431999999999995,0,0
2017-06-20,37.9,37.552592592592596,41.93,42.431999999999995,0,0
2017-06-21,34.9,37.41925925925926,41.93,42.431999999999995,0,0
2017-06-22,34.2,37.303703703703704,41.93,42.431999999999995,0,0
2017-06-23,34.2,37.12518518518518,41.83,42.431999999999995,0,0
2017-06-24,35.8,36.97481481481482,41.7,42.264,0,0
2017-06-25,37.5,36.787407407407414,41.5,41.864,0,0
2017-06-26,39.0,36.64074074074074,41.43,41.895999999999994,0,0
2017-06-27,38.0,36.525925925925925,41.19,41.895999999999994,0,0
2017-06-28,31.5,36.38296296296297,41.03,41.895999999999994,0,0
2017-06-29,32.6,36.239999999999995,40.86,41.596,0,0
2017-06-30,32.9,36.10074074074074,40.8,41.5,0,0
2017-07-01,31.7,35.87185185185186,40.8,41.228,0,0
2017-07-02,32.4,35.689629629629636,40.8,41.228,0,0
2017-07-03,32.9,35.52740740740741,40.8,41.228,0,0
2017-07-04,33.3,35.36666666666667,40.8,41.228,0,0
2017-07-05,32.7,35.16666666666667,40.730000000000004,41.228,0,0
2017-07-06,34.3,34.948888888888895,40.28,40.895999999999994,0,0
2017-07-07,34.7,34.79407407407408,39.83,40.895999999999994,0,0
2017-07-08,35.7,34.644444444444446,39.25,40.732,0,0
2017-07-09,35.8,34.4562962962963,38.89,39.831999999999994,0,0
2017-07-10,36.1,34.31407407407407,38.66,39.26,0,0
2017-07-11,34.8,34.17777777777778,38.46,39.1,0,0
2017-07-12,33.3,33.99333333333334,38.19,38.895999999999994,0,0
2017-07-13,32.5,33.89555555555555,38.19,38.895999999999994,0,0
2017-07-14,33.6,33.77925925925925,37.98,38.895999999999994,0,0
2017-07-15,33.9,33.62518518518518,37.309999999999995,38.8,0,0
2017-07-16,33.4,33.47259259259259,36.4,38.528,0,0
2017-07-17,33.2,33.35925925925926,36.3,37.324,0,0
2017-07-18,32.8,33.18592592592593,36.230000000000004,36.623999999999995,0,0
2017-07-19,32.8,32.93703703703704,36.03,36.3,0,0
2017-07-20,33.2,32.77111111111111,36.03,36.3,0,0
2017-07-21,30.9,32.610370370370376,36.03,36.3,0,0
2017-07-22,29.7,32.412592592592596,36.03,36.428,0,0
2017-07-23,29.1,32.20888888888889,35.76,36.291999999999994,0,0
2017-07-24,28.2,32.05407407407407,35.63,36.224,0,0
2017-07-25,28.6,31.881481481481483,35.33,35.931999999999995,0,0
2017-07-26,31.1,31.735555555555557,35.230000000000004,35.9,0,0
2017-07-27,32.5,31.674814814814816,35.230000000000004,35.764,0,0
2017-07-28,31.5,31.549629629629628,35.13,35.632,0,0
2017-07-29,28.8,31.44592592592593,35.03,35.632,0,0
2017-07-30,26.6,31.32370370370371,35.0,35.632,0,0
2017-07-31,26.4,31.22518518518519,34.93,35.632,0,0
2017-08-01,29.7,31.101481481481486,34.69,35.26,0,0
2017-08-02,31.1,31.09851851851852,34.39,35.26,0,0
2017-08-03,30.6,31.165925925925922,33.809999999999995,35.26,0,0
2017-08-04,30.5,31.137037037037036,33.32,35.26,0,0
2017-08-05,30.9,31.14962962962963,33.2,34.76,0,0
2017-08-06,32.0,31.16222222222222,33.13,34.395999999999994,0,0
2017-08-07,30.2,31.157777777777774,33.1,34.395999999999994,0,0
2017-08-08,31.2,31.211111111111112,33.2,34.395999999999994,0,0
2017-08-09,29.2,31.186666666666664,33.43,34.395999999999994,0,0
2017-08-10,28.5,31.196296296296296,33.53,34.395999999999994,0,0
2017-08-11,30.8,31.20222222222222,33.78,34.395999999999994,0,0
2017-08-12,30.4,31.189629629629632,33.78,34.61999999999999,0,0
2017-08-13,31.0,31.18,33.919999999999995,34.891999999999996,0,0
2017-08-14,30.6,31.191851851851847,34.230000000000004,34.891999999999996,0,0
2017-08-15,30.8,31.213333333333335,34.3,35.331999999999994,0,0
2017-08-16,32.7,31.19851851851851,34.3,35.331999999999994,0,0
2017-08-17,33.2,31.17037037037037,34.36,35.331999999999994,0,0
2017-08-18,33.8,31.09185185185185,34.36,35.331999999999994,0,0
2017-08-19,30.5,31.145925925925926,34.36,35.331999999999994,0,0
2017-08-20,32.2,31.16222222222222,34.36,35.331999999999994,0,0
2017-08-21,32.9,31.189629629629632,34.36,35.331999999999994,0,0
2017-08-22,33.2,31.236296296296295,34.53,35.331999999999994,0,0
2017-08-23,32.5,31.25407407407407,34.53,35.331999999999994,0,0
2017-08-24,30.1,31.350370370370364,34.7,35.331999999999994,0,0
2017-08-25,32.1,31.382222222222218,34.7,35.3,0,0
2017-08-26,31.1,31.362962962962964,34.7,35.331999999999994,0,0
2017-08-27,32.1,31.359999999999996,34.7,35.164,0,0
2017-08-28,30.0,31.36592592592592,34.76,35.232,0,0
2017-08-29,29.4,31.37925925925925,35.03,35.331999999999994,0,0
2017-08-30,29.2,31.40148148148148,35.0,35.232,0,0
2017-08-31,29.3,31.453333333333333,35.0,35.232,0,0
2017-09-01,29.0,31.469629629629633,35.0,35.232,0,0
2017-09-02,29.4,31.55777777777778,35.0,35.232,0,0
2017-09-03,29.8,31.61259259259259,35.03,35.3,0,0
2017-09-04,31.7,31.66074074074074,35.1,35.331999999999994,0,0
2017-09-05,31.5,31.730370370370373,35.13,35.623999999999995,0,0
2017-09-06,31.7,31.79703703703704,35.230000000000004,36.57999999999999,0,0
2017-09-07,31.6,31.854074074074074,35.3,37.632,0,0
2017-09-08,32.0,31.863703703703706,35.33,37.632,0,0
2017-09-09,33.9,31.937037037037037,35.61,37.632,0,0
2017-09-10,34.3,31.998518518518527,36.22,37.632,0,0
2017-09-11,34.2,32.04592592592593,36.22,37.632,0,0
2017-09-12,32.7,32.07185185185186,36.22,37.632,0,0
2017-09-13,33.4,32.16444444444445,35.66,37.632,0,0
2017-09-14,32.0,32.21259259259259,35.66,37.632,0,0
2017-09-15,34.2,32.18370370370371,35.66,37.632,0,0
2017-09-16,34.4,32.13777777777778,35.66,37.632,0,0
2017-09-17,35.7,32.10666666666667,35.66,37.632,1,0
2017-09-18,36.7,32.10296296296296,36.22,37.632,1,0
2017-09-19,36.7,32.06592592592593,35.54,37.19199999999999,1,0
2017-09-20,37.6,32.03703703703704,35.16,37.0,1,1
2017-09-21,35.9,32.06666666666667,35.1,36.66,1,0
2017-09-22,31.2,32.091111111111104,35.1,36.228,0,0
2017-09-23,36.5,32.15629629629629,35.16,36.228,1,1
2017-09-24,36.4,32.19555555555555,35.230000000000004,36.196,1,1
2017-09-25,35.6,32.2962962962963,35.33,36.196,1,0
2017-09-26,35.2,32.40888888888889,35.49,36.495999999999995,0,0
2017-09-27,37.1,32.53629629629629,35.82,36.86,1,1
2017-09-28,37.7,32.56740740740741,36.1,37.36,1,1
2017-09-29,38.2,32.622962962962966,36.19,37.36,1,1
2017-09-30,38.3,32.739999999999995,36.49,37.36,1,1
2017-10-01,37.6,32.88074074074074,36.730000000000004,37.36,1,1
2017-10-02,37.8,33.016296296296304,36.730000000000004,37.36,1,1
2017-10-03,38.2,33.10074074074074,36.83,37.36,1,1
2017-10-04,37.9,33.2037037037037,36.83,37.36,1,1
2017-10-05,36.8,33.26222222222222,36.83,37.36,0,0
2017-10-06,36.7,33.2725925925926,36.83,37.36,0,0
2017-10-07,37.1,33.2962962962963,36.83,37.36,1,0
2017-10-08,36.8,33.27185185185186,36.83,37.36,0,0
2017-10-09,36.2,33.20962962962963,36.83,37.36,0,0
2017-10-10,36.2,33.11555555555556,36.8,37.224,0,0
2017-10-11,35.3,32.98888888888889,36.730000000000004,37.0,0,0
2017-10-12,34.9,32.8562962962963,36.49,36.931999999999995,0,0
2017-10-13,36.5,32.79407407407408,36.33,36.831999999999994,1,0
2017-10-14,37.3,32.71111111111111,36.3,36.8,1,1
2017-10-15,37.3,32.63407407407408,36.3,36.732,1,1
2017-10-16,37.5,32.53185185185186,35.88,36.495999999999995,1,1
2017-10-17,36.4,32.370370370370374,35.56,36.331999999999994,1,1
2017-10-18,35.8,32.23481481481482,35.43,36.3,1,0
2017-10-19,34.0,32.10666666666666,35.05,36.3,0,0
2017-10-20,35.1,31.95777777777777,34.9,35.891999999999996,1,0
2017-10-21,36.1,31.77037037037037,34.53,35.564,1,1
2017-10-22,35.9,31.56888888888889,34.3,35.431999999999995,1,1
2017-10-23,34.0,31.40814814814815,34.3,35.431999999999995,0,0
2017-10-24,34.5,31.27777777777778,34.3,35.431999999999995,1,0
2017-10-25,33.3,31.145185185185188,33.76,35.059999999999995,0,0
2017-10-26,32.8,31.05481481481481,33.5,34.49199999999999,0,0
2017-10-27,31.2,30.945925925925916,33.5,33.891999999999996,0,0
2017-10-28,33.1,30.80592592592592,33.43,33.564,0,0
2017-10-29,32.6,30.665185185185187,33.33,33.5,0,0
2017-10-30,32.2,30.548888888888893,33.089999999999996,33.5,0,0
2017-10-31,31.3,30.430370370370373,33.0,33.5,0,0
2017-11-01,32.5,30.31259259259259,32.93,33.5,0,0
2017-11-02,33.3,30.20592592592593,32.76,33.364,1,0
2017-11-03,32.3,30.078518518518514,32.63,33.096,0,0
2017-11-04,30.0,29.934814814814814,32.63,33.096,0,0
2017-11-05,29.0,29.82962962962963,32.63,33.096,0,0
2017-11-06,29.7,29.73185185185185,32.6,32.931999999999995,0,0
2017-11-07,30.5,29.54888888888889,32.43,32.764,0,0
2017-11-08,30.3,29.348888888888887,32.019999999999996,32.6,0,0
2017-11-09,30.3,29.130370370370365,31.7,32.431999999999995,0,0
2017-11-10,29.7,28.877777777777776,31.53,31.923999999999996,0,0
2017-11-11,29.3,28.597777777777775,31.4,31.632,0,0
2017-11-12,29.1,28.337037037037035,31.3,31.532,0,0
2017-11-13,28.6,28.11111111111111,31.3,31.432,0,0
2017-11-14,27.9,27.897037037037034,31.23,31.4,0,0
2017-11-15,27.5,27.695555555555554,31.13,31.3,0,0
2017-11-16,26.3,27.508888888888887,30.759999999999998,31.232,0,0
2017-11-17,25.3,27.29111111111111,30.6,31.2,0,0
2017-11-18,25.4,27.10962962962963,30.53,30.995999999999995,0,0
2017-11-19,25.7,26.982222222222223,30.36,30.764,0,0
2017-11-20,24.9,26.791851851851852,29.66,30.632,0,0
2017-11-21,24.3,26.55185185185185,29.459999999999997,30.023999999999997,0,0
2017-11-22,24.5,26.36740740740741,29.4,29.6,0,0
2017-11-23,24.6,26.219259259259257,29.13,29.464,0,0
2017-11-24,24.9,26.066666666666666,28.89,29.264,0,0
2017-11-25,26.7,25.90740740740741,28.63,29.264,0,0
2017-11-26,26.9,25.808148148148153,28.63,29.264,0,0
2017-11-27,27.7,25.705185185185186,28.53,29.264,0,0
2017-11-28,26.9,25.58666666666667,28.5,29.132,0,0
2017-11-29,27.0,25.454074074074075,28.53,29.132,0,0
2017-11-30,27.3,25.33925925925926,28.43,29.132,0,0
2017-12-01,25.2,25.213333333333335,28.33,28.827999999999996,0,0
2017-12-02,24.9,25.072592592592596,28.33,28.827999999999996,0,0
2017-12-03,24.3,24.927407407407404,28.33,28.827999999999996,0,0
2017-12-04,24.2,24.68444444444444,27.83,28.532,0,0
2017-12-05,21.1,24.477777777777778,27.66,28.432,0,0
2017-12-06,20.6,24.276296296296298,27.459999999999997,28.332,0,0
2017-12-07,23.3,24.086666666666666,27.259999999999998,28.027999999999995,0,0
2017-12-08,25.5,23.842222222222222,27.03,28.027999999999995,0,0
2017-12-09,25.4,23.640000000000004,27.03,28.027999999999995,0,0
2017-12-10,24.9,23.442222222222224,26.93,28.027999999999995,0,0
2017-12-11,21.6,23.23925925925926,26.9,27.959999999999997,0,0
2017-12-12,21.7,23.05037037037037,26.69,27.323999999999998,0,0
2017-12-13,21.3,22.88888888888889,26.53,27.032,0,0
2017-12-14,22.0,22.757777777777775,26.5,26.932,0,0
2017-12-15,22.4,22.597777777777775,26.5,26.932,0,0
2017-12-16,22.0,22.42296296296296,26.43,26.695999999999998,0,0
2017-12-17,24.0,22.257037037037037,26.13,26.532,0,0
2017-12-18,25.4,22.06740740740741,25.93,26.264,0,0
2017-12-19,26.9,21.986666666666665,25.2,26.032,1,1
2017-12-20,25.4,21.94962962962963,25.1,26.0,1,0
2017-12-21,25.8,21.894074074074076,25.1,26.032,1,0
2017-12-22,25.6,21.861481481481484,25.32,26.1,1,0
2017-12-23,24.6,21.80814814814815,25.6,26.1,0,0
2017-12-24,23.6,21.703703703703702,25.6,26.1,0,0
2017-12-25,24.6,21.65851851851852,25.6,26.1,0,0
2017-12-26,24.4,21.596296296296295,25.6,26.1,0,0
2017-12-27,24.2,21.56074074074074,25.6,26.1,0,0
2017-12-28,23.5,21.46222222222222,25.69,26.1,0,0
2017-12-29,23.3,21.333333333333332,25.69,26.1,0,0
2017-12-30,23.5,21.231851851851854,25.69,26.032,0,0
2017-12-31,22.0,21.18,25.6,25.964,0,0
2018-01-01,21.9,21.273333333333337,25.6,25.964,0,0
2018-01-02,21.5,21.165925925925926,25.6,25.964,0,0
2018-01-03,21.2,21.05037037037037,25.6,25.964,0,0
2018-01-04,21.1,20.935555555555556,25.6,25.964,0,0
2018-01-05,21.7,20.904444444444444,25.25,25.9,0,0
2018-01-06,22.1,20.861481481481484,24.86,25.695999999999998,0,0
2018-01-07,21.8,20.783703703703704,24.6,25.695999999999998,0,0
2018-01-08,21.6,20.751851851851853,24.6,25.695999999999998,0,0
2018-01-09,22.0,20.68444444444444,24.53,25.695999999999998,0,0
2018-01-10,23.3,20.639999999999997,24.53,25.695999999999998,0,0
2018-01-11,23.7,20.577037037037037,24.29,25.695999999999998,0,0
2018-01-12,25.3,20.57851851851852,24.259999999999998,24.919999999999995,1,1
2018-01-13,25.6,20.585925925925928,24.4,24.919999999999995,1,1
2018-01-14,26.0,20.625185185185185,24.4,24.855999999999995,1,1
2018-01-15,26.0,20.632592592592594,24.259999999999998,24.6,1,1
2018-01-16,25.1,20.679259259259258,24.4,25.032,1,1
2018-01-17,25.5,20.738518518518518,24.43,25.195999999999998,1,1
2018-01-18,26.3,20.745185185185182,24.53,25.264,1,1
2018-01-19,26.5,20.70592592592592,24.43,25.264,1,1
2018-01-20,24.9,20.68148148148148,24.4,25.264,1,0
2018-01-21,24.3,20.66814814814815,24.43,25.264,0,0
2018-01-22,24.8,20.78074074074074,24.72,25.68799999999999,1,0
2018-01-23,22.9,20.94074074074074,25.03,26.427999999999997,0,0
2018-01-24,21.5,21.13851851851852,25.13,26.427999999999997,0,0
2018-01-25,22.5,21.357037037037035,25.459999999999997,26.427999999999997,0,0
2018-01-26,23.8,21.52962962962963,25.6,26.564,0,0
2018-01-27,23.8,21.68074074074074,25.66,26.891999999999996,0,0
2018-01-28,24.6,21.854074074074074,25.66,26.891999999999996,0,0
2018-01-29,26.0,21.965185185185184,25.73,26.891999999999996,1,0
2018-01-30,28.3,22.107407407407408,26.119999999999997,26.891999999999996,1,1
2018-01-31,28.5,22.24148148148148,26.119999999999997,26.891999999999996,1,1
2018-02-01,28.7,22.388148148148144,26.09,26.755999999999993,1,1
2018-02-02,27.7,22.571111111111115,26.33,27.332,1,1
2018-02-03,25.7,22.82962962962963,26.5,27.5,0,0
2018-02-04,24.8,23.063703703703702,27.33,27.564,0,0
2018-02-05,24.1,23.291851851851852,27.33,27.564,0,0
2018-02-06,23.9,23.541481481481483,27.33,27.923999999999996,0,0
2018-02-07,24.8,23.820740740740735,27.5,28.495999999999995,0,0
2018-02-08,23.8,24.085185185185185,27.9,28.732,0,0
2018-02-09,25.1,24.342962962962964,28.73,29.295999999999996,0,0
2018-02-10,25.1,24.657777777777778,29.29,29.964,0,0
2018-02-11,24.1,24.974814814814817,29.759999999999998,30.227999999999998,0,0
2018-02-12,25.2,25.345185185185187,30.1,30.6,0,0
2018-02-13,24.8,25.69851851851852,30.43,30.632,0,0
2018-02-14,25.2,26.016296296296296,30.6,31.127999999999997,0,0
2018-02-15,27.1,26.323703703703703,30.6,31.332,0,0
2018-02-16,28.0,26.622962962962966,30.759999999999998,31.464,0,0
2018-02-17,28.9,26.91037037037037,31.09,31.632,0,0
2018-02-18,28.3,27.192592592592593,31.3,31.7,0,0
2018-02-19,28.3,27.391111111111112,31.33,31.732,0,0
2018-02-20,30.0,27.607407407407408,31.459999999999997,31.832,0,0
2018-02-21,31.6,27.765925925925927,31.459999999999997,31.832,1,0
2018-02-22,31.8,27.872868217054265,31.52,31.844,1,0
2018-02-23,32.5,27.950387596899223,31.52,31.844,1,1
2018-02-24,31.3,27.96589147286822,31.66,32.296,0,0
2018-02-25,30.8,27.964341085271318,31.7,32.843999999999994,0,0
2018-02-26,30.2,27.948062015503876,31.86,32.843999999999994,0,0
2018-02-27,32.0,27.841860465116277,32.43999999999999,32.988,0,0
2018-02-28,31.7,27.777519379844964,32.8,33.1,0,0
2018-03-01,32.1,27.793798449612403,32.86,33.644,0,0
2018-03-02,32.9,27.83875968992248,33.019999999999996,33.788000000000004,0,0
2018-03-03,32.9,27.86356589147287,33.1,33.788000000000004,0,0
2018-03-04,29.4,27.948837209302322,33.1,33.788000000000004,0,0
2018-03-05,29.4,28.111627906976747,33.1,33.788000000000004,0,0
2018-03-06,29.9,28.228682170542637,33.160000000000004,34.12,0,0
2018-03-07,30.6,28.31550387596899,33.44,34.532,0,0
2018-03-08,31.0,28.38592592592593,33.63,34.7,0,0
2018-03-09,30.7,28.512592592592593,33.76,35.30799999999999,0,0
2018-03-10,31.9,28.741481481481483,34.19,37.047999999999995,0,0
2018-03-11,32.6,28.91925925925926,34.49,37.047999999999995,0,0
2018-03-12,33.1,29.148888888888884,34.7,38.032,0,0
2018-03-13,34.5,29.437037037037037,35.279999999999994,38.032,0,0
2018-03-14,32.8,29.762222222222224,36.46,38.032,0,0
2018-03-15,30.5,30.057037037037034,36.75,38.032,0,0
2018-03-16,32.0,30.42666666666667,36.75,38.032,0,0
2018-03-17,32.3,30.80148148148148,36.89,38.032,0,0
2018-03-18,32.8,31.2,37.13,38.032,0,0
2018-03-19,33.2,31.46148148148148,37.2,38.032,0,0
2018-03-20,33.0,31.765925925925924,37.53,38.4,0,0
2018-03-21,31.8,32.19259259259259,38.19,38.596,0,0
2018-03-22,31.0,32.661481481481474,38.589999999999996,39.232,0,0
2018-03-23,30.7,33.08222222222222,39.0,39.232,0,0
2018-03-24,33.2,33.42000000000001,39.03,39.3,0,0
2018-03-25,34.1,33.7,39.03,39.3,0,0
2018-03-26,35.7,34.03407407407408,39.1,39.3,0,0
2018-03-27,36.6,34.36666666666667,39.13,39.331999999999994,0,0
2018-03-28,37.6,34.57925925925926,39.2,39.4,0,0
2018-03-29,37.4,34.79925925925926,39.33,39.464,0,0
2018-03-30,38.0,34.990370370370364,39.4,39.6,0,0
2018-03-31,37.9,35.1437037037037,39.4,39.664,0,0
2018-04-01,36.1,35.26148148148148,39.43,39.928,0,0
2018-04-02,37.2,35.413333333333334,39.53,40.36,0,0
2018-04-03,38.3,35.6437037037037,39.6,41.019999999999996,0,0
2018-04-04,39.2,35.87777777777778,39.8,41.564,0,0
2018-04-05,39.0,35.931111111111115,39.8,41.564,0,0
2018-04-06,37.3,36.00148148148148,39.919999999999995,41.564,0,0
2018-04-07,36.4,36.10962962962963,40.2,41.564,0,0
2018-04-08,37.1,36.31629629629629,40.419999999999995,41.764,0,0
2018-04-09,33.8,36.4637037037037,40.91,41.831999999999994,0,0
2018-04-10,35.3,36.56444444444445,41.43,41.964,0,0
2018-04-11,35.9,36.68888888888889,41.63,42.132,0,0
2018-04-12,34.7,36.857037037037045,41.63,42.132,0,0
2018-04-13,35.4,36.94074074074074,41.7,42.132,0,0
2018-04-14,36.4,37.00666666666666,41.730000000000004,42.232,0,0
2018-04-15,36.8,37.139259259259255,41.730000000000004,42.232,0,0
2018-04-16,39.3,37.233333333333334,41.730000000000004,42.232,0,0
2018-04-17,38.9,37.309629629629626,41.730000000000004,42.232,0,0
2018-04-18,38.5,37.37407407407407,41.63,42.232,0,0
2018-04-19,38.7,37.383703703703695,41.63,42.232,0,0
2018-04-20,37.6,37.525925925925925,41.730000000000004,42.232,0,0
2018-04-21,34.9,37.64074074074074,41.8,42.331999999999994,0,0
2018-04-22,35.4,37.702222222222225,41.83,42.331999999999994,0,0
2018-04-23,36.6,37.73481481481482,41.8,42.264,0,0
2018-04-24,38.6,37.803703703703704,41.93,42.431999999999995,0,0
2018-04-25,40.2,37.88592592592593,41.93,42.4,0,0
2018-04-26,41.1,37.864444444444445,41.83,42.4,0,0
2018-04-27,42.3,37.88518518518518,41.83,42.4,1,0
2018-04-28,41.9,37.981481481481474,41.83,42.4,1,0
2018-04-29,41.2,38.13111111111111,41.730000000000004,42.264,0,0
2018-04-30,42.1,38.288148148148146,41.93,42.331999999999994,1,0
2018-05-01,41.4,38.50296296296296,42.230000000000004,42.532,0,0
2018-05-02,40.5,38.739259259259256,42.43,42.632,0,0
2018-05-03,39.1,38.931851851851846,42.5,42.732,0,0
2018-05-04,41.2,39.05925925925926,42.53,42.959999999999994,0,0
2018-05-05,40.4,39.144444444444446,42.6,43.49199999999999,0,0
2018-05-06,40.2,39.20148148148148,42.730000000000004,43.931999999999995,0,0
2018-05-07,39.4,39.33925925925925,42.949999999999996,44.064,0,0
2018-05-08,35.9,39.47555555555556,43.3,44.064,0,0
2018-05-09,38.1,39.57925925925926,43.33,44.064,0,0
2018-05-10,40.0,39.66962962962963,43.56,44.064,0,0
2018-05-11,42.5,39.75259259259259,43.83,44.364,0,0
2018-05-12,42.4,39.86888888888888,44.230000000000004,44.5,0,0
2018-05-13,41.3,39.99111111111111,44.33,44.5,0,0
2018-05-14,41.5,40.08148148148148,44.43,44.628,0,0
2018-05-15,41.9,40.10814814814815,44.43,44.628,0,0
2018-05-16,41.2,40.07037037037038,44.5,44.831999999999994,0,0
2018-05-17,41.0,39.95925925925926,44.5,44.831999999999994,0,0
2018-05-18,40.6,39.909629629629634,44.5,44.9,0,0
2018-05-19,40.2,39.982962962962965,44.5,45.15599999999999,0,0
2018-05-20,39.8,40.06,44.8,45.796,0,0
2018-05-21,41.3,40.13333333333333,44.83,45.796,0,0
2018-05-22,43.1,40.132592592592594,44.9,46.0,0,0
2018-05-23,43.1,40.074074074074076,44.9,46.0,0,0
2018-05-24,42.3,40.03037037037037,44.9,46.0,0,0
2018-05-25,42.5,40.00666666666666,44.9,46.0,0,0
2018-05-26,43.4,40.025925925925925,44.9,46.0,0,0
2018-05-27,43.4,40.03481481481482,44.9,45.796,0,0
2018-05-28,43.4,39.96296296296296,44.9,45.66,0,0
2018-05-29,44.1,39.91555555555556,44.9,45.66,0,0
2018-05-30,39.5,39.87407407407407,44.9,45.66,0,0
2018-05-31,41.5,39.88592592592593,44.9,45.66,0,0
2018-06-01,44.0,39.93925925925926,44.9,45.66,0,0
2018-06-02,42.8,39.95777777777778,44.9,45.66,0,0
2018-06-03,42.6,39.964444444444446,44.9,45.296,0,0
2018-06-04,43.3,39.888888888888886,44.48,45.064,0,0
2018-06-05,42.8,39.82444444444444,44.089999999999996,44.931999999999995,0,0
2018-06-06,41.8,39.722222222222214,43.86,44.9,0,0
2018-06-07,42.0,39.6237037037037,43.8,44.9,0,0
2018-06-08,40.4,39.60074074074073,43.8,44.49199999999999,0,0
2018-06-09,37.8,39.525925925925925,43.8,44.49199999999999,0,0
2018-06-10,36.9,39.47185185185185,43.66,44.288,0,0
2018-06-11,39.5,39.310370370370364,43.53,43.864,0,0
2018-06-12,41.3,39.1562962962963,43.36,43.8,0,0
2018-06-13,40.1,38.962222222222216,43.230000000000004,43.8,0,0
2018-06-14,38.5,38.73111111111112,42.99,43.596,0,0
2018-06-15,38.0,38.47259259259259,42.76,43.364,0,0
2018-06-16,38.6,38.28888888888889,42.53,43.364,0,0
2018-06-17,38.5,38.068888888888885,42.230000000000004,42.891999999999996,0,0
2018-06-18,38.4,37.788148148148146,42.0,42.532,0,0
2018-06-19,39.2,37.611851851851846,41.76,42.296,0,0
2018-06-20,41.4,37.42148148148148,41.7,42.228,0,0
2018-06-21,42.2,37.291111111111114,41.7,42.228,1,0
2018-06-22,42.4,37.17999999999999,41.7,42.228,1,1
2018-06-23,41.5,36.99333333333334,41.7,42.16,0,0
2018-06-24,38.7,36.82222222222222,41.22,41.864,0,0
2018-06-25,37.8,36.63481481481482,41.0,41.7,0,0
2018-06-26,35.2,36.482962962962965,40.86,41.564,0,0
2018-06-27,31.5,36.37407407407407,40.8,41.228,0,0
2018-06-28,31.4,36.23925925925927,40.8,41.228,0,0
2018-06-29,30.7,36.138518518518524,40.8,41.228,0,0
2018-06-30,32.2,36.04518518518519,40.8,41.228,0,0
2018-07-01,33.2,35.848888888888894,40.8,41.228,0,0
2018-07-02,33.2,35.6637037037037,40.8,41.228,0,0
2018-07-03,34.7,35.47777777777778,40.8,41.228,0,0
2018-07-04,33.2,35.266666666666666,40.8,41.228,0,0
2018-07-05,35.1,35.017037037037035,40.730000000000004,41.228,0,0
2018-07-06,35.9,34.800000000000004,40.28,40.895999999999994,0,0
2018-07-07,36.7,34.64592592592593,39.83,40.895999999999994,0,0
2018-07-08,38.6,34.51037037037037,38.89,40.732,0,0
2018-07-09,39.1,34.33925925925925,38.38,39.831999999999994,1,0
2018-07-10,39.6,34.20666666666666,37.89,38.895999999999994,1,1
2018-07-11,37.8,34.08888888888889,37.66,38.8,1,0
2018-07-12,33.5,33.92370370370371,36.96,38.528,0,0
2018-07-13,32.3,33.85259259259259,36.66,38.528,0,0
2018-07-14,31.6,33.75037037037036,36.4,38.528,0,0
2018-07-15,31.3,33.617777777777775,36.3,37.51599999999999,0,0
2018-07-16,32.6,33.475555555555545,36.3,36.623999999999995,0,0
2018-07-17,32.7,33.36444444444444,36.230000000000004,36.4,0,0
2018-07-18,32.1,33.20962962962963,36.13,36.4,0,0
2018-07-19,30.1,33.00148148148148,36.03,36.3,0,0
2018-07-20,32.0,32.846666666666664,36.03,36.3,0,0
2018-07-21,30.6,32.68518518518518,36.03,36.3,0,0
2018-07-22,28.8,32.44518518518519,36.03,36.428,0,0
2018-07-23,30.6,32.18222222222222,35.76,36.291999999999994,0,0
2018-07-24,31.2,31.977037037037036,35.63,36.224,0,0
2018-07-25,29.6,31.779259259259266,35.33,35.931999999999995,0,0
2018-07-26,28.6,31.622962962962966,35.230000000000004,35.9,0,0
2018-07-27,31.2,31.533333333333335,35.230000000000004,35.764,0,0
2018-07-28,31.4,31.392592592592592,35.13,35.632,0,0
2018-07-29,32.5,31.280740740740743,35.03,35.632,0,0
2018-07-30,32.0,31.177777777777784,35.0,35.632,0,0
2018-07-31,32.4,31.091851851851864,34.93,35.632,0,0
2018-08-01,32.6,31.002962962962968,34.69,35.26,0,0
2018-08-02,31.8,30.98666666666667,34.39,35.26,0,0
2018-08-03,31.8,31.011111111111113,33.809999999999995,35.26,0,0
2018-08-04,31.4,30.965925925925923,33.32,35.26,0,0
2018-08-05,31.7,30.97037037037037,33.2,34.76,0,0
2018-08-06,28.5,31.007407407407406,33.13,34.395999999999994,0,0
2018-08-07,30.0,31.028888888888886,33.1,34.395999999999994,0,0
2018-08-08,29.5,31.107407407407408,33.13,34.395999999999994,0,0
2018-08-09,32.0,31.119259259259263,33.29,34.395999999999994,0,0
2018-08-10,31.8,31.136296296296294,33.53,34.395999999999994,0,0
2018-08-11,31.7,31.16740740740741,33.919999999999995,34.395999999999994,0,0
2018-08-12,31.4,31.158518518518516,33.919999999999995,34.61999999999999,0,0
2018-08-13,31.4,31.1562962962963,33.919999999999995,34.891999999999996,0,0
2018-08-14,32.5,31.15111111111111,34.230000000000004,34.891999999999996,0,0
2018-08-15,33.4,31.19407407407408,34.3,35.331999999999994,0,0
2018-08-16,30.7,31.196296296296296,34.3,35.331999999999994,0,0
2018-08-17,32.9,31.192592592592593,34.36,35.331999999999994,0,0
2018-08-18,31.6,31.15111111111111,34.36,35.331999999999994,0,0
2018-08-19,30.9,31.21407407407407,34.36,35.331999999999994,0,0
2018-08-20,32.0,31.246666666666663,34.36,35.331999999999994,0,0
2018-08-21,31.7,31.27037037037037,34.36,35.331999999999994,0,0
2018-08-22,30.1,31.325185185185184,34.53,35.331999999999994,0,0
2018-08-23,28.5,31.344444444444445,34.53,35.331999999999994,0,0
2018-08-24,29.6,31.404444444444447,34.7,35.331999999999994,0,0
2018-08-25,30.4,31.419259259259256,34.7,35.3,0,0
2018-08-26,30.8,31.397037037037034,34.7,35.331999999999994,0,0
2018-08-27,30.9,31.402222222222218,34.7,35.164,0,0
2018-08-28,30.9,31.415555555555557,34.76,35.232,0,0
2018-08-29,30.2,31.433333333333334,35.03,35.331999999999994,0,0
2018-08-30,31.6,31.44888888888889,35.0,35.232,0,0
2018-08-31,32.2,31.47481481481481,35.0,35.232,0,0
2018-09-01,31.0,31.508888888888894,35.0,35.232,0,0
2018-09-02,27.6,31.62518518518518,35.0,35.232,0,0
2018-09-03,29.1,31.72,35.03,35.3,0,0
2018-09-04,30.5,31.79037037037037,35.1,35.331999999999994,0,0
2018-09-05,29.7,31.877037037037034,35.13,35.623999999999995,0,0
2018-09-06,29.5,31.974814814814817,35.230000000000004,36.57999999999999,0,0
2018-09-07,31.1,32.06370370370371,35.3,37.632,0,0
2018-09-08,29.1,32.12444444444444,35.33,37.632,0,0
2018-09-09,28.4,32.233333333333334,35.61,37.632,0,0
2018-09-10,28.6,32.311851851851856,36.22,37.632,0,0
2018-09-11,30.0,32.382222222222225,36.56,37.632,0,0
2018-09-12,31.3,32.42370370370371,36.7,37.632,0,0
2018-09-13,30.0,32.52888888888889,36.79,37.632,0,0
2018-09-14,30.1,32.6,36.79,37.632,0,0
2018-09-15,30.2,32.58666666666667,36.79,37.632,0,0
2018-09-16,31.6,32.593333333333334,36.79,37.632,0,0
2018-09-17,31.6,32.58592592592593,36.79,37.632,0,0
2018-09-18,32.9,32.56740740740741,36.79,37.632,0,0
2018-09-19,33.4,32.52074074074074,36.7,37.6,0,0
2018-09-20,34.1,32.51481481481481,36.7,37.26,0,0
2018-09-21,30.6,32.559999999999995,36.7,37.26,0,0
2018-09-22,28.6,32.608888888888885,36.7,37.26,0,0
2018-09-23,26.5,32.681481481481484,36.7,37.632,0,0
2018-09-24,27.7,32.72592592592593,36.7,37.632,0,0
2018-09-25,31.9,32.8274074074074,37.13,37.732,0,0
2018-09-26,32.3,32.948888888888895,37.6,38.064,0,0
2018-09-27,32.6,33.08296296296295,37.730000000000004,38.064,0,0
2018-09-28,32.2,33.111111111111114,37.730000000000004,38.064,0,0
2018-09-29,33.0,33.14962962962962,37.730000000000004,38.064,0,0
2018-09-30,33.3,33.27777777777778,37.730000000000004,38.064,0,0
2018-10-01,34.1,33.370370370370374,37.730000000000004,38.064,0,0
2018-10-02,33.6,33.445925925925934,37.730000000000004,38.064,0,0
2018-10-03,33.2,33.514074074074074,37.730000000000004,38.064,0,0
2018-10-04,33.7,33.60666666666666,37.730000000000004,38.064,0,0
2018-10-05,33.7,33.6525925925926,37.730000000000004,38.064,0,0
2018-10-06,33.7,33.6562962962963,37.730000000000004,38.064,0,0
2018-10-07,33.0,33.67629629629631,37.63,38.0,0,0
2018-10-08,33.3,33.641481481481485,37.39,37.931999999999995,0,0
2018-10-09,35.6,33.58074074074074,37.36,37.931999999999995,0,0
2018-10-10,34.7,33.471111111111114,37.3,37.931999999999995,0,0
2018-10-11,33.8,33.31851851851852,37.03,37.564,0,0
2018-10-12,32.1,33.16444444444445,36.93,37.3,0,0
2018-10-13,31.9,33.095555555555556,36.83,37.164,0,0
2018-10-14,32.6,33.022962962962964,36.8,37.164,0,0
2018-10-15,33.7,32.949629629629634,36.730000000000004,37.096,0,0
2018-10-16,33.8,32.84000000000001,36.43,37.028,0,0
2018-10-17,34.3,32.70222222222223,36.4,37.028,0,0
2018-10-18,34.3,32.568148148148154,36.33,36.959999999999994,0,0
2018-10-19,32.7,32.43851851851852,36.3,36.75599999999999,0,0
2018-10-20,32.9,32.27185185185185,36.3,36.75599999999999,0,0
2018-10-21,31.7,32.06740740740741,35.96,36.687999999999995,0,0
2018-10-22,31.3,31.845185185185187,35.730000000000004,36.331999999999994,0,0
2018-10-23,31.5,31.674074074074074,35.56,36.164,0,0
2018-10-24,30.7,31.522962962962964,35.43,35.964,0,0
2018-10-25,31.6,31.388148148148144,34.96,35.732,0,0
2018-10-26,31.5,31.299259259259255,34.36,35.431999999999995,0,0
2018-10-27,30.8,31.187407407407402,34.089999999999996,35.196,0,0
2018-10-28,30.8,31.031851851851847,33.56,34.628,0,0
2018-10-29,30.7,30.868148148148155,33.5,34.16,0,0
2018-10-30,30.0,30.733333333333334,33.43,33.796,0,0
2018-10-31,30.4,30.614814814814814,33.3,33.564,0,0
2018-11-01,30.7,30.492592592592594,33.16,33.5,0,0
2018-11-02,31.6,30.388148148148144,32.93,33.364,0,0
2018-11-03,31.4,30.25925925925926,32.9,33.3,0,0
2018-11-04,29.9,30.113333333333333,32.9,33.3,0,0
2018-11-05,27.7,29.982222222222223,32.76,33.3,0,0
2018-11-06,27.6,29.854814814814812,32.6,33.096,0,0
2018-11-07,28.0,29.654814814814813,32.53,32.931999999999995,0,0
2018-11-08,27.1,29.43259259259259,32.43,32.632,0,0
2018-11-09,28.3,29.19111111111111,32.019999999999996,32.532,0,0
2018-11-10,28.6,28.906666666666663,31.6,32.331999999999994,0,0
2018-11-11,29.2,28.599259259259256,31.4,31.632,0,0
2018-11-12,30.3,28.311851851851852,31.3,31.532,0,0
2018-11-13,30.7,28.034074074074073,31.3,31.432,0,0
2018-11-14,28.0,27.77333333333333,31.23,31.4,0,0
2018-11-15,29.6,27.529629629629625,31.13,31.3,0,0
2018-11-16,27.6,27.285185185185185,30.69,31.232,0,0
2018-11-17,27.9,27.033333333333335,30.29,31.2,0,0
2018-11-18,28.2,26.833333333333332,29.83,30.995999999999995,0,0
2018-11-19,29.2,26.686666666666664,29.66,30.695999999999998,0,0
2018-11-20,30.6,26.519259259259258,29.459999999999997,30.532,1,1
2018-11-21,28.5,26.30666666666667,29.19,29.664,0,0
2018-11-22,27.7,26.12888888888889,28.959999999999997,29.464,0,0
2018-11-23,29.2,26.00074074074074,28.73,29.195999999999998,1,1
2018-11-24,27.5,25.85185185185185,28.36,28.895999999999997,0,0
2018-11-25,28.1,25.712592592592593,28.23,28.632,0,0
2018-11-26,29.4,25.635555555555555,28.23,28.632,1,1
2018-11-27,25.8,25.560740740740744,28.3,28.632,0,0
2018-11-28,25.3,25.465185185185188,28.3,28.632,0,0
2018-11-29,26.2,25.340740740740742,28.33,28.632,0,0
2018-11-30,26.7,25.248148148148147,28.3,28.632,0,0
2018-12-01,26.0,25.172592592592594,28.3,28.632,0,0
2018-12-02,24.8,25.065185185185186,28.3,28.632,0,0
2018-12-03,24.1,24.942962962962966,28.3,28.632,0,0
2018-12-04,23.9,24.722962962962967,27.83,28.532,0,0
2018-12-05,23.7,24.50888888888889,27.66,28.432,0,0
2018-12-06,23.7,24.301481481481485,27.459999999999997,28.332,0,0
2018-12-07,23.5,24.119259259259263,27.33,28.027999999999995,0,0
2018-12-08,23.3,23.884444444444444,27.03,28.027999999999995,0,0
2018-12-09,23.5,23.68814814814815,27.03,28.027999999999995,0,0
2018-12-10,23.2,23.506666666666668,26.93,28.027999999999995,0,0
2018-12-11,21.0,23.32296296296296,26.9,27.959999999999997,0,0
2018-12-12,20.8,23.159259259259258,26.9,27.323999999999998,0,0
2018-12-13,20.5,23.037037037037038,26.69,27.032,0,0
2018-12-14,20.2,22.954814814814814,26.53,26.932,0,0
2018-12-15,20.5,22.825185185185187,26.5,26.932,0,0
2018-12-16,22.0,22.651851851851852,26.5,26.9,0,0
2018-12-17,21.7,22.48148148148148,26.259999999999998,26.695999999999998,0,0
2018-12-18,22.6,22.297037037037036,26.0,26.432,0,0
2018-12-19,23.2,22.236296296296295,25.83,26.132,0,0
2018-12-20,22.7,22.214814814814815,25.66,26.032,0,0
2018-12-21,22.3,22.173333333333336,25.66,26.1,0,0
2018-12-22,21.7,22.145925925925926,25.83,26.1,0,0
2018-12-23,22.2,22.10148148148148,25.83,26.1,0,0
2018-12-24,22.3,21.99703703703704,25.83,26.1,0,0
2018-12-25,22.2,21.942962962962966,25.83,26.1,0,0
2018-12-26,21.1,21.86740740740741,25.83,26.1,0,0
2018-12-27,21.2,21.81037037037037,25.66,26.1,0,0
2018-12-28,20.8,21.70074074074074,25.83,26.1,0,0
2018-12-29,20.8,21.55925925925926,25.69,26.1,0,0
2018-12-30,20.4,21.437037037037037,25.69,26.032,0,0
2018-12-31,22.0,21.364444444444445,25.6,25.964,0,0
2019-01-01,22.9,21.38592592592593,25.6,25.964,0,0
2019-01-02,24.2,21.271851851851853,25.6,25.964,0,0
2019-01-03,23.7,21.165185185185187,25.6,25.964,0,0
2019-01-04,20.9,21.054074074074077,25.6,25.964,0,0
2019-01-05,22.6,21.041481481481483,25.39,25.9,0,0
2019-01-06,20.5,21.010370370370367,25.16,25.695999999999998,0,0
2019-01-07,20.4,20.941481481481485,25.16,25.9,0,0
2019-01-08,20.3,20.893333333333334,25.39,25.932,0,0
2019-01-09,21.8,20.85925925925926,25.39,25.932,0,0
2019-01-10,21.2,20.846666666666668,25.53,25.932,0,0
2019-01-11,21.2,20.823703703703703,25.6,26.0,0,0
2019-01-12,21.2,20.83925925925926,25.6,26.064,0,0
2019-01-13,21.5,20.842962962962964,25.53,26.0,0,0
2019-01-14,21.2,20.87481481481482,25.43,26.0,0,0
2019-01-15,22.1,20.903703703703705,25.33,26.0,0,0
2019-01-16,21.6,20.956296296296298,25.33,26.0,0,0
2019-01-17,23.9,21.02962962962963,25.43,26.095999999999997,0,0
2019-01-18,23.4,21.05037037037037,25.43,26.095999999999997,0,0
2019-01-19,24.4,21.03407407407407,25.43,26.095999999999997,0,0
2019-01-20,26.3,21.02,25.43,26.095999999999997,1,1
2019-01-21,23.7,21.02074074074074,25.259999999999998,26.095999999999997,0,0
2019-01-22,20.5,21.14222222222222,25.43,26.364,0,0
2019-01-23,20.8,21.333333333333332,25.65,26.891999999999996,0,0
2019-01-24,19.4,21.55777777777778,26.09,27.364,0,0
2019-01-25,18.5,21.81407407407407,26.36,27.755999999999993,0,0
2019-01-26,18.2,22.01703703703704,26.56,27.891999999999996,0,0
2019-01-27,18.3,22.18592592592593,26.88,27.891999999999996,0,0
2019-01-28,18.6,22.380000000000003,26.88,27.891999999999996,0,0
2019-01-29,20.0,22.478518518518516,26.88,27.891999999999996,0,0
2019-01-30,20.2,22.57333333333333,26.88,27.891999999999996,0,0
2019-01-31,21.4,22.708148148148144,26.88,27.891999999999996,0,0
2019-02-01,22.0,22.87481481481482,26.74,27.891999999999996,0,0
2019-02-02,20.7,23.064444444444447,27.33,27.891999999999996,0,0
2019-02-03,21.2,23.32148148148148,27.5,28.432,0,0
2019-02-04,23.4,23.534074074074073,27.56,28.432,0,0
2019-02-05,25.2,23.72962962962963,27.56,28.432,0,0
2019-02-06,26.0,23.921481481481482,27.7,28.564,0,0
2019-02-07,22.6,24.12962962962963,27.7,28.7,0,0
2019-02-08,19.0,24.362962962962964,28.049999999999997,28.732,0,0
2019-02-09,20.2,24.61111111111111,28.73,29.295999999999996,0,0
2019-02-10,19.7,24.91407407407408,29.29,29.964,0,0
2019-02-11,21.5,25.202222222222222,29.759999999999998,30.227999999999998,0,0
2019-02-12,23.6,25.574814814814818,30.1,30.6,0,0
2019-02-13,26.6,25.976296296296297,30.43,30.632,0,0
2019-02-14,26.7,26.320740740740742,30.6,31.464,0,0
2019-02-15,24.2,26.657777777777778,30.79,31.632,0,0
2019-02-16,22.6,26.98,31.33,31.732,0,0
2019-02-17,23.5,27.275555555555552,31.459999999999997,31.732,0,0
2019-02-18,27.7,27.554814814814815,31.6,31.8,0,0
2019-02-19,26.6,27.808888888888887,31.63,31.832,0,0
2019-02-20,24.6,28.094814814814818,31.73,32.16,0,0
2019-02-21,30.1,28.338518518518516,31.73,32.16,0,0
2019-02-22,25.6,28.48372093023256,31.759999999999998,32.22,0,0
2019-02-23,24.6,28.608527131782946,31.8,32.276,0,0
2019-02-24,25.3,28.665891472868218,31.959999999999997,32.843999999999994,0,0
2019-02-25,25.8,28.6937984496124,32.339999999999996,32.9,0,0
2019-02-26,20.1,28.713178294573645,32.8,32.9,0,0
2019-02-27,21.0,28.633333333333333,32.8,32.988,0,0
2019-02-28,22.0,28.563565891472866,32.86,33.1,0,0
2019-03-01,23.1,28.57751937984496,32.9,33.644,0,0
2019-03-02,22.1,28.587596899224806,33.019999999999996,33.788000000000004,0,0
2019-03-03,23.7,28.606201550387595,33.1,33.788000000000004,0,0
2019-03-04,24.2,28.683720930232557,33.1,33.788000000000004,0,0
2019-03-05,24.3,28.81550387596899,33.1,33.788000000000004,0,0
2019-03-06,25.2,28.915503875968987,33.44,34.443999999999996,0,0
2019-03-07,26.8,28.981395348837207,33.660000000000004,34.588,0,0
2019-03-08,27.4,29.04962962962963,33.76,34.7,0,0
2019-03-09,27.3,29.149629629629633,34.05,35.30799999999999,0,0
2019-03-10,26.7,29.330370370370375,34.43,37.047999999999995,0,0
2019-03-11,28.6,29.468148148148146,34.56,37.047999999999995,0,0
2019-03-12,27.0,29.677037037037035,34.7,38.032,0,0
2019-03-13,25.7,29.934814814814814,35.279999999999994,38.032,0,0
2019-03-14,25.8,30.221481481481483,36.46,38.032,0,0
2019-03-15,26.8,30.489629629629626,36.75,38.032,0,0
2019-03-16,26.6,30.825185185185184,36.75,38.032,0,0
2019-03-17,28.0,31.172592592592586,36.89,38.032,0,0
2019-03-18,29.0,31.55111111111111,37.13,38.032,0,0
2019-03-19,30.8,31.808888888888887,37.2,38.032,0,0
2019-03-20,32.0,32.09185185185185,37.53,38.4,0,0
2019-03-21,32.3,32.45703703703703,38.19,38.596,0,0
2019-03-22,30.8,32.86074074074074,38.43,39.096,0,0
2019-03-23,31.7,33.26074074074074,38.86,39.164,0,0
2019-03-24,33.5,33.56592592592593,39.0,39.3,0,0
2019-03-25,31.6,33.81407407407407,38.86,39.3,0,0
2019-03-26,32.2,34.12666666666667,39.03,39.3,0,0
2019-03-27,33.4,34.44444444444444,39.1,39.331999999999994,0,0
2019-03-28,37.1,34.65777777777778,39.2,39.4,0,0
2019-03-29,39.2,34.87259259259259,39.3,39.4,0,0
2019-03-30,37.1,35.050370370370366,39.4,39.532,0,0
2019-03-31,36.9,35.19037037037037,39.4,39.6,0,0
2019-04-01,36.1,35.30518518518519,39.4,39.664,0,0
2019-04-02,36.3,35.40296296296297,39.43,40.087999999999994,0,0
2019-04-03,37.9,35.58444444444444,39.53,41.019999999999996,0,0
2019-04-04,38.1,35.76592592592593,39.6,41.564,0,0
2019-04-05,40.2,35.7874074074074,39.63,41.564,1,0
2019-04-06,38.9,35.845925925925926,39.730000000000004,41.564,0,0
2019-04-07,39.2,35.93185185185185,39.919999999999995,41.564,0,0
2019-04-08,37.8,36.11851851851852,40.419999999999995,41.764,0,0
2019-04-09,38.6,36.32370370370369,40.91,41.831999999999994,0,0
2019-04-10,38.4,36.501481481481484,41.43,41.964,0,0
2019-04-11,39.8,36.688148148148144,41.63,42.132,0,0
2019-04-12,38.5,36.90296296296296,41.63,42.132,0,0
2019-04-13,38.8,37.028888888888886,41.7,42.132,0,0
2019-04-14,38.5,37.091111111111104,41.730000000000004,42.232,0,0
2019-04-15,38.5,37.220000000000006,41.730000000000004,42.232,0,0
2019-04-16,31.5,37.28740740740741,41.730000000000004,42.232,0,0
2019-04-17,27.6,37.37555555555556,41.63,42.232,0,0
2019-04-18,29.7,37.455555555555556,41.53,42.232,0,0
2019-04-19,31.3,37.499259259259254,41.46,42.232,0,0
2019-04-20,33.1,37.67851851851852,41.730000000000004,42.3,0,0
2019-04-21,37.0,37.82370370370371,41.9,42.331999999999994,0,0
2019-04-22,38.7,37.904444444444444,41.93,42.331999999999994,0,0
2019-04-23,40.9,37.95703703703704,41.93,42.331999999999994,0,0
2019-04-24,41.8,37.97703703703704,42.13,42.431999999999995,0,0
2019-04-25,41.2,37.97925925925926,42.13,42.4,0,0
2019-04-26,40.4,37.904444444444444,42.03,42.4,0,0
2019-04-27,41.1,37.89333333333333,42.03,42.4,0,0
2019-04-28,41.2,37.96592592592592,42.03,42.4,0,0
2019-04-29,40.7,38.127407407407404,41.93,42.331999999999994,0,0
2019-04-30,41.1,38.29703703703703,42.1,42.331999999999994,0,0
2019-05-01,40.2,38.51037037037037,42.3,42.532,0,0
2019-05-02,40.0,38.75703703703703,42.43,42.632,0,0
2019-05-03,37.5,38.968148148148146,42.5,42.732,0,0
2019-05-04,38.1,39.11851851851852,42.53,42.959999999999994,0,0
2019-05-05,39.1,39.22444444444444,42.6,43.49199999999999,0,0
2019-05-06,40.7,39.29185185185185,42.730000000000004,43.931999999999995,0,0
2019-05-07,41.0,39.450370370370365,42.949999999999996,44.064,0,0
2019-05-08,40.4,39.601481481481486,43.3,44.064,0,0
2019-05-09,39.9,39.72444444444444,43.33,44.064,0,0
2019-05-10,38.5,39.8474074074074,43.56,44.064,0,0
2019-05-11,38.7,39.96,43.83,44.364,0,0
2019-05-12,38.4,40.07333333333333,44.230000000000004,44.5,0,0
2019-05-13,39.2,40.19777777777778,44.33,44.5,0,0
2019-05-14,38.2,40.324444444444445,44.43,44.628,0,0
2019-05-15,38.9,40.391111111111115,44.43,44.628,0,0
2019-05-16,37.4,40.412592592592596,44.5,44.831999999999994,0,0
2019-05-17,36.1,40.339259259259265,44.5,44.831999999999994,0,0
2019-05-18,35.0,40.31037037037037,44.5,44.9,0,0
2019-05-19,37.5,40.376296296296296,44.5,45.15599999999999,0,0
2019-05-20,38.2,40.443703703703704,44.8,45.796,0,0
2019-05-21,36.9,40.51407407407408,44.83,45.796,0,0
2019-05-22,39.3,40.49851851851852,44.9,46.0,0,0
2019-05-23,39.6,40.39111111111111,44.9,46.0,0,0
2019-05-24,39.0,40.31777777777778,44.9,46.0,0,0
2019-05-25,38.2,40.26444444444444,44.9,46.0,0,0
2019-05-26,40.6,40.23111111111112,44.9,46.0,0,0
2019-05-27,40.7,40.20222222222222,44.9,45.796,0,0
2019-05-28,41.7,40.11333333333334,44.9,45.66,0,0
2019-05-29,42.8,40.03333333333333,44.83,45.66,0,0
2019-05-30,43.1,39.948888888888895,44.83,45.66,0,0
2019-05-31,41.7,39.931851851851846,44.83,45.66,0,0
2019-06-01,43.1,39.94,44.83,45.66,0,0
2019-06-02,44.3,39.87407407407407,44.309999999999995,45.66,0,0
2019-06-03,45.0,39.79851851851851,44.03,45.09199999999999,1,0
2019-06-04,44.0,39.67333333333333,43.8,44.9,1,0
2019-06-05,42.8,39.59333333333332,43.66,44.355999999999995,0,0
2019-06-06,43.8,39.52518518518518,43.36,43.864,1,0
2019-06-07,42.4,39.445185185185174,43.230000000000004,43.8,0,0
2019-06-08,43.2,39.42222222222222,43.06,43.664,1,0
2019-06-09,44.9,39.37555555555555,43.06,43.532,1,1
2019-06-10,45.2,39.3474074074074,43.06,43.532,1,1
2019-06-11,43.5,39.26074074074073,43.06,43.532,1,0
2019-06-12,41.7,39.16518518518518,42.730000000000004,43.395999999999994,0,0
2019-06-13,34.2,39.017037037037035,42.53,43.232,0,0
2019-06-14,39.6,38.84296296296296,42.36,42.995999999999995,0,0
2019-06-15,38.2,38.61407407407407,42.33,42.764,0,0
2019-06-16,33.9,38.47259259259259,42.230000000000004,42.632,0,0
2019-06-17,36.5,38.32074074074074,42.2,42.532,0,0
2019-06-18,30.7,38.1,42.03,42.431999999999995,0,0
2019-06-19,32.0,37.91777777777777,42.03,42.431999999999995,0,0
2019-06-20,35.2,37.660000000000004,41.93,42.431999999999995,0,0
2019-06-21,36.5,37.416296296296295,41.93,42.431999999999995,0,0
2019-06-22,38.8,37.25259259259259,41.93,42.431999999999995,0,0
2019-06-23,38.6,36.99629629629629,41.76,42.431999999999995,0,0
2019-06-24,36.6,36.73481481481482,41.56,42.264,0,0
2019-06-25,38.0,36.482962962962965,41.43,41.796,0,0
2019-06-26,40.0,36.26740740740741,41.19,41.828,0,0
2019-06-27,41.0,36.072592592592585,40.89,41.69199999999999,1,0
2019-06-28,40.8,35.92074074074075,40.8,41.69199999999999,1,0
2019-06-29,38.9,35.79481481481482,40.730000000000004,41.5,0,0
2019-06-30,41.8,35.69703703703704,40.28,41.228,1,1
2019-07-01,40.7,35.505925925925936,39.96,40.895999999999994,1,0
2019-07-02,39.9,35.338518518518526,39.96,40.895999999999994,0,0
2019-07-03,35.6,35.18814814814816,39.96,40.895999999999994,0,0
2019-07-04,37.6,35.031111111111116,39.96,40.895999999999994,0,0
2019-07-05,31.2,34.837037037037035,39.96,40.895999999999994,0,0
2019-07-06,33.6,34.66444444444445,39.83,40.8,0,0
2019-07-07,33.7,34.54074074074074,39.19,40.8,0,0
2019-07-08,35.0,34.440000000000005,38.89,40.11999999999999,0,0
2019-07-09,34.6,34.31407407407407,38.8,39.664,0,0
2019-07-10,35.0,34.20962962962963,38.66,39.26,0,0
2019-07-11,35.3,34.07703703703704,38.46,39.1,0,0
2019-07-12,35.5,33.92074074074073,38.19,38.895999999999994,0,0
2019-07-13,35.7,33.80296296296296,38.19,38.895999999999994,0,0
2019-07-14,35.7,33.651111111111106,37.98,38.895999999999994,0,0
2019-07-15,36.2,33.44814814814815,37.309999999999995,38.8,0,0
2019-07-16,34.0,33.2437037037037,36.4,38.528,0,0
2019-07-17,35.6,33.06370370370371,36.3,37.324,0,0
2019-07-18,35.0,32.88814814814815,36.16,36.623999999999995,0,0
2019-07-19,33.3,32.675555555555555,35.9,36.3,0,0
2019-07-20,34.4,32.553333333333335,35.9,36.3,0,0
2019-07-21,35.0,32.42074074074074,35.9,36.3,0,0
2019-07-22,35.3,32.21925925925926,35.9,36.428,0,0
2019-07-23,35.4,31.993333333333336,35.56,36.291999999999994,0,0
2019-07-24,36.0,31.80296296296296,35.26,36.15599999999999,1,0
2019-07-25,27.8,31.638518518518524,35.0,35.9,0,0
2019-07-26,26.7,31.506666666666664,35.0,35.764,0,0
2019-07-27,28.8,31.451111111111107,35.0,35.632,0,0
2019-07-28,30.9,31.322962962962965,34.93,35.328,0,0
2019-07-29,31.4,31.24074074074074,34.69,35.26,0,0
2019-07-30,31.9,31.17407407407408,34.69,35.26,0,0
2019-07-31,31.8,31.1162962962963,34.69,35.26,0,0
2019-08-01,31.0,31.045185185185186,34.69,35.26,0,0
2019-08-02,31.4,31.025925925925925,34.39,35.26,0,0
2019-08-03,30.4,31.042962962962964,33.809999999999995,35.26,0,0
2019-08-04,32.1,30.994814814814816,33.32,35.26,0,0
2019-08-05,32.1,30.999259259259258,33.2,34.76,0,0
2019-08-06,30.1,31.028148148148148,33.13,34.395999999999994,0,0
2019-08-07,31.0,31.068148148148147,33.1,34.395999999999994,0,0
2019-08-08,31.9,31.174814814814816,33.2,34.395999999999994,0,0
2019-08-09,30.6,31.18592592592593,33.43,34.395999999999994,0,0
2019-08-10,30.9,31.24518518518519,33.53,34.395999999999994,0,0
2019-08-11,29.7,31.276296296296298,33.919999999999995,34.395999999999994,0,0
2019-08-12,30.9,31.277037037037033,33.919999999999995,34.61999999999999,0,0
2019-08-13,31.4,31.27851851851852,33.919999999999995,34.891999999999996,0,0
2019-08-14,29.9,31.28,34.230000000000004,34.891999999999996,0,0
2019-08-15,29.0,31.311851851851856,34.3,35.331999999999994,0,0
2019-08-16,29.2,31.305185185185184,34.3,35.331999999999994,0,0
2019-08-17,26.8,31.264444444444443,34.36,35.331999999999994,0,0
2019-08-18,30.2,31.223703703703702,34.36,35.331999999999994,0,0
2019-08-19,30.3,31.28148148148148,34.36,35.331999999999994,0,0
2019-08-20,31.9,31.307407407407407,34.36,35.331999999999994,0,0
2019-08-21,32.4,31.32962962962963,34.36,35.331999999999994,0,0
2019-08-22,32.6,31.357777777777773,34.53,35.331999999999994,0,0
2019-08-23,32.1,31.35185185185185,34.53,35.331999999999994,0,0
2019-08-24,33.2,31.40148148148148,34.7,35.331999999999994,0,0
2019-08-25,29.4,31.36518518518518,34.7,35.3,0,0
2019-08-26,29.5,31.30592592592592,34.7,35.331999999999994,0,0
2019-08-27,31.3,31.287407407407404,34.7,35.164,0,0
2019-08-28,31.1,31.29185185185185,34.76,35.232,0,0
2019-08-29,31.2,31.301481481481474,35.03,35.331999999999994,0,0
2019-08-30,30.6,31.31851851851852,35.0,35.232,0,0
2019-08-31,32.1,31.379259259259257,35.0,35.232,0,0
2019-09-01,31.8,31.430370370370373,35.0,35.232,0,0
2019-09-02,31.2,31.503703703703703,35.0,35.232,0,0
2019-09-03,31.7,31.545185185185186,35.03,35.3,0,0
2019-09-04,31.6,31.59333333333333,35.1,35.331999999999994,0,0
2019-09-05,31.5,31.660000000000004,35.13,35.623999999999995,0,0
2019-09-06,31.8,31.751851851851853,35.230000000000004,36.57999999999999,0,0
2019-09-07,30.0,31.822962962962965,35.3,37.632,0,0
2019-09-08,30.4,31.8837037037037,35.33,37.632,0,0
2019-09-09,33.2,31.97925925925926,35.61,37.632,0,0
2019-09-10,34.5,32.068148148148154,36.22,37.632,0,0
2019-09-11,33.4,32.16148148148148,36.56,37.632,0,0
2019-09-12,34.2,32.23407407407408,36.7,37.632,0,0
2019-09-13,31.8,32.38592592592593,36.79,37.632,0,0
2019-09-14,31.5,32.48222222222223,36.79,37.632,0,0
2019-09-15,30.1,32.45407407407408,36.79,37.632,0,0
2019-09-16,34.2,32.44814814814815,36.79,37.632,0,0
2019-09-17,33.8,32.46814814814815,36.79,37.632,0,0
2019-09-18,32.4,32.51703703703704,36.79,37.632,0,0
2019-09-19,30.3,32.52518518518518,36.7,37.6,0,0
2019-09-20,29.6,32.56296296296296,36.7,37.26,0,0
2019-09-21,29.5,32.64074074074074,36.7,37.26,0,0
2019-09-22,29.5,32.734814814814804,36.7,37.26,0,0
2019-09-23,29.5,32.8362962962963,36.7,37.632,0,0
2019-09-24,28.8,32.93407407407407,36.7,37.632,0,0
2019-09-25,28.7,33.06814814814814,37.13,37.732,0,0
2019-09-26,28.3,33.2037037037037,37.6,38.064,0,0
2019-09-27,29.6,33.331111111111106,37.730000000000004,38.064,0,0
2019-09-28,29.6,33.351851851851855,37.730000000000004,38.064,0,0
2019-09-29,28.3,33.406666666666666,37.730000000000004,38.064,0,0
2019-09-30,29.3,33.56148148148148,37.730000000000004,38.064,0,0
2019-10-01,29.5,33.69777777777777,37.730000000000004,38.064,0,0
2019-10-02,31.4,33.815555555555555,37.730000000000004,38.064,0,0
2019-10-03,30.8,33.88148148148148,37.730000000000004,38.064,0,0
2019-10-04,31.5,33.96296296296296,37.730000000000004,38.064,0,0
2019-10-05,30.2,33.98888888888889,37.730000000000004,38.064,0,0
2019-10-06,30.4,33.96296296296296,37.730000000000004,38.064,0,0
2019-10-07,30.3,33.94074074074074,37.63,38.0,0,0
2019-10-08,30.4,33.88592592592593,37.39,37.931999999999995,0,0
2019-10-09,31.0,33.80296296296296,37.36,37.931999999999995,0,0
2019-10-10,31.8,33.69925925925926,37.3,37.931999999999995,0,0
2019-10-11,31.3,33.54814814814816,37.03,37.564,0,0
2019-10-12,31.8,33.39777777777778,36.93,37.3,0,0
2019-10-13,33.3,33.31037037037037,36.83,37.164,0,0
2019-10-14,33.6,33.2125925925926,36.8,37.164,0,0
2019-10-15,32.4,33.11851851851853,36.730000000000004,37.096,0,0
2019-10-16,32.2,32.98962962962963,36.43,37.028,0,0
2019-10-17,31.3,32.80962962962964,36.4,37.028,0,0
2019-10-18,31.7,32.65925925925926,36.33,36.959999999999994,0,0
2019-10-19,30.0,32.52740740740741,36.3,36.75599999999999,0,0
2019-10-20,31.9,32.36518518518518,36.3,36.75599999999999,0,0
2019-10-21,31.8,32.17555555555556,35.96,36.687999999999995,0,0
2019-10-22,31.4,31.962222222222227,35.730000000000004,36.331999999999994,0,0
2019-10-23,31.2,31.78296296296297,35.56,36.164,0,0
2019-10-24,31.8,31.607407407407408,35.43,35.964,0,0
2019-10-25,30.9,31.436296296296295,34.96,35.732,0,0
2019-10-26,29.3,31.321481481481477,34.36,35.431999999999995,0,0
2019-10-27,29.9,31.20592592592592,34.089999999999996,35.196,0,0
2019-10-28,30.2,31.041481481481476,33.56,34.628,0,0
2019-10-29,30.5,30.865185185185187,33.5,34.16,0,0
2019-10-30,29.8,30.715555555555557,33.43,33.796,0,0
2019-10-31,32.1,30.607407407407408,33.3,33.564,0,0
2019-11-01,32.6,30.488888888888887,33.16,33.5,0,0
2019-11-02,32.5,30.37481481481482,32.93,33.364,0,0
2019-11-03,29.2,30.23185185185185,32.9,33.3,0,0
2019-11-04,30.1,30.083703703703705,32.9,33.3,0,0
2019-11-05,29.5,29.955555555555556,32.76,33.3,0,0
2019-11-06,29.7,29.83703703703704,32.6,33.096,0,0
2019-11-07,26.3,29.63259259259259,32.43,32.931999999999995,0,0
2019-11-08,27.7,29.433333333333334,32.3,32.632,0,0
2019-11-09,28.9,29.196296296296296,31.759999999999998,32.464,0,0
2019-11-10,28.3,28.91185185185185,31.6,32.331999999999994,0,0
2019-11-11,28.6,28.597777777777775,31.4,31.632,0,0
2019-11-12,29.3,28.32666666666666,31.3,31.532,0,0
2019-11-13,29.3,28.089629629629627,31.3,31.432,0,0
2019-11-14,28.4,27.854814814814812,31.23,31.4,0,0
2019-11-15,28.2,27.6037037037037,31.13,31.3,0,0
2019-11-16,28.9,27.377037037037034,30.759999999999998,31.232,0,0
2019-11-17,28.8,27.13407407407407,30.6,31.2,0,0
2019-11-18,26.9,26.93925925925926,30.53,30.995999999999995,0,0
2019-11-19,27.2,26.805185185185184,30.36,30.764,0,0
2019-11-20,26.9,26.620740740740743,29.66,30.632,0,0
2019-11-21,27.1,26.400740740740744,29.459999999999997,30.023999999999997,0,0
2019-11-22,27.0,26.25925925925926,29.4,29.6,0,0
2019-11-23,27.4,26.147407407407403,29.13,29.464,0,0
2019-11-24,26.9,26.023703703703703,28.82,29.264,0,0
2019-11-25,27.1,25.894074074074076,28.63,29.264,0,0
2019-11-26,27.1,25.80666666666667,28.63,29.264,0,0
2019-11-27,27.1,25.717037037037038,28.53,29.264,0,0
2019-11-28,24.9,25.594814814814818,28.5,29.132,0,0
2019-11-29,21.7,25.468148148148146,28.53,29.132,0,0
2019-11-30,23.1,25.372592592592593,28.43,29.132,0,0
2019-12-01,23.9,25.286666666666665,28.33,28.827999999999996,0,0
2019-12-02,24.4,25.18074074074074,28.33,28.827999999999996,0,0
2019-12-03,24.2,25.049629629629628,28.33,28.827999999999996,0,0
2019-12-04,23.9,24.797777777777778,27.83,28.532,0,0
2019-12-05,23.6,24.585925925925924,27.66,28.432,0,0
2019-12-06,22.6,24.378518518518522,27.459999999999997,28.332,0,0
2019-12-07,23.2,24.175555555555555,27.33,28.027999999999995,0,0
2019-12-08,22.9,23.9237037037037,27.03,28.027999999999995,0,0
2019-12-09,22.7,23.7362962962963,27.03,28.027999999999995,0,0
2019-12-10,23.4,23.582222222222224,26.93,28.027999999999995,0,0
2019-12-11,23.0,23.426666666666666,26.9,27.959999999999997,0,0
2019-12-12,21.8,23.28962962962963,26.9,27.323999999999998,0,0
2019-12-13,20.1,23.177777777777777,26.69,27.032,0,0
2019-12-14,18.5,23.09185185185185,26.53,26.932,0,0
2019-12-15,19.2,22.962222222222227,26.5,26.932,0,0
2019-12-16,18.7,22.794814814814817,26.5,26.9,0,0
2019-12-17,17.6,22.638518518518516,26.259999999999998,26.695999999999998,0,0
2019-12-18,18.9,22.463703703703708,26.0,26.432,0,0
2019-12-19,19.6,22.424444444444447,25.83,26.132,0,0
2019-12-20,21.2,22.425185185185185,25.66,26.032,0,0
2019-12-21,21.7,22.392592592592592,25.66,26.1,0,0
2019-12-22,21.4,22.371111111111112,25.83,26.1,0,0
2019-12-23,21.0,22.3437037037037,25.83,26.1,0,0
2019-12-24,19.6,22.26,25.83,26.1,0,0
2019-12-25,21.1,22.16814814814815,25.83,26.1,0,0
2019-12-26,20.2,22.045185185185186,25.83,26.1,0,0
2019-12-27,19.2,21.942962962962966,25.66,26.1,0,0
2019-12-28,19.2,21.823703703703703,25.83,26.1,0,0
2019-12-29,18.3,21.67111111111111,25.69,26.1,0,0
2019-12-30,16.8,21.558518518518515,25.69,26.032,0,0
2019-12-31,15.9,21.48740740740741,25.6,25.964,0,0
2020-01-01,18.1,21.40074074074074,25.6,25.964,0,0
2020-01-02,19.3,21.32148148148148,25.6,25.964,0,0
2020-01-03,21.2,21.24962962962963,25.6,25.964,0,0
2020-01-04,19.9,21.179259259259258,25.6,25.964,0,0
2020-01-05,21.0,21.156296296296297,25.39,25.9,0,0
2020-01-06,21.7,21.11703703703704,25.16,25.695999999999998,0,0
2020-01-07,21.6,21.064444444444444,25.16,25.9,0,0
2020-01-08,20.2,21.05037037037037,25.39,25.932,0,0
2020-01-09,17.7,21.005185185185184,25.39,25.932,0,0
2020-01-10,18.8,20.985185185185184,25.53,25.932,0,0
2020-01-11,19.4,20.975555555555555,25.6,26.0,0,0
2020-01-12,22.0,21.01925925925926,25.6,26.064,0,0
2020-01-13,23.4,21.065185185185186,25.6,26.095999999999997,0,0
2020-01-14,20.3,21.127407407407407,25.53,26.095999999999997,0,0
2020-01-15,19.9,21.154074074074074,25.43,26.095999999999997,0,0
2020-01-16,18.3,21.202962962962967,25.43,26.095999999999997,0,0
2020-01-17,20.0,21.22222222222222,25.53,26.3,0,0
2020-01-18,19.1,21.19851851851851,25.53,26.3,0,0
2020-01-19,19.6,21.12296296296296,25.53,26.3,0,0
2020-01-20,19.0,21.07777777777778,25.53,26.3,0,0
2020-01-21,20.8,21.068148148148147,25.43,26.3,0,0
2020-01-22,22.0,21.17629629629629,25.65,26.364,0,0
2020-01-23,21.2,21.346666666666668,26.09,26.891999999999996,0,0
2020-01-24,22.6,21.55185185185185,26.3,27.364,0,0
2020-01-25,22.1,21.783703703703704,26.36,27.755999999999993,0,0
2020-01-26,24.4,21.951851851851853,26.56,27.891999999999996,0,0
2020-01-27,23.3,22.086666666666666,26.88,27.891999999999996,0,0
2020-01-28,21.9,22.24,26.88,27.891999999999996,0,0
2020-01-29,20.9,22.334074074074078,26.88,27.891999999999996,0,0
2020-01-30,20.8,22.474074074074075,26.88,27.891999999999996,0,0
2020-01-31,20.7,22.617777777777775,26.88,27.891999999999996,0,0
2020-02-01,21.4,22.782962962962962,26.74,27.891999999999996,0,0
2020-02-02,21.1,22.985925925925926,27.33,27.891999999999996,0,0
2020-02-03,21.0,23.271111111111114,27.5,28.432,0,0
2020-02-04,21.6,23.507407407407406,27.56,28.432,0,0
2020-02-05,22.9,23.702962962962964,27.56,28.432,0,0
2020-02-06,21.4,23.885925925925925,27.56,28.432,0,0
2020-02-07,21.8,24.097037037037037,27.7,28.564,0,0
2020-02-08,22.4,24.297777777777778,27.759999999999998,28.732,0,0
2020-02-09,22.0,24.494074074074078,28.49,29.295999999999996,0,0
2020-02-10,22.1,24.75111111111111,29.2,29.9,0,0
2020-02-11,23.3,25.028888888888893,29.56,30.227999999999998,0,0
2020-02-12,26.9,25.372592592592593,30.03,30.6,0,0
2020-02-13,28.7,25.722962962962967,30.43,30.632,0,0
2020-02-14,26.9,26.070370370370373,30.6,31.464,0,0
2020-02-15,27.9,26.405185185185182,30.79,31.632,0,0
2020-02-16,29.0,26.751851851851853,31.33,31.732,0,0
2020-02-17,30.1,27.058518518518518,31.459999999999997,31.732,0,0
2020-02-18,28.9,27.346666666666668,31.6,31.8,0,0
2020-02-19,28.7,27.55037037037037,31.63,31.832,0,0
2020-02-20,29.2,27.797777777777778,31.73,32.16,0,0
2020-02-21,25.1,28.008148148148152,31.73,32.16,0,0
2020-02-22,25.1,28.15,31.765,32.23,0,0
2020-02-23,24.7,28.264843749999997,31.8,32.284,0,0
2020-02-24,25.6,28.3234375,31.965,32.846,0,0
2020-02-25,27.0,28.37265625,32.36,32.9,0,0
2020-02-26,28.7,28.371875,32.8,32.9,0,0
2020-02-27,29.5,28.289843750000003,32.8,32.992,0,0
2020-02-28,28.6,28.271875,32.864999999999995,33.1,0,0
2020-02-29,26.8,28.2953125,32.9,33.376,0,0
2020-03-01,28.2,28.27734375,32.9,33.646,0,0
2020-03-02,28.4,28.2921875,33.03,33.792,0,0
2020-03-03,27.6,28.333593750000002,33.1,33.792,0,0
2020-03-04,28.0,28.434375000000003,33.1,33.792,0,0
2020-03-05,26.6,28.63828125,33.1,33.792,0,0
2020-03-06,23.1,28.807812500000004,33.46,34.446,0,0
2020-03-07,24.1,28.9390625,33.665,34.592,0,0
2020-03-08,25.7,29.008148148148152,33.76,34.7,0,0
2020-03-09,26.8,29.149629629629633,34.05,35.30799999999999,0,0
2020-03-10,24.1,29.371111111111112,34.43,37.047999999999995,0,0
2020-03-11,26.9,29.529629629629625,34.56,37.047999999999995,0,0
2020-03-12,26.5,29.76222222222222,34.7,38.032,0,0
2020-03-13,25.4,30.03111111111111,35.279999999999994,38.032,0,0
2020-03-14,24.1,30.317777777777778,36.46,38.032,0,0
2020-03-15,24.8,30.560740740740748,36.75,38.032,0,0
2020-03-16,26.1,30.88962962962963,36.75,38.032,0,0
2020-03-17,28.8,31.24074074074074,36.89,38.032,0,0
2020-03-18,30.1,31.594074074074072,37.13,38.032,0,0
2020-03-19,31.4,31.87407407407408,37.2,38.032,0,0
2020-03-20,32.8,32.217777777777776,37.53,38.4,0,0
2020-03-21,30.2,32.641481481481485,38.19,38.596,0,0
2020-03-22,31.5,33.096296296296295,38.589999999999996,39.232,0,0
2020-03-23,30.9,33.52148148148148,39.0,39.232,0,0
2020-03-24,32.5,33.85777777777778,39.03,39.3,0,0
2020-03-25,32.4,34.13259259259259,39.03,39.3,0,0
2020-03-26,27.5,34.48,39.1,39.3,0,0
2020-03-27,24.7,34.837037037037035,39.13,39.331999999999994,0,0
2020-03-28,28.9,35.086666666666666,39.2,39.4,0,0
2020-03-29,30.6,35.334074074074074,39.33,39.464,0,0
2020-03-30,31.7,35.539259259259254,39.4,39.6,0,0
2020-03-31,32.2,35.700740740740734,39.4,39.664,0,0
2020-04-01,33.3,35.827407407407414,39.43,39.928,0,0
2020-04-02,32.7,35.95925925925926,39.53,40.36,0,0
2020-04-03,33.2,36.11925925925925,39.6,41.019999999999996,0,0
2020-04-04,34.0,36.24888888888889,39.8,41.564,0,0
2020-04-05,33.7,36.21703703703703,39.8,41.564,0,0
2020-04-06,35.9,36.20962962962963,39.919999999999995,41.564,0,0
2020-04-07,35.5,36.257777777777775,40.2,41.564,0,0
2020-04-08,35.2,36.406666666666666,40.419999999999995,41.764,0,0
2020-04-09,34.8,36.54148148148148,40.91,41.831999999999994,0,0
2020-04-10,36.6,36.62666666666667,41.43,41.964,0,0
2020-04-11,38.1,36.72444444444444,41.63,42.132,0,0
2020-04-12,37.5,36.87481481481482,41.63,42.132,0,0
2020-04-13,39.1,36.96444444444444,41.7,42.132,0,0
2020-04-14,38.2,37.028888888888886,41.730000000000004,42.232,0,0
2020-04-15,38.9,37.148148148148145,41.730000000000004,42.232,0,0
2020-04-16,38.2,37.24962962962963,41.730000000000004,42.232,0,0
2020-04-17,36.5,37.351851851851855,41.730000000000004,42.232,0,0
2020-04-18,37.0,37.46740740740741,41.63,42.232,0,0
2020-04-19,35.9,37.54888888888889,41.63,42.232,0,0
2020-04-20,31.5,37.76888888888889,41.8,42.3,0,0
2020-04-21,33.7,37.955555555555556,41.9,42.331999999999994,0,0
2020-04-22,36.3,38.05851851851852,41.93,42.331999999999994,0,0
2020-04-23,33.7,38.13481481481482,41.93,42.331999999999994,0,0
2020-04-24,36.1,38.20074074074074,42.13,42.431999999999995,0,0
2020-04-25,34.6,38.26444444444444,42.13,42.4,0,0
2020-04-26,33.6,38.24518518518518,42.03,42.4,0,0
2020-04-27,34.6,38.28148148148148,42.03,42.4,0,0
2020-04-28,35.9,38.36296296296295,42.03,42.4,0,0
2020-04-29,37.4,38.53555555555555,41.93,42.331999999999994,0,0
2020-04-30,38.3,38.70814814814815,42.1,42.331999999999994,0,0
2020-05-01,40.7,38.874814814814805,42.3,42.532,0,0
2020-05-02,40.6,39.07481481481481,42.43,42.632,0,0
2020-05-03,37.3,39.230370370370366,42.5,42.732,0,0
2020-05-04,36.3,39.34074074074074,42.53,42.959999999999994,0,0
2020-05-05,36.3,39.40814814814815,42.6,43.49199999999999,0,0
2020-05-06,35.9,39.460740740740746,42.730000000000004,43.931999999999995,0,0
2020-05-07,38.2,39.589629629629634,42.949999999999996,44.064,0,0
2020-05-08,39.5,39.72518518518518,43.3,44.064,0,0
2020-05-09,40.5,39.85037037037038,43.33,44.064,0,0
2020-05-10,39.4,39.955555555555556,43.56,44.064,0,0
2020-05-11,37.3,40.038518518518515,43.83,44.364,0,0
2020-05-12,37.1,40.12,44.230000000000004,44.5,0,0
2020-05-13,35.9,40.2162962962963,44.33,44.5,0,0
2020-05-14,38.9,40.27555555555556,44.43,44.628,0,0
2020-05-15,38.2,40.3,44.43,44.628,0,0
2020-05-16,37.6,40.2962962962963,44.5,44.831999999999994,0,0
2020-05-17,39.1,40.20148148148149,44.5,44.831999999999994,0,0
2020-05-18,38.8,40.147407407407414,44.5,44.9,0,0
2020-05-19,40.0,40.18518518518518,44.5,45.15599999999999,0,0
2020-05-20,39.2,40.224444444444444,44.8,45.796,0,0
2020-05-21,41.2,40.27333333333333,44.83,45.796,0,0
2020-05-22,42.2,40.28148148148148,44.9,46.0,0,0
2020-05-23,42.1,40.23259259259259,44.9,46.0,0,0
2020-05-24,42.5,40.214814814814815,44.9,46.0,0,0
2020-05-25,42.5,40.2437037037037,44.9,46.0,0,0
2020-05-26,43.0,40.3,44.9,46.0,0,0
2020-05-27,43.2,40.345925925925926,44.9,45.796,0,0
2020-05-28,41.3,40.34814814814815,44.9,45.66,0,0
2020-05-29,40.3,40.357037037037045,44.9,45.66,0,0
2020-05-30,34.5,40.357777777777784,44.9,45.66,0,0
2020-05-31,34.4,40.408888888888896,44.9,45.66,0,0
2020-06-01,35.0,40.492592592592594,44.9,45.66,0,0
2020-06-02,36.0,40.49703703703704,44.9,45.66,0,0
2020-06-03,37.4,40.47629629629629,44.9,45.296,0,0
2020-06-04,32.7,40.406666666666666,44.48,45.064,0,0
2020-06-05,35.1,40.34148148148147,44.16,44.931999999999995,0,0
2020-06-06,35.2,40.22,44.0,44.9,0,0
2020-06-07,35.7,40.09333333333332,43.86,44.9,0,0
2020-06-08,36.5,39.995555555555555,43.8,44.49199999999999,0,0
2020-06-09,39.7,39.819259259259255,43.8,44.49199999999999,0,0
2020-06-10,40.2,39.68518518518518,43.66,44.288,0,0
2020-06-11,38.5,39.46074074074074,43.53,43.864,0,0
2020-06-12,39.3,39.209629629629625,43.29,43.8,0,0
2020-06-13,38.9,38.97111111111111,43.2,43.8,0,0
2020-06-14,37.3,38.71555555555556,42.76,43.596,0,0
2020-06-15,41.0,38.455555555555556,42.63,43.296,0,0
2020-06-16,43.3,38.27037037037037,42.33,43.09199999999999,1,1
2020-06-17,42.5,38.08888888888889,42.2,42.632,1,0
2020-06-18,41.7,37.82888888888888,42.0,42.264,0,0
2020-06-19,41.7,37.62444444444444,41.76,42.2,0,0
2020-06-20,39.7,37.36666666666667,41.43,42.132,0,0
2020-06-21,38.9,37.17037037037037,41.5,42.132,0,0
2020-06-22,36.3,36.980740740740735,41.5,42.132,0,0
2020-06-23,37.8,36.75037037037037,41.5,42.064,0,0
2020-06-24,35.4,36.55777777777778,41.43,42.064,0,0
2020-06-25,38.3,36.3437037037037,41.12,41.864,0,0
2020-06-26,38.0,36.16148148148148,41.0,41.596,0,0
2020-06-27,38.6,36.022222222222226,40.86,41.596,0,0
2020-06-28,39.1,35.854814814814816,40.730000000000004,41.596,0,0
2020-06-29,40.1,35.72296296296297,40.7,41.5,0,0
2020-06-30,41.1,35.58518518518518,40.21,41.16,1,0
2020-07-01,40.8,35.403703703703705,39.93,40.864,1,0
2020-07-02,40.8,35.23481481481482,39.93,40.864,1,0
2020-07-03,42.1,35.07925925925927,39.93,40.864,1,1
2020-07-04,39.8,34.89925925925927,39.9,40.864,0,0
2020-07-05,37.8,34.70814814814815,39.69,40.732,0,0
2020-07-06,36.8,34.54814814814815,39.19,40.15599999999999,0,0
2020-07-07,36.6,34.42888888888889,38.89,39.696,0,0
2020-07-08,32.9,34.32222222222222,38.66,39.26,0,0
2020-07-09,33.6,34.18592592592593,38.32,39.1,0,0
2020-07-10,36.0,34.089629629629634,38.19,38.895999999999994,0,0
2020-07-11,36.4,33.989629629629626,38.19,38.895999999999994,0,0
2020-07-12,32.7,33.830370370370375,38.19,38.895999999999994,0,0
2020-07-13,32.3,33.75037037037036,38.19,38.895999999999994,0,0
2020-07-14,36.3,33.62296296296296,37.98,38.895999999999994,0,0
2020-07-15,36.3,33.47185185185185,36.81999999999999,38.8,0,0
2020-07-16,35.5,33.2637037037037,36.230000000000004,38.528,0,0
2020-07-17,35.4,33.10074074074074,36.1,36.84799999999999,0,0
2020-07-18,37.1,32.89259259259259,35.79,36.264,1,1
2020-07-19,35.9,32.62666666666667,35.63,36.1,1,0
2020-07-20,35.9,32.43777777777778,35.63,36.1,1,0
2020-07-21,34.9,32.24444444444445,35.46,36.1,0,0
2020-07-22,31.2,32.008148148148145,35.33,36.1,0,0
2020-07-23,33.8,31.78,35.06,35.728,0,0
2020-07-24,32.7,31.598518518518514,35.0,35.464,0,0
2020-07-25,33.2,31.419259259259263,34.9,35.232,0,0
2020-07-26,35.0,31.27555555555556,34.76,35.232,1,0
2020-07-27,35.0,31.200740740740745,34.76,35.232,1,0
2020-07-28,35.7,31.065185185185186,34.419999999999995,35.232,1,1
2020-07-29,36.7,30.965925925925937,33.89,35.028,1,1
2020-07-30,32.3,30.852592592592597,33.6,34.355999999999995,0,0
2020-07-31,32.1,30.772592592592602,33.2,33.8,0,0
2020-08-01,32.8,30.68,32.9,33.328,0,0
2020-08-02,35.1,30.682222222222226,32.9,33.2,1,1
2020-08-03,35.6,30.757037037037044,32.9,33.132,1,1
2020-08-04,34.6,30.74666666666667,32.9,33.132,1,1
2020-08-05,34.3,30.774074074074075,32.9,33.2,1,1
2020-08-06,32.3,30.85333333333333,32.83,33.132,0,0
2020-08-07,32.4,30.90814814814815,32.8,33.1,0,0
2020-08-08,31.5,30.999259259259258,32.9,33.2,0,0
2020-08-09,33.1,31.009629629629632,33.1,33.431999999999995,1,0
2020-08-10,31.4,31.061481481481476,33.2,33.791999999999994,0,0
2020-08-11,30.8,31.11111111111111,33.53,34.3,0,0
2020-08-12,32.6,31.14074074074074,33.66,34.61999999999999,0,0
2020-08-13,29.9,31.174814814814816,33.919999999999995,34.891999999999996,0,0
2020-08-14,28.3,31.205185185185183,34.230000000000004,34.891999999999996,0,0
2020-08-15,31.4,31.265185185185178,34.3,35.331999999999994,0,0
2020-08-16,31.1,31.265925925925924,34.3,35.331999999999994,0,0
2020-08-17,31.5,31.269629629629627,34.36,35.331999999999994,0,0
2020-08-18,32.9,31.22962962962963,34.36,35.331999999999994,0,0
2020-08-19,28.9,31.286666666666665,34.36,35.331999999999994,0,0
2020-08-20,29.7,31.32814814814814,34.36,35.331999999999994,0,0
2020-08-21,30.7,31.339999999999996,34.36,35.331999999999994,0,0
2020-08-22,30.2,31.355555555555554,34.53,35.331999999999994,0,0
2020-08-23,30.7,31.372592592592593,34.53,35.331999999999994,0,0
2020-08-24,29.7,31.452592592592588,34.7,35.331999999999994,0,0
2020-08-25,29.8,31.465185185185188,34.7,35.3,0,0
2020-08-26,30.7,31.431851851851846,34.7,35.331999999999994,0,0
2020-08-27,30.9,31.416296296296295,34.7,35.164,0,0
2020-08-28,31.0,31.41703703703703,34.76,35.232,0,0
2020-08-29,31.3,31.425925925925927,35.03,35.331999999999994,0,0
2020-08-30,29.9,31.43111111111111,35.0,35.232,0,0
2020-08-31,29.9,31.47851851851852,35.0,35.232,0,0
2020-09-01,29.9,31.499259259259258,35.0,35.232,0,0
2020-09-02,30.4,31.583703703703698,35.0,35.232,0,0
2020-09-03,29.9,31.64666666666666,35.03,35.3,0,0
2020-09-04,29.9,31.691851851851847,35.1,35.331999999999994,0,0
2020-09-05,29.9,31.7562962962963,35.13,35.623999999999995,0,0
2020-09-06,31.0,31.830370370370368,35.230000000000004,36.57999999999999,0,0
2020-09-07,30.4,31.87185185185185,35.3,37.632,0,0
2020-09-08,31.0,31.881481481481483,35.33,37.632,0,0
2020-09-09,32.1,31.958518518518517,35.61,37.632,0,0
2020-09-10,32.8,32.03481481481482,36.22,37.632,0,0
2020-09-11,33.4,32.1,36.56,37.632,0,0
2020-09-12,34.4,32.13037037037037,36.7,37.632,0,0
2020-09-13,34.3,32.23037037037037,36.79,37.632,0,0
2020-09-14,34.8,32.27925925925926,36.79,37.632,0,0
2020-09-15,34.8,32.221481481481476,36.79,37.632,0,0
2020-09-16,34.8,32.18888888888889,36.79,37.632,0,0
2020-09-17,34.7,32.15407407407408,36.79,37.632,0,0
2020-09-18,34.4,32.13555555555556,36.79,37.632,0,0
2020-09-19,34.3,32.10962962962964,36.7,37.6,0,0
2020-09-20,35.0,32.13111111111112,36.7,37.26,0,0
2020-09-21,35.1,32.19185185185185,36.7,37.26,0,0
2020-09-22,33.9,32.26592592592592,36.7,37.26,0,0
2020-09-23,33.7,32.36222222222222,36.7,37.632,0,0
2020-09-24,35.1,32.422222222222224,36.7,37.632,0,0
2020-09-25,36.1,32.53555555555555,37.13,37.732,0,0
2020-09-26,32.9,32.65555555555556,37.6,38.064,0,0
2020-09-27,32.0,32.788148148148146,37.730000000000004,38.064,0,0
2020-09-28,34.4,32.81555555555555,37.730000000000004,38.064,0,0
2020-09-29,34.3,32.87851851851851,37.730000000000004,38.064,0,0
2020-09-30,34.7,33.03407407407407,37.730000000000004,38.064,0,0
2020-10-01,35.2,33.17185185185184,37.730000000000004,38.064,0,0
2020-10-02,35.1,33.31333333333333,37.730000000000004,38.064,0,0
2020-10-03,34.9,33.41333333333333,37.730000000000004,38.064,0,0
2020-10-04,34.8,33.50666666666666,37.730000000000004,38.064,0,0
2020-10-05,34.7,33.53333333333333,37.730000000000004,38.064,0,0
2020-10-06,34.9,33.53925925925926,37.730000000000004,38.064,0,0
2020-10-07,34.6,33.559259259259264,37.63,38.0,0,0
2020-10-08,34.4,33.53851851851852,37.39,37.931999999999995,0,0
2020-10-09,34.1,33.48740740740741,37.36,37.931999999999995,0,0
2020-10-10,34.6,33.39333333333334,37.3,37.931999999999995,0,0
2020-10-11,34.3,33.25851851851852,37.03,37.564,0,0
2020-10-12,34.1,33.120000000000005,36.93,37.3,0,0
2020-10-13,33.8,33.058518518518525,36.83,37.164,0,0
2020-10-14,33.9,32.99333333333334,36.8,37.164,0,0
2020-10-15,33.2,32.927407407407415,36.730000000000004,37.096,0,0
2020-10-16,33.6,32.82222222222223,36.43,37.028,0,0
2020-10-17,33.7,32.66074074074075,36.4,37.028,0,0
2020-10-18,33.6,32.52666666666667,36.33,36.959999999999994,0,0
2020-10-19,31.7,32.400740740740744,36.3,36.75599999999999,0,0
2020-10-20,32.9,32.25259259259259,36.3,36.75599999999999,0,0
2020-10-21,31.9,32.074074074074076,35.96,36.687999999999995,0,0
2020-10-22,31.9,31.87333333333334,35.730000000000004,36.331999999999994,0,0
2020-10-23,32.0,31.70296296296296,35.56,36.164,0,0
2020-10-24,32.4,31.555555555555557,35.43,35.964,0,0
2020-10-25,31.5,31.43259259259259,34.96,35.732,0,0
2020-10-26,31.5,31.360740740740738,34.36,35.431999999999995,0,0
2020-10-27,30.3,31.259259259259252,34.089999999999996,35.196,0,0
2020-10-28,29.2,31.108888888888888,33.56,34.628,0,0
2020-10-29,29.1,30.937037037037037,33.5,34.16,0,0
2020-10-30,29.4,30.79703703703704,33.43,33.796,0,0
2020-10-31,29.7,30.674814814814816,33.3,33.564,0,0
2020-11-01,28.5,30.55481481481481,33.16,33.5,0,0
2020-11-02,28.6,30.447407407407404,32.93,33.364,0,0
2020-11-03,29.0,30.323703703703707,32.9,33.3,0,0
2020-11-04,29.2,30.197037037037035,32.9,33.3,0,0
2020-11-05,29.0,30.084444444444443,32.76,33.3,0,0
2020-11-06,28.9,29.974074074074075,32.6,33.096,0,0
2020-11-07,29.0,29.77481481481481,32.53,32.931999999999995,0,0
2020-11-08,28.5,29.579259259259256,32.43,32.632,0,0
2020-11-09,28.6,29.33925925925926,32.019999999999996,32.532,0,0
2020-11-10,27.9,29.05333333333333,31.6,32.331999999999994,0,0
2020-11-11,26.1,28.757037037037033,31.4,31.632,0,0
2020-11-12,26.2,28.506666666666664,31.3,31.532,0,0
2020-11-13,26.8,28.286666666666665,31.3,31.432,0,0
2020-11-14,27.3,28.07407407407407,31.23,31.4,0,0
2020-11-15,25.3,27.874814814814812,31.13,31.3,0,0
2020-11-16,25.2,27.687407407407406,30.759999999999998,31.232,0,0
2020-11-17,25.1,27.466666666666665,30.6,31.2,0,0
2020-11-18,24.3,27.288148148148146,30.53,30.995999999999995,0,0
2020-11-19,23.5,27.176296296296297,30.36,30.764,0,0
2020-11-20,24.1,26.988888888888887,29.66,30.632,0,0
2020-11-21,23.3,26.750370370370373,29.459999999999997,30.023999999999997,0,0
2020-11-22,22.7,26.582962962962966,29.4,29.6,0,0
2020-11-23,22.9,26.43037037037037,29.13,29.464,0,0
2020-11-24,23.6,26.25925925925926,28.89,29.264,0,0
2020-11-25,24.5,26.078518518518518,28.63,29.264,0,0
2020-11-26,21.6,25.944444444444443,28.63,29.264,0,0
2020-11-27,24.4,25.794814814814817,28.53,29.264,0,0
2020-11-28,24.9,25.6162962962963,28.5,29.132,0,0
2020-11-29,24.1,25.417037037037037,28.36,29.132,0,0
2020-11-30,25.7,25.262222222222228,28.3,29.132,0,0
2020-12-01,26.6,25.111851851851856,28.16,28.827999999999996,0,0
2020-12-02,27.6,24.943703703703704,28.16,28.827999999999996,0,0
2020-12-03,27.9,24.766666666666666,27.49,28.827999999999996,1,0
2020-12-04,28.3,24.48,27.23,27.955999999999992,1,1
2020-12-05,28.4,24.226666666666667,26.9,27.332,1,1
2020-12-06,28.6,24.005185185185184,26.63,27.232,1,1
2020-12-07,26.9,23.799259259259262,26.5,26.995999999999995,1,0
2020-12-08,27.1,23.560000000000002,26.43,26.5,1,1
2020-12-09,27.8,23.385925925925925,26.43,26.5,1,1
2020-12-10,27.0,23.247407407407405,26.43,26.5,1,1
2020-12-11,22.2,23.106666666666666,26.43,26.5,0,0
2020-12-12,24.7,22.982222222222227,26.5,26.532,0,0
2020-12-13,22.0,22.88888888888889,26.5,26.532,0,0
2020-12-14,21.3,22.83037037037037,26.43,26.532,0,0
2020-12-15,20.1,22.71925925925926,26.43,26.532,0,0
2020-12-16,19.6,22.572592592592596,26.259999999999998,26.532,0,0
2020-12-17,18.7,22.434814814814814,26.13,26.532,0,0
2020-12-18,20.6,22.28222222222222,26.0,26.432,0,0
2020-12-19,22.3,22.22,25.83,26.132,0,0
2020-12-20,23.5,22.214814814814815,25.66,26.032,0,0
2020-12-21,24.0,22.200740740740745,25.66,26.1,0,0
2020-12-22,22.6,22.194074074074074,25.83,26.1,0,0
2020-12-23,22.4,22.1637037037037,25.83,26.1,0,0
2020-12-24,22.2,22.06888888888889,25.83,26.1,0,0
2020-12-25,21.7,22.02074074074074,25.83,26.1,0,0
2020-12-26,22.5,21.94666666666667,25.83,26.1,0,0
2020-12-27,22.9,21.88296296296296,25.66,26.1,0,0
2020-12-28,18.6,21.78814814814815,25.83,26.1,0,0
2020-12-29,19.1,21.66444444444444,25.69,26.1,0,0
2020-12-30,18.1,21.55185185185185,25.69,26.032,0,0
2020-12-31,18.3,21.482222222222227,25.6,25.964,0,0
2021-01-01,20.0,21.38740740740741,25.6,25.964,0,0
2021-01-02,20.5,21.31851851851852,25.6,25.964,0,0
2021-01-03,23.9,21.241481481481483,25.6,25.964,0,0
2021-01-04,19.6,21.14888888888889,25.6,25.964,0,0
2021-01-05,22.1,21.106666666666666,25.39,25.9,0,0
2021-01-06,21.5,21.094074074074076,25.16,25.695999999999998,0,0
2021-01-07,21.3,21.042962962962964,25.16,25.9,0,0
2021-01-08,19.5,21.014074074074074,25.39,25.932,0,0
2021-01-09,17.5,20.94962962962963,25.39,25.932,0,0
2021-01-10,19.4,20.920740740740744,25.53,25.932,0,0
2021-01-11,20.1,20.906666666666666,25.6,26.0,0,0
2021-01-12,21.3,20.91777777777778,25.6,26.064,0,0
2021-01-13,20.9,20.931851851851853,25.6,26.095999999999997,0,0
2021-01-14,20.6,20.958518518518524,25.53,26.095999999999997,0,0
2021-01-15,21.2,20.96888888888889,25.36,26.095999999999997,0,0
2021-01-16,22.8,20.98444444444445,25.36,26.095999999999997,0,0
2021-01-17,22.4,21.008888888888887,25.53,26.3,0,0
2021-01-18,22.4,21.005925925925926,25.53,26.3,0,0
2021-01-19,23.7,20.97111111111111,25.53,26.3,0,0
2021-01-20,24.4,20.938518518518517,25.53,26.3,0,0
2021-01-21,25.4,20.916296296296295,25.29,26.3,1,0
2021-01-22,23.9,21.02222222222222,25.65,26.364,0,0
2021-01-23,25.0,21.19037037037037,26.09,26.891999999999996,0,0
2021-01-24,21.7,21.415555555555557,26.3,27.364,0,0
2021-01-25,19.9,21.641481481481485,26.36,27.755999999999993,0,0
2021-01-26,19.6,21.79407407407407,26.56,27.891999999999996,0,0
2021-01-27,20.9,21.91185185185185,26.419999999999998,27.891999999999996,0,0
2021-01-28,21.1,22.077037037037034,26.56,27.891999999999996,0,0
2021-01-29,21.5,22.204444444444448,26.56,27.891999999999996,0,0
2021-01-30,22.4,22.344444444444445,26.56,27.891999999999996,0,0
2021-01-31,22.5,22.494814814814816,26.56,27.891999999999996,0,0
2021-02-01,24.6,22.624444444444446,26.43,27.891999999999996,0,0
2021-02-02,26.5,22.77037037037037,26.43,27.891999999999996,1,0
2021-02-03,27.4,22.97037037037037,26.74,28.332,1,0
2021-02-04,25.4,23.157777777777778,27.36,28.332,0,0
2021-02-05,23.0,23.353333333333335,27.36,28.332,0,0
2021-02-06,23.3,23.558518518518515,27.419999999999998,28.432,0,0
2021-02-07,24.7,23.775555555555552,27.279999999999998,28.564,0,0
2021-02-08,26.3,23.991111111111113,27.9,28.7,0,0
2021-02-09,27.5,24.215555555555557,28.7,29.295999999999996,0,0
2021-02-10,28.8,24.52962962962963,29.29,29.964,0,0
2021-02-11,27.5,24.86814814814815,29.759999999999998,30.227999999999998,0,0
2021-02-12,26.1,25.24814814814815,30.1,30.6,0,0
2021-02-13,26.3,25.611851851851856,30.43,30.632,0,0
2021-02-14,27.7,25.944444444444446,30.6,31.464,0,0
2021-02-15,27.7,26.259999999999998,30.79,31.632,0,0
2021-02-16,28.4,26.584444444444443,31.09,31.732,0,0
2021-02-17,27.8,26.886666666666667,31.3,31.732,0,0
2021-02-18,27.1,27.188148148148148,31.3,31.732,0,0
2021-02-19,27.6,27.39037037037037,31.3,31.732,0,0
2021-02-20,27.5,27.606666666666666,31.33,31.8,0,0
2021-02-21,29.0,27.780740740740743,31.459999999999997,31.8,0,0
2021-02-22,30.6,27.907751937984496,31.52,31.8,0,0
2021-02-23,31.6,28.001550387596897,31.66,31.888,0,0
2021-02-24,31.7,28.03953488372093,31.759999999999998,32.276,0,0
2021-02-25,31.9,28.040310077519383,31.919999999999998,32.843999999999994,0,0
2021-02-26,33.1,27.988372093023255,32.06,32.843999999999994,1,1
2021-02-27,32.9,27.848062015503874,32.06,32.843999999999994,1,1
2021-02-28,31.1,27.729457364341087,32.06,32.843999999999994,0,0
2021-03-01,30.6,27.664341085271317,32.06,32.843999999999994,0,0
2021-03-02,30.4,27.677519379844966,31.88,32.843999999999994,0,0
2021-03-03,31.5,27.696124031007752,31.959999999999997,32.843999999999994,0,0
2021-03-04,32.8,27.78604651162791,32.4,32.9,1,0
2021-03-05,33.1,27.979844961240307,32.72,32.988,1,1
2021-03-06,34.4,28.12480620155039,32.86,33.42,1,1
2021-03-07,34.7,28.212403100775195,32.9,34.052,1,1
2021-03-08,33.6,28.274814814814818,32.96,34.564,1,0
2021-03-09,33.9,28.377777777777776,33.13,35.30799999999999,1,0
2021-03-10,33.1,28.574814814814818,33.35,37.047999999999995,0,0
2021-03-11,33.1,28.75037037037037,33.589999999999996,37.047999999999995,0,0
2021-03-12,32.0,29.025185185185183,34.56,38.032,0,0
2021-03-13,31.8,29.334814814814813,35.279999999999994,38.032,0,0
2021-03-14,32.1,29.672592592592594,36.46,38.032,0,0
2021-03-15,32.2,29.97851851851852,36.75,38.032,0,0
2021-03-16,33.7,30.35185185185185,36.75,38.032,0,0
2021-03-17,34.1,30.75333333333333,36.89,38.032,0,0
2021-03-18,31.7,31.172592592592586,37.13,38.032,0,0
2021-03-19,30.5,31.457037037037036,37.2,38.032,0,0
2021-03-20,33.8,31.75333333333333,37.53,38.4,0,0
2021-03-21,34.6,32.15851851851851,38.19,38.596,0,0
2021-03-22,33.6,32.60814814814815,38.43,39.064,0,0
2021-03-23,32.8,33.04148148148148,38.86,39.132,0,0
2021-03-24,32.8,33.400740740740744,39.0,39.232,0,0
2021-03-25,32.5,33.69481481481482,38.86,39.232,0,0
2021-03-26,33.1,34.038518518518515,39.03,39.232,0,0
2021-03-27,36.6,34.37777777777778,39.1,39.331999999999994,0,0
2021-03-28,37.8,34.614814814814814,39.2,39.4,0,0
2021-03-29,39.3,34.85259259259259,39.230000000000004,39.464,1,0
2021-03-30,38.0,35.04666666666666,39.33,39.6,0,0
2021-03-31,36.7,35.21111111111111,39.4,39.664,0,0
2021-04-01,36.0,35.33777777777778,39.4,39.928,0,0
2021-04-02,34.8,35.46370370370371,39.46,40.36,0,0
2021-04-03,34.7,35.6674074074074,39.6,41.019999999999996,0,0
2021-04-04,36.7,35.89259259259259,39.8,41.564,0,0
2021-04-05,39.4,35.92,39.8,41.564,0,0
2021-04-06,39.5,35.974074074074075,39.919999999999995,41.564,0,0
2021-04-07,37.0,36.07555555555556,40.2,41.564,0,0
2021-04-08,35.5,36.267407407407404,40.419999999999995,41.764,0,0
2021-04-09,35.7,36.430370370370376,40.91,41.831999999999994,0,0
2021-04-10,36.3,36.541481481481476,41.43,41.964,0,0
2021-04-11,37.1,36.65555555555556,41.63,42.132,0,0
2021-04-12,38.4,36.80740740740741,41.63,42.132,0,0
2021-04-13,39.5,36.8962962962963,41.7,42.132,0,0
2021-04-14,37.3,36.99037037037037,41.730000000000004,42.232,0,0
2021-04-15,37.6,37.13481481481482,41.730000000000004,42.232,0,0
2021-04-16,37.1,37.20740740740741,41.730000000000004,42.232,0,0
2021-04-17,35.1,37.325185185185184,41.730000000000004,42.232,0,0
2021-04-18,36.3,37.42296296296296,41.63,42.232,0,0
2021-04-19,38.4,37.461481481481485,41.63,42.232,0,0
2021-04-20,37.3,37.64592592592592,41.8,42.3,0,0
2021-04-21,33.3,37.79777777777778,41.9,42.331999999999994,0,0
2021-04-22,34.4,37.87333333333333,41.93,42.331999999999994,0,0
2021-04-23,37.9,37.943703703703704,41.93,42.331999999999994,0,0
2021-04-24,34.9,38.01111111111111,42.13,42.431999999999995,0,0
2021-04-25,36.7,38.099259259259256,42.13,42.4,0,0
2021-04-26,38.4,38.08148148148148,42.03,42.4,0,0
2021-04-27,40.3,38.122962962962966,42.03,42.4,0,0
2021-04-28,41.0,38.23185185185184,42.03,42.4,0,0
2021-04-29,40.2,38.37851851851852,41.93,42.331999999999994,0,0
2021-04-30,37.8,38.539259259259254,42.1,42.331999999999994,0,0
2021-05-01,39.4,38.74814814814815,42.3,42.532,0,0
2021-05-02,35.9,38.95111111111111,42.43,42.632,0,0
2021-05-03,36.4,39.117777777777775,42.5,42.732,0,0
2021-05-04,38.1,39.27037037037037,42.53,42.959999999999994,0,0
2021-05-05,38.4,39.39259259259259,42.6,43.49199999999999,0,0
2021-05-06,39.0,39.479259259259265,42.730000000000004,43.931999999999995,0,0
2021-05-07,37.9,39.638518518518524,42.949999999999996,44.064,0,0
2021-05-08,38.0,39.77407407407407,43.3,44.064,0,0
2021-05-09,38.9,39.88666666666667,43.33,44.064,0,0
2021-05-10,40.0,39.995555555555555,43.56,44.064,0,0
2021-05-11,36.4,40.165925925925926,43.83,44.364,0,0
2021-05-12,35.4,40.3962962962963,44.230000000000004,44.5,0,0
2021-05-13,36.4,40.56740740740741,44.33,44.5,0,0
2021-05-14,37.6,40.705925925925925,44.43,44.628,0,0
2021-05-15,37.7,40.79111111111112,44.43,44.628,0,0
2021-05-16,38.0,40.84666666666667,44.5,44.831999999999994,0,0
2021-05-17,33.9,40.79333333333334,44.5,44.831999999999994,0,0
2021-05-18,26.1,40.783703703703715,44.5,44.9,0,0
2021-05-19,21.7,40.851851851851855,44.5,45.15599999999999,0,0
2021-05-20,31.2,40.907407407407405,44.8,45.796,0,0
2021-05-21,33.6,40.96814814814815,44.83,45.796,0,0
2021-05-22,33.7,40.96962962962963,44.9,46.0,0,0
2021-05-23,32.6,40.879259259259264,44.9,46.0,0,0
2021-05-24,35.3,40.83777777777778,44.9,46.0,0,0
2021-05-25,37.1,40.806666666666665,44.9,46.0,0,0
2021-05-26,38.0,40.75407407407407,44.9,46.0,0,0
2021-05-27,39.3,40.67777777777778,44.9,45.796,0,0
2021-05-28,40.2,40.60296296296296,44.9,45.66,0,0
2021-05-29,39.9,40.53925925925927,44.9,45.66,0,0
2021-05-30,39.6,40.46222222222222,44.9,45.66,0,0
2021-05-31,38.0,40.42000000000001,44.9,45.66,0,0
2021-06-01,37.9,40.42666666666667,44.9,45.66,0,0
2021-06-02,38.0,40.38666666666666,44.9,45.66,0,0
2021-06-03,35.6,40.33037037037037,44.9,45.296,0,0
2021-06-04,35.1,40.221481481481476,44.48,45.064,0,0
2021-06-05,37.3,40.1437037037037,44.16,44.931999999999995,0,0
2021-06-06,37.2,40.022222222222226,44.0,44.9,0,0
2021-06-07,38.8,39.92518518518518,43.86,44.9,0,0
2021-06-08,39.7,39.87851851851851,43.8,44.49199999999999,0,0
2021-06-09,40.3,39.788148148148146,43.8,44.49199999999999,0,0
2021-06-10,40.0,39.7037037037037,43.66,44.288,0,0
2021-06-11,39.9,39.49407407407407,43.53,43.864,0,0
2021-06-12,39.9,39.288888888888884,43.36,43.8,0,0
2021-06-13,38.5,39.099259259259256,43.230000000000004,43.8,0,0
2021-06-14,38.4,38.87259259259259,42.99,43.596,0,0
2021-06-15,37.7,38.62592592592593,42.76,43.364,0,0
2021-06-16,34.6,38.46,42.53,43.364,0,0
2021-06-17,37.8,38.25555555555555,42.33,42.891999999999996,0,0
2021-06-18,37.9,37.99703703703704,42.13,42.532,0,0
2021-06-19,37.9,37.80740740740741,42.03,42.431999999999995,0,0
2021-06-20,35.3,37.55555555555556,41.93,42.431999999999995,0,0
2021-06-21,37.0,37.35259259259259,41.93,42.431999999999995,0,0
2021-06-22,37.6,37.166666666666664,41.93,42.431999999999995,0,0
2021-06-23,38.4,36.92444444444444,41.83,42.431999999999995,0,0
2021-06-24,39.1,36.683703703703706,41.7,42.264,0,0
2021-06-25,37.9,36.45407407407407,41.5,41.864,0,0
2021-06-26,37.4,36.27777777777778,41.43,41.895999999999994,0,0
2021-06-27,38.4,36.13333333333333,41.19,41.895999999999994,0,0
2021-06-28,39.6,35.94,41.03,41.895999999999994,0,0
2021-06-29,40.7,35.784444444444446,40.86,41.596,0,0
2021-06-30,39.4,35.63777777777778,40.8,41.5,0,0
2021-07-01,38.6,35.41703703703704,40.8,41.228,0,0
2021-07-02,38.2,35.237037037037034,40.8,41.228,0,0
2021-07-03,37.5,35.076296296296306,40.8,41.228,0,0
2021-07-04,36.7,34.89185185185186,40.8,41.228,0,0
2021-07-05,36.9,34.694814814814826,40.730000000000004,41.228,0,0
2021-07-06,38.1,34.52444444444445,39.96,40.895999999999994,0,0
2021-07-07,39.1,34.422222222222224,39.83,40.895999999999994,0,0
2021-07-08,38.8,34.30444444444445,39.25,40.732,0,0
2021-07-09,38.8,34.147407407407414,38.04,39.831999999999994,1,0
2021-07-10,36.3,34.00962962962962,37.66,39.26,0,0
2021-07-11,36.4,33.90518518518518,37.25,38.76,0,0
2021-07-12,33.3,33.779259259259256,36.8,38.05599999999999,0,0
2021-07-13,34.2,33.70814814814815,36.63,38.05599999999999,0,0
2021-07-14,34.6,33.608888888888885,36.46,38.05599999999999,0,0
2021-07-15,36.1,33.45851851851852,36.3,38.05599999999999,0,0
2021-07-16,36.1,33.312592592592594,36.230000000000004,37.324,0,0
2021-07-17,38.4,33.18888888888889,36.13,36.623999999999995,1,1
2021-07-18,33.1,32.97037037037037,35.93,36.331999999999994,0,0
2021-07-19,28.3,32.72518518518518,35.76,36.232,0,0
2021-07-20,33.8,32.57925925925927,35.76,36.232,0,0
2021-07-21,32.4,32.44148148148148,35.76,36.232,0,0
2021-07-22,33.6,32.241481481481486,35.76,36.232,0,0
2021-07-23,31.3,32.04666666666667,35.53,35.931999999999995,0,0
2021-07-24,32.6,31.914074074074072,35.46,35.931999999999995,0,0
2021-07-25,34.9,31.768148148148153,35.33,35.931999999999995,0,0
2021-07-26,32.2,31.633333333333333,35.230000000000004,35.9,0,0
2021-07-27,29.8,31.545185185185186,35.230000000000004,35.764,0,0
2021-07-28,30.1,31.425925925925927,35.13,35.632,0,0
2021-07-29,30.1,31.327407407407414,35.03,35.632,0,0
2021-07-30,27.6,31.228888888888893,35.0,35.632,0,0
2021-07-31,26.1,31.140740740740746,34.72,35.632,0,0
2021-08-01,31.3,31.042962962962964,34.39,35.26,0,0
2021-08-02,29.9,31.05925925925926,34.39,35.26,0,0
2021-08-03,29.8,31.102962962962966,33.809999999999995,35.26,0,0
2021-08-04,30.3,31.043703703703702,33.32,35.26,0,0
2021-08-05,31.7,31.03111111111111,33.2,34.76,0,0
2021-08-06,32.7,31.04222222222222,33.13,34.395999999999994,0,0
2021-08-07,31.0,31.03259259259259,33.1,34.395999999999994,0,0
2021-08-08,32.1,31.06888888888889,33.2,34.395999999999994,0,0
2021-08-09,32.9,31.049629629629628,33.26,34.395999999999994,0,0
2021-08-10,32.8,31.034074074074077,33.26,34.3,0,0
2021-08-11,32.2,31.022962962962964,33.43,34.3,0,0
2021-08-12,32.4,30.96740740740741,33.4,34.232,0,0
2021-08-13,32.5,30.951851851851853,33.4,34.232,0,0
2021-08-14,32.3,30.985185185185184,33.43,34.3,0,0
2021-08-15,32.8,31.02666666666667,33.589999999999996,34.364,0,0
2021-08-16,33.6,31.023703703703703,33.589999999999996,34.364,1,0
2021-08-17,35.4,30.987407407407403,33.589999999999996,34.364,1,1
2021-08-18,35.3,30.92814814814815,33.589999999999996,34.364,1,1
2021-08-19,36.1,30.9837037037037,33.589999999999996,34.364,1,1
2021-08-20,33.8,31.006666666666664,33.589999999999996,34.364,1,0
2021-08-21,30.7,31.02148148148148,33.66,34.364,0,0
2021-08-22,31.3,31.06222222222222,33.919999999999995,34.532,0,0
2021-08-23,31.8,31.080740740740737,34.230000000000004,34.532,0,0
2021-08-24,34.9,31.174074074074074,34.3,34.7,1,1
2021-08-25,33.8,31.211851851851854,34.36,34.7,0,0
2021-08-26,32.3,31.19481481481481,34.53,34.891999999999996,0,0
2021-08-27,33.2,31.23407407407407,34.63,35.164,0,0
2021-08-28,33.2,31.258518518518517,34.7,35.232,0,0
2021-08-29,31.9,31.25703703703703,35.03,35.331999999999994,0,0
2021-08-30,31.1,31.26222222222222,35.0,35.232,0,0
2021-08-31,30.6,31.306666666666665,35.0,35.232,0,0
2021-09-01,30.4,31.37037037037037,35.0,35.232,0,0
2021-09-02,30.6,31.49555555555555,35.0,35.232,0,0
2021-09-03,29.7,31.59481481481481,35.03,35.3,0,0
2021-09-04,30.8,31.691111111111105,35.1,35.331999999999994,0,0
2021-09-05,31.3,31.814814814814813,35.13,35.623999999999995,0,0
2021-09-06,32.1,31.92222222222222,35.230000000000004,36.57999999999999,0,0
2021-09-07,31.9,32.00296296296296,35.3,37.632,0,0
2021-09-08,30.4,32.04666666666667,35.33,37.632,0,0
2021-09-09,30.6,32.14666666666666,35.61,37.632,0,0
2021-09-10,29.5,32.26592592592592,36.22,37.632,0,0
2021-09-11,28.8,32.36666666666667,36.56,37.632,0,0
2021-09-12,28.6,32.43777777777778,36.7,37.632,0,0
2021-09-13,30.4,32.58222222222223,36.79,37.632,0,0
2021-09-14,30.7,32.68222222222222,36.79,37.632,0,0
2021-09-15,30.9,32.666666666666664,36.79,37.632,0,0
2021-09-16,32.2,32.66148148148148,36.79,37.632,0,0
2021-09-17,29.1,32.653333333333336,36.79,37.632,0,0
2021-09-18,29.4,32.653333333333336,36.79,37.632,0,0
2021-09-19,29.7,32.61925925925926,36.7,37.6,0,0
2021-09-20,30.4,32.6125925925926,36.7,37.26,0,0
2021-09-21,29.3,32.666666666666664,36.7,37.26,0,0
2021-09-22,29.7,32.734814814814804,36.7,37.26,0,0
2021-09-23,29.4,32.83481481481481,36.7,37.632,0,0
2021-09-24,30.0,32.902222222222214,36.7,37.632,0,0
2021-09-25,30.3,33.0,37.13,37.732,0,0
2021-09-26,29.4,33.105185185185185,37.6,38.064,0,0
2021-09-27,30.0,33.22592592592593,37.730000000000004,38.064,0,0
2021-09-28,31.4,33.24074074074074,37.730000000000004,38.064,0,0
2021-09-29,31.0,33.28074074074074,37.730000000000004,38.064,0,0
2021-09-30,30.3,33.41407407407407,37.730000000000004,38.064,0,0
2021-10-01,31.6,33.522222222222226,37.730000000000004,38.064,0,0
2021-10-02,31.6,33.62222222222222,37.730000000000004,38.064,0,0
2021-10-03,31.9,33.67925925925926,37.730000000000004,38.064,0,0
2021-10-04,31.8,33.74814814814815,37.730000000000004,38.064,0,0
2021-10-05,31.8,33.75925925925926,37.730000000000004,38.064,0,0
2021-10-06,32.2,33.74074074074074,37.730000000000004,38.064,0,0
2021-10-07,33.4,33.74370370370371,37.63,38.0,0,0
2021-10-08,34.1,33.696296296296296,37.39,37.931999999999995,0,0
2021-10-09,34.6,33.63111111111111,37.36,37.931999999999995,0,0
2021-10-10,34.6,33.53407407407408,37.3,37.931999999999995,0,0
2021-10-11,34.1,33.434074074074076,37.03,37.564,0,0
2021-10-12,34.2,33.28962962962963,36.93,37.3,0,0
2021-10-13,34.1,33.22518518518519,36.83,37.164,0,0
2021-10-14,32.9,33.1525925925926,36.8,37.164,0,0
2021-10-15,32.4,33.0962962962963,36.730000000000004,37.096,0,0
2021-10-16,31.9,33.019259259259265,36.43,37.028,0,0
2021-10-17,30.6,32.90518518518519,36.4,37.028,0,0
2021-10-18,25.9,32.79407407407408,36.33,36.959999999999994,0,0
2021-10-19,29.5,32.689629629629636,36.3,36.75599999999999,0,0
2021-10-20,30.4,32.556296296296296,36.3,36.75599999999999,0,0
2021-10-21,30.2,32.379999999999995,35.96,36.687999999999995,0,0
2021-10-22,29.4,32.181481481481484,35.730000000000004,36.331999999999994,0,0
2021-10-23,27.9,32.00518518518519,35.56,36.164,0,0
2021-10-24,26.5,31.842962962962964,35.43,35.964,0,0
2021-10-25,28.4,31.691111111111105,34.96,35.732,0,0
2021-10-26,28.4,31.568148148148147,34.36,35.431999999999995,0,0
2021-10-27,28.4,31.452592592592588,34.089999999999996,35.196,0,0
2021-10-28,29.2,31.29481481481481,33.56,34.628,0,0
2021-10-29,27.8,31.127407407407407,33.5,34.16,0,0
2021-10-30,29.4,30.96888888888889,33.43,33.796,0,0
2021-10-31,30.0,30.808148148148153,33.3,33.564,0,0
2021-11-01,29.3,30.635555555555555,33.16,33.5,0,0
2021-11-02,27.8,30.492592592592594,32.93,33.364,0,0
2021-11-03,28.7,30.333333333333332,32.9,33.3,0,0
2021-11-04,27.7,30.17703703703704,32.9,33.3,0,0
2021-11-05,26.7,30.054074074074073,32.76,33.3,0,0
2021-11-06,28.9,29.934814814814814,32.6,33.096,0,0
2021-11-07,30.1,29.75333333333333,32.53,32.931999999999995,0,0
2021-11-08,29.7,29.5637037037037,32.43,32.632,0,0
2021-11-09,30.3,29.334814814814813,32.019999999999996,32.532,0,0
2021-11-10,29.6,29.052592592592593,31.6,32.331999999999994,0,0
2021-11-11,28.2,28.767407407407404,31.4,31.632,0,0
2021-11-12,27.6,28.516296296296296,31.3,31.532,0,0
2021-11-13,26.7,28.30148148148148,31.3,31.432,0,0
2021-11-14,24.9,28.07259259259259,31.23,31.4,0,0
2021-11-15,24.8,27.850370370370364,31.13,31.3,0,0
2021-11-16,24.5,27.650370370370368,30.759999999999998,31.232,0,0
2021-11-17,23.8,27.42962962962963,30.6,31.2,0,0
2021-11-18,22.5,27.254074074074072,30.53,30.995999999999995,0,0
2021-11-19,22.1,27.124444444444446,30.36,30.764,0,0
2021-11-20,21.1,26.93777777777778,29.66,30.632,0,0
2021-11-21,25.5,26.69037037037037,29.459999999999997,30.023999999999997,0,0
2021-11-22,26.9,26.495555555555555,29.4,29.6,0,0
2021-11-23,25.8,26.34740740740741,29.13,29.464,0,0
2021-11-24,25.3,26.208888888888886,28.89,29.264,0,0
2021-11-25,25.8,26.084444444444443,28.63,29.264,0,0
2021-11-26,26.1,25.976296296296294,28.63,29.264,0,0
2021-11-27,25.7,25.852592592592597,28.53,29.264,0,0
2021-11-28,26.0,25.68740740740741,28.5,29.132,0,0
2021-11-29,25.4,25.537037037037038,28.53,29.132,0,0
2021-11-30,24.6,25.43259259259259,28.43,29.132,0,0
2021-12-01,21.5,25.33777777777778,28.33,28.827999999999996,0,0
2021-12-02,18.7,25.225925925925925,28.33,28.827999999999996,0,0
2021-12-03,22.6,25.09037037037037,28.33,28.827999999999996,0,0
2021-12-04,23.4,24.8437037037037,27.83,28.532,0,0
2021-12-05,23.6,24.632592592592594,27.66,28.432,0,0
2021-12-06,24.2,24.425925925925927,27.459999999999997,28.332,0,0
2021-12-07,24.3,24.224444444444448,27.33,28.027999999999995,0,0
2021-12-08,22.5,23.96814814814815,27.03,28.027999999999995,0,0
2021-12-09,21.9,23.74222222222222,27.03,28.027999999999995,0,0
2021-12-10,22.7,23.533333333333335,26.93,28.027999999999995,0,0
2021-12-11,21.3,23.362222222222222,26.9,27.959999999999997,0,0
2021-12-12,20.3,23.221481481481483,26.9,27.323999999999998,0,0
2021-12-13,21.1,23.118518518518517,26.69,27.032,0,0
2021-12-14,22.0,23.044444444444444,26.53,26.932,0,0
2021-12-15,21.3,22.917037037037037,26.5,26.932,0,0
2021-12-16,21.5,22.731851851851854,26.5,26.9,0,0
2021-12-17,19.3,22.54148148148148,26.259999999999998,26.695999999999998,0,0
2021-12-18,19.4,22.348148148148148,26.0,26.432,0,0
2021-12-19,19.6,22.28,25.83,26.132,0,0
2021-12-20,20.0,22.25925925925926,25.66,26.032,0,0
2021-12-21,21.7,22.262962962962963,25.66,26.1,0,0
2021-12-22,22.2,22.25333333333333,25.83,26.1,0,0
2021-12-23,23.0,22.22814814814815,25.83,26.1,0,0
2021-12-24,23.4,22.152592592592587,25.83,26.1,0,0
2021-12-25,22.9,22.094814814814818,25.83,26.1,0,0
2021-12-26,22.4,22.002962962962965,25.83,26.1,0,0
2021-12-27,20.6,21.899259259259257,25.66,26.1,0,0
2021-12-28,15.3,21.780740740740743,25.83,26.1,0,0
2021-12-29,20.2,21.631851851851852,25.69,26.1,0,0
2021-12-30,18.6,21.51777777777778,25.69,26.032,0,0
2021-12-31,17.6,21.454814814814817,25.6,25.964,0,0
2022-01-01,19.1,21.364444444444445,25.6,25.964,0,0
2022-01-02,19.9,21.265185185185185,25.6,25.964,0,0
2022-01-03,21.3,21.182962962962968,25.6,25.964,0,0
2022-01-04,22.6,21.12814814814815,25.6,25.964,0,0
2022-01-05,15.2,21.184444444444445,25.39,25.9,0,0
2022-01-06,17.1,21.23111111111111,25.16,25.695999999999998,0,0
2022-01-07,19.7,21.254814814814814,25.16,25.9,0,0
2022-01-08,19.4,21.293333333333337,25.39,25.932,0,0
2022-01-09,18.4,21.262222222222224,25.39,25.932,0,0
2022-01-10,17.4,21.268888888888892,25.53,25.932,0,0
2022-01-11,16.6,21.25925925925926,25.6,26.0,0,0
2022-01-12,15.9,21.324444444444445,25.6,26.064,0,0
2022-01-13,16.1,21.316296296296294,25.6,26.095999999999997,0,0
2022-01-14,16.7,21.354814814814816,25.53,26.095999999999997,0,0
2022-01-15,16.3,21.375555555555554,25.43,26.095999999999997,0,0
2022-01-16,17.4,21.44888888888889,25.43,26.095999999999997,0,0
2022-01-17,17.0,21.510370370370367,25.53,26.3,0,0
2022-01-18,19.2,21.507407407407406,25.53,26.3,0,0
2022-01-19,19.4,21.462962962962962,25.53,26.3,0,0
2022-01-20,20.5,21.41111111111111,25.53,26.3,0,0
2022-01-21,19.4,21.365185185185183,25.43,26.3,0,0
2022-01-22,20.9,21.44148148148148,25.65,26.364,0,0
2022-01-23,17.1,21.564444444444444,26.09,26.891999999999996,0,0
2022-01-24,17.6,21.7362962962963,26.3,27.364,0,0
2022-01-25,17.9,21.914814814814815,26.36,27.755999999999993,0,0
2022-01-26,17.4,22.068148148148147,26.56,27.891999999999996,0,0
2022-01-27,18.1,22.20148148148148,26.88,27.891999999999996,0,0
2022-01-28,19.5,22.366666666666667,26.88,27.891999999999996,0,0
2022-01-29,21.6,22.46740740740741,26.88,27.891999999999996,0,0
2022-01-30,23.6,22.59259259259259,26.88,27.891999999999996,0,0
2022-01-31,24.3,22.684444444444445,26.88,27.891999999999996,0,0
2022-02-01,25.6,22.788888888888888,26.74,27.891999999999996,0,0
2022-02-02,23.2,22.954814814814817,27.33,27.891999999999996,0,0
2022-02-03,21.0,23.182222222222226,27.5,28.432,0,0
2022-02-04,21.5,23.37851851851852,27.56,28.432,0,0
2022-02-05,20.6,23.57777777777778,27.56,28.432,0,0
2022-02-06,22.3,23.80148148148148,27.7,28.564,0,0
2022-02-07,24.7,24.047407407407405,27.7,28.7,0,0
2022-02-08,25.6,24.29259259259259,28.049999999999997,28.732,0,0
2022-02-09,22.8,24.535555555555558,28.73,29.295999999999996,0,0
2022-02-10,22.9,24.832592592592594,29.29,29.964,0,0
2022-02-11,23.5,25.132592592592598,29.759999999999998,30.227999999999998,0,0
2022-02-12,24.0,25.48148148148148,30.1,30.6,0,0
2022-02-13,23.9,25.83185185185185,30.43,30.632,0,0
2022-02-14,25.0,26.164444444444445,30.6,31.464,0,0
2022-02-15,25.5,26.486666666666665,30.79,31.632,0,0
2022-02-16,26.9,26.822962962962965,31.33,31.732,0,0
2022-02-17,26.8,27.118518518518517,31.459999999999997,31.732,0,0
2022-02-18,25.9,27.40888888888889,31.6,31.8,0,0
2022-02-19,27.9,27.620740740740743,31.63,31.832,0,0
2022-02-20,26.9,27.867407407407406,31.73,32.16,0,0
2022-02-21,28.0,28.0562962962963,31.73,32.16,0,0
2022-02-22,29.7,28.175193798449612,31.759999999999998,32.22,0,0
2022-02-23,29.3,28.27829457364341,31.8,32.276,0,0
2022-02-24,27.9,28.320155038759687,31.959999999999997,32.843999999999994,0,0
2022-02-25,27.5,28.334108527131786,32.339999999999996,32.9,0,0
2022-02-26,27.8,28.309302325581392,32.8,32.9,0,0
2022-02-27,26.7,28.202325581395346,32.8,32.988,0,0
2022-02-28,26.7,28.12248062015504,32.86,33.1,0,0
2022-03-01,27.2,28.110077519379843,32.9,33.644,0,0
2022-03-02,28.4,28.131007751937986,33.019999999999996,33.788000000000004,0,0
2022-03-03,28.8,28.14186046511628,33.1,33.788000000000004,0,0
2022-03-04,28.1,28.209302325581394,33.1,33.788000000000004,0,0
2022-03-05,29.1,28.35736434108527,33.1,33.788000000000004,0,0
2022-03-06,28.8,28.431782945736433,33.160000000000004,34.12,0,0
2022-03-07,29.8,28.450387596899226,33.160000000000004,34.12,0,0
2022-03-08,29.8,28.459259259259262,33.13,34.059999999999995,0,0
2022-03-09,30.6,28.501481481481484,33.32,34.059999999999995,0,0
2022-03-10,30.3,28.64740740740741,33.63,34.196,0,0
2022-03-11,31.6,28.768148148148146,33.32,34.196,0,0
2022-03-12,32.6,28.951851851851853,33.63,34.196,0,0
2022-03-13,34.7,29.20740740740741,33.83,34.431999999999995,1,1
2022-03-14,36.6,29.48148148148148,33.83,34.532,1,1
2022-03-15,38.0,29.724444444444448,33.9,34.632,1,1
2022-03-16,38.5,30.046666666666663,34.53,34.99199999999999,1,1
2022-03-17,39.0,30.397777777777776,34.86,35.596,1,1
2022-03-18,36.4,30.766666666666666,35.19,35.995999999999995,1,1
2022-03-19,38.1,31.009629629629625,35.730000000000004,36.528,1,1
2022-03-20,37.1,31.29703703703704,36.46,36.928,1,1
2022-03-21,37.6,31.716296296296303,37.13,37.99199999999999,1,0
2022-03-22,37.2,32.198518518518526,37.83,39.064,0,0
2022-03-23,35.9,32.666666666666664,38.12,39.132,0,0
2022-03-24,36.3,33.04,38.12,39.132,0,0
2022-03-25,36.5,33.358518518518515,38.4,39.132,0,0
2022-03-26,37.2,33.71333333333333,38.49,39.132,0,0
2022-03-27,38.4,34.071111111111115,38.79,39.2,0,0
2022-03-28,38.8,34.312592592592594,39.03,39.2,0,0
2022-03-29,39.4,34.572592592592585,39.13,39.3,1,1
2022-03-30,39.1,34.79259259259259,39.2,39.331999999999994,0,0
2022-03-31,39.6,34.95259259259258,39.2,39.331999999999994,1,1
2022-04-01,37.6,35.05925925925926,39.2,39.331999999999994,0,0
2022-04-02,38.0,35.16740740740741,39.2,39.331999999999994,0,0
2022-04-03,39.8,35.36,39.2,39.331999999999994,1,1
2022-04-04,39.4,35.56592592592593,39.2,39.431999999999995,1,0
2022-04-05,39.4,35.591111111111104,39.2,39.431999999999995,1,0
2022-04-06,39.6,35.651111111111106,39.2,39.596,1,1
2022-04-07,40.7,35.74666666666667,39.26,39.928,1,1
2022-04-08,41.7,35.943703703703704,39.5,40.232,1,1
2022-04-09,42.1,36.095555555555556,39.919999999999995,40.788,1,1
2022-04-10,41.9,36.19037037037037,40.2,41.528,1,1
2022-04-11,41.5,36.30296296296296,40.230000000000004,41.928,1,0
2022-04-12,39.7,36.45851851851852,40.36,41.928,0,0
2022-04-13,38.8,36.52444444444444,40.68,41.928,0,0
2022-04-14,39.2,36.59703703703704,41.19,42.232,0,0
2022-04-15,39.8,36.739259259259256,41.19,42.232,0,0
2022-04-16,40.2,36.84814814814815,41.19,42.232,0,0
2022-04-17,40.5,36.97555555555555,41.49,42.232,0,0
2022-04-18,41.6,37.08740740740741,41.49,42.232,1,0
2022-04-19,40.6,37.141481481481485,41.49,42.232,0,0
2022-04-20,40.4,37.3237037037037,41.730000000000004,42.3,0,0
2022-04-21,36.3,37.45925925925927,41.8,42.3,0,0
2022-04-22,38.4,37.535555555555554,41.8,42.3,0,0
2022-04-23,39.2,37.593333333333334,41.8,42.232,0,0
2022-04-24,40.0,37.65851851851853,41.83,42.232,0,0
2022-04-25,40.4,37.738518518518525,41.730000000000004,42.2,0,0
2022-04-26,40.7,37.733333333333334,41.56,42.132,0,0
2022-04-27,41.9,37.78074074074074,41.56,42.132,1,0
2022-04-28,42.5,37.9037037037037,41.43,42.132,1,1
2022-04-29,42.0,38.06740740740741,41.33,41.964,1,1
2022-04-30,41.7,38.23407407407408,41.589999999999996,42.132,1,0
2022-05-01,42.8,38.41925925925925,41.96,42.3,1,1
2022-05-02,42.4,38.6274074074074,42.13,42.395999999999994,1,1
2022-05-03,40.0,38.79185185185185,42.2,42.464,0,0
2022-05-04,39.5,38.90592592592592,42.230000000000004,42.532,0,0
2022-05-05,39.6,38.974074074074075,42.3,42.532,0,0
2022-05-06,39.7,39.01185185185185,42.33,42.6,0,0
2022-05-07,41.1,39.135555555555555,42.33,42.6,0,0
2022-05-08,42.5,39.258518518518514,42.43,42.632,1,0
2022-05-09,43.3,39.37777777777778,42.6,42.764,1,1
2022-05-10,44.0,39.47851851851851,42.63,43.431999999999995,1,1
2022-05-11,43.9,39.56074074074075,42.93,43.732,1,1
2022-05-12,44.3,39.63259259259259,43.43,44.431999999999995,1,0
2022-05-13,44.5,39.721481481481476,43.56,44.5,1,1
2022-05-14,44.2,39.81925925925926,43.919999999999995,44.628,1,0
2022-05-15,43.3,39.88,43.99,44.628,0,0
2022-05-16,40.5,39.94518518518519,44.26,44.831999999999994,0,0
2022-05-17,41.5,39.91037037037037,44.26,44.831999999999994,0,0
2022-05-18,41.6,39.92000000000001,44.43,44.9,0,0
2022-05-19,44.5,40.028888888888886,44.5,45.15599999999999,1,0
2022-05-20,43.5,40.150370370370375,44.8,45.796,0,0
2022-05-21,39.8,40.27481481481482,44.83,45.796,0,0
2022-05-22,40.2,40.316296296296294,44.9,46.0,0,0
2022-05-23,35.8,40.258518518518514,44.9,46.0,0,0
2022-05-24,37.2,40.205185185185194,44.9,46.0,0,0
2022-05-25,38.5,40.20592592592592,44.9,46.0,0,0
2022-05-26,40.0,40.24222222222222,44.9,46.0,0,0
2022-05-27,39.3,40.28592592592593,44.9,45.796,0,0
2022-05-28,39.7,40.2437037037037,44.9,45.66,0,0
2022-05-29,41.1,40.19259259259259,44.9,45.66,0,0
2022-05-30,40.8,40.13925925925926,44.9,45.66,0,0
2022-05-31,42.1,40.095555555555556,44.9,45.66,0,0
2022-06-01,41.2,40.10666666666666,44.9,45.66,0,0
2022-06-02,41.5,40.072592592592585,44.9,45.66,0,0
2022-06-03,42.2,40.01777777777777,44.9,45.296,0,0
2022-06-04,43.0,39.89703703703703,44.48,45.064,0,0
2022-06-05,41.8,39.8074074074074,44.16,44.931999999999995,0,0
2022-06-06,40.5,39.68518518518518,44.0,44.9,0,0
2022-06-07,42.2,39.61999999999999,43.86,44.9,0,0
2022-06-08,41.0,39.59333333333333,43.8,44.49199999999999,0,0
2022-06-09,40.9,39.5,43.8,44.49199999999999,0,0
2022-06-10,41.8,39.44814814814815,43.66,44.288,0,0
2022-06-11,41.5,39.28888888888889,43.53,43.864,0,0
2022-06-12,41.0,39.18074074074074,43.36,43.8,0,0
2022-06-13,39.8,39.04888888888888,43.230000000000004,43.8,0,0
2022-06-14,35.3,38.877037037037034,42.99,43.596,0,0
2022-06-15,39.1,38.68222222222222,42.76,43.364,0,0
2022-06-16,38.3,38.54222222222223,42.53,43.364,0,0
2022-06-17,36.9,38.355555555555554,42.33,42.891999999999996,0,0
2022-06-18,37.7,38.10814814814815,42.13,42.532,0,0
2022-06-19,32.7,37.91777777777777,42.03,42.431999999999995,0,0
2022-06-20,32.0,37.67407407407408,41.93,42.431999999999995,0,0
2022-06-21,32.9,37.46666666666667,41.93,42.431999999999995,0,0
2022-06-22,34.0,37.2637037037037,41.93,42.431999999999995,0,0
2022-06-23,36.2,37.08,41.83,42.431999999999995,0,0
2022-06-24,37.3,36.92074074074073,41.7,42.264,0,0
2022-06-25,38.2,36.72518518518518,41.43,41.864,0,0
2022-06-26,39.1,36.58518518518518,41.19,41.895999999999994,0,0
2022-06-27,38.4,36.425185185185185,41.03,41.895999999999994,0,0
2022-06-28,41.5,36.22296296296297,40.86,41.895999999999994,1,0
2022-06-29,39.9,36.06666666666667,40.8,41.596,0,0
2022-06-30,32.9,35.930370370370376,40.8,41.228,0,0
2022-07-01,31.3,35.72296296296297,40.730000000000004,41.032,0,0
2022-07-02,32.7,35.5688888888889,40.730000000000004,41.032,0,0
2022-07-03,32.4,35.44074074074075,40.730000000000004,41.032,0,0
2022-07-04,33.6,35.28962962962963,40.730000000000004,41.032,0,0
2022-07-05,34.8,35.08222222222223,40.7,40.895999999999994,0,0
2022-07-06,34.1,34.93185185185185,40.28,40.895999999999994,0,0
2022-07-07,34.1,34.82962962962963,39.83,40.895999999999994,0,0
2022-07-08,34.8,34.68518518518518,39.25,40.732,0,0
2022-07-09,33.5,34.50370370370371,38.89,39.831999999999994,0,0
2022-07-10,32.2,34.36888888888888,38.66,39.26,0,0
2022-07-11,33.6,34.221481481481476,38.46,39.1,0,0
2022-07-12,34.7,34.025925925925925,38.19,38.895999999999994,0,0
2022-07-13,33.4,33.94148148148148,38.19,38.895999999999994,0,0
2022-07-14,33.8,33.81703703703703,37.98,38.895999999999994,0,0
2022-07-15,33.2,33.63703703703704,37.309999999999995,38.8,0,0
2022-07-16,32.1,33.48222222222223,36.4,38.528,0,0
2022-07-17,32.5,33.32962962962963,36.3,37.324,0,0
2022-07-18,33.8,33.11555555555556,36.230000000000004,36.623999999999995,0,0
2022-07-19,34.6,32.87111111111111,36.03,36.3,0,0
2022-07-20,33.5,32.72962962962963,36.03,36.3,0,0
2022-07-21,31.8,32.58222222222223,36.03,36.3,0,0
2022-07-22,32.6,32.36962962962963,36.03,36.428,0,0
2022-07-23,28.5,32.127407407407404,35.76,36.291999999999994,0,0
2022-07-24,31.2,31.937037037037037,35.63,36.224,0,0
2022-07-25,30.2,31.75777777777778,35.33,35.931999999999995,0,0
2022-07-26,29.3,31.617037037037033,35.230000000000004,35.9,0,0
2022-07-27,30.6,31.56074074074074,35.230000000000004,35.764,0,0
2022-07-28,30.6,31.42962962962963,35.13,35.632,0,0
2022-07-29,31.0,31.33185185185186,35.03,35.632,0,0
2022-07-30,31.1,31.23185185185186,35.0,35.632,0,0
2022-07-31,29.9,31.117037037037043,34.93,35.632,0,0
2022-08-01,29.9,31.012592592592597,34.69,35.26,0,0
2022-08-02,31.4,30.999259259259265,34.39,35.26,0,0
2022-08-03,31.8,31.01925925925926,33.809999999999995,35.26,0,0
2022-08-04,31.6,30.97925925925926,33.32,35.26,0,0
2022-08-05,31.0,30.991111111111113,33.2,34.76,0,0
2022-08-06,31.9,31.024444444444445,33.13,34.395999999999994,0,0
2022-08-07,31.8,31.05037037037037,33.1,34.395999999999994,0,0
2022-08-08,31.6,31.13407407407408,33.2,34.395999999999994,0,0
2022-08-09,32.2,31.14814814814815,33.43,34.395999999999994,0,0
2022-08-10,33.1,31.1837037037037,33.53,34.395999999999994,0,0
2022-08-11,30.4,31.225925925925925,33.919999999999995,34.395999999999994,0,0
2022-08-12,29.6,31.22222222222222,33.919999999999995,34.61999999999999,0,0
2022-08-13,30.4,31.22,33.919999999999995,34.891999999999996,0,0
2022-08-14,31.0,31.24,34.230000000000004,34.891999999999996,0,0
2022-08-15,30.2,31.29259259259259,34.3,35.331999999999994,0,0
2022-08-16,27.7,31.31185185185185,34.3,35.331999999999994,0,0
2022-08-17,30.0,31.308148148148153,34.36,35.331999999999994,0,0
2022-08-18,30.1,31.29037037037037,34.36,35.331999999999994,0,0
2022-08-19,30.4,31.345185185185187,34.36,35.331999999999994,0,0
2022-08-20,31.3,31.366666666666667,34.36,35.331999999999994,0,0
2022-08-21,31.7,31.38444444444444,34.36,35.331999999999994,0,0
2022-08-22,30.6,31.42296296296296,34.53,35.331999999999994,0,0
2022-08-23,28.3,31.41111111111111,34.53,35.331999999999994,0,0
2022-08-24,29.8,31.445925925925923,34.7,35.331999999999994,0,0
2022-08-25,28.5,31.42148148148148,34.7,35.3,0,0
2022-08-26,30.6,31.35185185185185,34.7,35.331999999999994,0,0
2022-08-27,30.6,31.32962962962963,34.7,35.164,0,0
2022-08-28,30.7,31.32666666666666,34.76,35.232,0,0
2022-08-29,30.9,31.33259259259259,35.03,35.331999999999994,0,0
2022-08-30,32.6,31.330370370370368,35.0,35.232,0,0
2022-08-31,32.6,31.338518518518516,35.0,35.232,0,0
2022-09-01,33.4,31.33703703703704,35.0,35.232,0,0
2022-09-02,32.5,31.40296296296296,35.0,35.232,0,0
2022-09-03,32.3,31.463703703703708,35.03,35.3,0,0
2022-09-04,32.0,31.517777777777773,35.1,35.331999999999994,0,0
2022-09-05,31.3,31.59111111111111,35.13,35.623999999999995,0,0
2022-09-06,32.4,31.679999999999996,35.230000000000004,36.57999999999999,0,0
2022-09-07,33.3,31.76740740740741,35.3,37.632,0,0
2022-09-08,34.1,31.823703703703703,35.33,37.632,0,0
2022-09-09,33.3,31.941481481481485,35.61,37.632,0,0
2022-09-10,33.0,32.05407407407407,36.22,37.632,0,0
2022-09-11,31.9,32.14,36.56,37.632,0,0
2022-09-12,32.9,32.18518518518518,36.7,37.632,0,0
2022-09-13,31.9,32.30148148148149,36.79,37.632,0,0
2022-09-14,31.3,32.3688888888889,36.79,37.632,0,0
2022-09-15,31.2,32.37333333333333,36.79,37.632,0,0
2022-09-16,32.8,32.408888888888896,36.79,37.632,0,0
2022-09-17,31.9,32.4362962962963,36.79,37.632,0,0
2022-09-18,34.0,32.46148148148149,36.79,37.632,0,0
2022-09-19,34.4,32.43925925925926,36.7,37.6,0,0
2022-09-20,34.2,32.452592592592595,36.7,37.26,0,0
2022-09-21,34.0,32.5125925925926,36.7,37.26,0,0
2022-09-22,28.4,32.575555555555546,36.7,37.26,0,0
2022-09-23,27.6,32.657037037037036,36.7,37.632,0,0
2022-09-24,27.9,32.71629629629629,36.7,37.632,0,0
2022-09-25,30.4,32.82370370370369,37.13,37.732,0,0
2022-09-26,30.9,32.95481481481481,37.6,38.064,0,0
2022-09-27,31.6,33.099259259259256,37.730000000000004,38.064,0,0
2022-09-28,32.1,33.13777777777777,37.730000000000004,38.064,0,0
2022-09-29,32.3,33.21333333333333,37.730000000000004,38.064,0,0
2022-09-30,33.1,33.388888888888886,37.730000000000004,38.064,0,0
2022-10-01,33.3,33.54888888888889,37.730000000000004,38.064,0,0
2022-10-02,33.1,33.689629629629636,37.730000000000004,38.064,0,0
2022-10-03,33.0,33.78666666666667,37.730000000000004,38.064,0,0
2022-10-04,33.3,33.906666666666666,37.730000000000004,38.064,0,0
2022-10-05,32.4,33.960740740740746,37.730000000000004,38.064,0,0
2022-10-06,32.1,33.980000000000004,37.730000000000004,38.064,0,0
2022-10-07,26.4,34.016296296296304,37.63,38.0,0,0
2022-10-08,25.3,34.00962962962963,37.39,37.931999999999995,0,0
2022-10-09,27.0,33.97851851851851,37.36,37.931999999999995,0,0
2022-10-10,29.3,33.90222222222222,37.3,37.931999999999995,0,0
2022-10-11,28.7,33.78074074074075,37.03,37.564,0,0
2022-10-12,30.0,33.64370370370371,36.93,37.3,0,0
2022-10-13,29.7,33.589629629629634,36.83,37.164,0,0
2022-10-14,29.7,33.51703703703704,36.8,37.164,0,0
2022-10-15,29.7,33.40148148148149,36.730000000000004,37.096,0,0
2022-10-16,29.0,33.24740740740741,36.43,37.028,0,0
2022-10-17,29.3,33.05703703703704,36.4,37.028,0,0
2022-10-18,29.9,32.894814814814815,36.33,36.959999999999994,0,0
2022-10-19,30.0,32.73111111111112,36.3,36.75599999999999,0,0
2022-10-20,29.6,32.544444444444444,36.3,36.75599999999999,0,0
2022-10-21,30.1,32.318518518518516,35.96,36.687999999999995,0,0
2022-10-22,30.4,32.07555555555556,35.730000000000004,36.331999999999994,0,0
2022-10-23,29.5,31.87333333333333,35.56,36.164,0,0
2022-10-24,29.2,31.690370370370374,35.43,35.964,0,0
2022-10-25,30.0,31.525185185185183,34.96,35.732,0,0
2022-10-26,31.0,31.40148148148148,34.36,35.431999999999995,0,0
2022-10-27,31.4,31.269629629629627,34.089999999999996,35.196,0,0
2022-10-28,31.5,31.071111111111115,33.56,34.628,0,0
2022-10-29,30.6,30.8562962962963,33.5,34.16,0,0
2022-10-30,30.2,30.68592592592593,33.43,33.796,0,0
2022-10-31,29.9,30.531851851851854,33.3,33.564,0,0
2022-11-01,29.8,30.38888888888889,33.16,33.5,0,0
2022-11-02,31.9,30.273333333333333,32.9,33.364,0,0
2022-11-03,31.4,30.14074074074074,32.76,33.3,0,0
2022-11-04,32.4,30.005925925925926,32.76,33.3,0,0
2022-11-05,33.0,29.90296296296296,32.63,33.3,1,0
2022-11-06,31.5,29.796296296296294,32.6,33.028,0,0
2022-11-07,30.8,29.606666666666666,32.5,32.764,0,0
2022-11-08,28.4,29.397777777777776,32.3,32.6,0,0
2022-11-09,28.2,29.157777777777778,31.63,32.364,0,0
2022-11-10,28.6,28.89111111111111,31.4,31.7,0,0
2022-11-11,28.3,28.6037037037037,31.3,31.464,0,0
2022-11-12,27.2,28.357037037037035,31.23,31.4,0,0
2022-11-13,27.8,28.14962962962963,31.23,31.4,0,0
2022-11-14,26.8,27.925925925925924,31.23,31.4,0,0
2022-11-15,27.3,27.71407407407407,31.13,31.3,0,0
2022-11-16,26.5,27.506666666666664,30.759999999999998,31.232,0,0
2022-11-17,25.8,27.27037037037037,30.6,31.2,0,0
2022-11-18,25.5,27.091111111111108,30.53,30.995999999999995,0,0
2022-11-19,26.2,26.96074074074074,30.36,30.764,0,0
2022-11-20,26.4,26.77037037037037,29.66,30.632,0,0
2022-11-21,27.4,26.539999999999996,29.459999999999997,30.023999999999997,0,0
2022-11-22,26.2,26.362962962962964,29.4,29.6,0,0
2022-11-23,25.5,26.231111111111108,29.13,29.464,0,0
2022-11-24,25.3,26.09037037037037,28.89,29.264,0,0
2022-11-25,25.3,25.945925925925923,28.63,29.264,0,0
2022-11-26,26.3,25.848148148148148,28.63,29.264,0,0
2022-11-27,25.8,25.747407407407408,28.53,29.264,0,0
2022-11-28,24.8,25.62666666666667,28.5,29.132,0,0
2022-11-29,24.9,25.493333333333336,28.53,29.132,0,0
2022-11-30,24.9,25.37925925925926,28.43,29.132,0,0
2022-12-01,23.8,25.2562962962963,28.33,28.827999999999996,0,0
2022-12-02,23.4,25.119259259259263,28.33,28.827999999999996,0,0
2022-12-03,24.2,24.96074074074074,28.33,28.827999999999996,0,0
2022-12-04,24.4,24.677777777777777,27.83,28.532,0,0
2022-12-05,22.9,24.421481481481482,27.66,28.432,0,0
2022-12-06,23.8,24.16962962962963,27.459999999999997,28.332,0,0
2022-12-07,24.9,23.941481481481485,27.33,28.027999999999995,0,0
2022-12-08,26.0,23.666666666666668,27.03,28.027999999999995,0,0
2022-12-09,25.3,23.44074074074074,27.03,28.027999999999995,0,0
2022-12-10,25.3,23.228888888888893,26.93,28.027999999999995,0,0
2022-12-11,26.4,23.036296296296296,26.9,27.959999999999997,0,0
2022-12-12,26.5,22.871111111111112,26.9,27.323999999999998,0,0
2022-12-13,26.0,22.73259259259259,26.69,27.032,0,0
2022-12-14,25.1,22.64666666666667,26.53,26.932,0,0
2022-12-15,24.1,22.52074074074074,26.5,26.932,0,0
2022-12-16,23.8,22.374074074074073,26.29,26.9,0,0
2022-12-17,24.4,22.227407407407405,26.03,26.695999999999998,0,0
2022-12-18,23.9,22.077037037037037,25.66,26.132,0,0
2022-12-19,23.9,22.066666666666666,25.459999999999997,26.032,0,0
2022-12-20,24.1,22.080000000000002,25.459999999999997,26.032,0,0
2022-12-21,22.9,22.061481481481483,25.66,26.1,0,0
2022-12-22,22.6,22.05111111111111,25.83,26.1,0,0
2022-12-23,21.3,22.00074074074074,25.83,26.1,0,0
2022-12-24,20.9,21.91111111111111,25.83,26.1,0,0
2022-12-25,19.7,21.897777777777776,25.83,26.1,0,0
2022-12-26,19.7,21.843703703703703,25.83,26.1,0,0
2022-12-27,22.2,21.791111111111114,25.66,26.1,0,0
2022-12-28,23.2,21.68074074074074,25.83,26.1,0,0
2022-12-29,23.4,21.591851851851853,25.69,26.1,0,0
2022-12-30,24.8,21.513333333333335,25.69,26.032,0,0
2022-12-31,21.8,21.44962962962963,25.6,25.964,0,0
2023-01-01,19.7,21.30074074074074,25.6,25.964,0,0
2023-01-02,19.1,21.196296296296296,25.6,25.964,0,0
2023-01-03,19.3,21.10666666666667,25.6,25.964,0,0
2023-01-04,18.4,21.021481481481484,25.6,25.964,0,0
2023-01-05,18.5,21.02,25.39,25.9,0,0
2023-01-06,18.2,20.99925925925926,25.16,25.695999999999998,0,0
2023-01-07,20.0,20.98740740740741,25.16,25.9,0,0
2023-01-08,23.0,21.01925925925926,25.39,25.932,0,0
2023-01-09,23.5,20.988888888888887,25.39,25.932,0,0
2023-01-10,23.8,20.98074074074074,25.53,25.932,0,0
2023-01-11,23.1,20.96074074074074,25.6,26.0,0,0
2023-01-12,23.5,20.991111111111113,25.6,26.064,0,0
2023-01-13,23.5,21.009629629629632,25.6,26.095999999999997,0,0
2023-01-14,18.2,21.041481481481483,25.53,26.095999999999997,0,0
2023-01-15,16.9,21.066666666666666,25.43,26.095999999999997,0,0
2023-01-16,17.9,21.131851851851852,25.43,26.095999999999997,0,0
2023-01-17,18.2,21.2,25.53,26.3,0,0
2023-01-18,18.6,21.219259259259257,25.53,26.3,0,0
2023-01-19,19.9,21.200740740740738,25.53,26.3,0,0
2023-01-20,20.2,21.18444444444444,25.53,26.3,0,0
2023-01-21,21.4,21.174814814814813,25.43,26.3,0,0
2023-01-22,20.6,21.279999999999998,25.65,26.364,0,0
2023-01-23,21.8,21.437037037037037,26.09,26.891999999999996,0,0
2023-01-24,21.8,21.63777777777778,26.3,27.364,0,0
2023-01-25,21.3,21.85333333333333,26.36,27.755999999999993,0,0
2023-01-26,20.4,22.00074074074074,26.56,27.891999999999996,0,0
2023-01-27,20.9,22.113333333333333,26.88,27.891999999999996,0,0
2023-01-28,22.0,22.251111111111108,26.88,27.891999999999996,0,0
2023-01-29,19.2,22.32888888888889,26.88,27.891999999999996,0,0
2023-01-30,19.6,22.421481481481482,26.88,27.891999999999996,0,0
2023-01-31,20.9,22.542962962962964,26.88,27.891999999999996,0,0
2023-02-01,21.8,22.68,26.74,27.891999999999996,0,0
2023-02-02,23.4,22.845185185185183,27.33,27.891999999999996,0,0
2023-02-03,24.3,23.054074074074077,27.43,28.364,0,0
2023-02-04,24.9,23.240000000000002,27.5,28.364,0,0
2023-02-05,25.7,23.45111111111111,27.5,28.364,0,0
2023-02-06,26.4,23.654074074074074,27.5,28.564,0,0
2023-02-07,25.4,23.854814814814812,27.56,28.7,0,0
2023-02-08,25.4,24.04222222222222,27.759999999999998,28.7,0,0
2023-02-09,26.3,24.228888888888893,28.49,29.064,0,0
2023-02-10,28.4,24.50444444444445,28.93,29.564,0,0
2023-02-11,27.7,24.797777777777778,29.06,29.827999999999996,0,0
2023-02-12,24.9,25.158518518518523,29.79,30.532,0,0
2023-02-13,24.3,25.511111111111113,30.13,30.6,0,0
2023-02-14,27.1,25.84888888888889,30.43,30.727999999999998,0,0
2023-02-15,29.9,26.172592592592594,30.6,31.395999999999997,0,0
2023-02-16,30.7,26.50444444444445,30.93,31.664,0,0
2023-02-17,29.9,26.820740740740742,31.3,31.732,0,0
2023-02-18,30.1,27.134814814814817,31.39,31.8,0,0
2023-02-19,29.7,27.362962962962964,31.6,31.832,0,0
2023-02-20,31.7,27.58962962962963,31.73,32.16,0,0
2023-02-21,31.4,27.75703703703704,31.73,32.16,0,0
2023-02-22,30.2,27.878294573643412,31.759999999999998,32.22,0,0
2023-02-23,29.7,28.001550387596897,31.8,32.276,0,0
2023-02-24,28.6,28.052713178294574,31.959999999999997,32.843999999999994,0,0
2023-02-25,29.8,28.070542635658917,32.339999999999996,32.9,0,0
2023-02-26,29.8,28.05503875968992,32.8,32.9,0,0
2023-02-27,30.3,27.95038759689922,32.8,32.988,0,0
2023-02-28,30.0,27.896124031007755,32.86,33.1,0,0
2023-03-01,29.0,27.949612403100776,32.9,33.644,0,0
2023-03-02,31.0,27.98914728682171,33.019999999999996,33.788000000000004,0,0
2023-03-03,31.4,28.008527131782945,33.1,33.788000000000004,0,0
2023-03-04,31.1,28.106201550387595,33.1,33.788000000000004,0,0
2023-03-05,30.6,28.278294573643407,33.1,33.788000000000004,0,0
2023-03-06,30.3,28.398449612403102,33.44,34.443999999999996,0,0
2023-03-07,29.8,28.471317829457366,33.660000000000004,34.588,0,0
2023-03-08,25.2,28.524444444444445,33.76,34.7,0,0
2023-03-09,28.6,28.64296296296297,34.05,35.30799999999999,0,0
2023-03-10,29.9,28.871111111111112,34.43,37.047999999999995,0,0
2023-03-11,30.0,29.075555555555553,34.56,37.047999999999995,0,0
2023-03-12,31.5,29.357777777777777,34.7,38.032,0,0
2023-03-13,32.4,29.71407407407407,35.279999999999994,38.032,0,0
2023-03-14,32.9,30.068148148148147,36.46,38.032,0,0
2023-03-15,31.9,30.378518518518522,36.75,38.032,0,0
2023-03-16,30.0,30.715555555555557,36.75,38.032,0,0
2023-03-17,30.5,31.102222222222217,36.89,38.032,0,0
2023-03-18,27.7,31.517777777777773,37.13,38.032,0,0
2023-03-19,27.8,31.81111111111111,37.2,38.032,0,0
2023-03-20,25.0,32.151111111111106,37.53,38.4,0,0
2023-03-21,28.3,32.60592592592593,38.19,38.596,0,0
2023-03-22,28.1,33.11555555555556,38.589999999999996,39.232,0,0
2023-03-23,29.3,33.595555555555556,39.0,39.232,0,0
2023-03-24,29.5,34.0,39.03,39.3,0,0
2023-03-25,29.8,34.32592592592592,39.03,39.3,0,0
2023-03-26,28.8,34.672592592592586,39.1,39.3,0,0
2023-03-27,30.2,35.00814814814815,39.13,39.331999999999994,0,0
2023-03-28,31.7,35.22074074074074,39.2,39.4,0,0
2023-03-29,32.0,35.46296296296296,39.33,39.464,0,0
2023-03-30,31.4,35.67777777777778,39.4,39.6,0,0
2023-03-31,26.9,35.839999999999996,39.4,39.664,0,0
2023-04-01,28.1,35.95703703703704,39.43,39.928,0,0
2023-04-02,30.4,36.069629629629624,39.53,40.36,0,0
2023-04-03,32.5,36.24740740740741,39.6,41.019999999999996,0,0
2023-04-04,31.2,36.425925925925924,39.8,41.564,0,0
2023-04-05,32.5,36.425185185185185,39.8,41.564,0,0
2023-04-06,31.2,36.44444444444444,39.919999999999995,41.564,0,0
2023-04-07,33.8,36.492592592592594,40.2,41.564,0,0
2023-04-08,33.5,36.60296296296296,40.419999999999995,41.764,0,0
2023-04-09,34.8,36.70444444444445,40.91,41.831999999999994,0,0
2023-04-10,35.5,36.76074074074074,41.43,41.964,0,0
2023-04-11,37.0,36.8362962962963,41.63,42.132,0,0
2023-04-12,36.1,36.955555555555556,41.63,42.132,0,0
2023-04-13,36.9,37.00666666666666,41.7,42.132,0,0
2023-04-14,37.9,37.022222222222226,41.730000000000004,42.232,0,0
2023-04-15,38.8,37.129629629629626,41.730000000000004,42.232,0,0
2023-04-16,37.5,37.22296296296297,41.730000000000004,42.232,0,0
2023-04-17,38.1,37.35407407407407,41.730000000000004,42.232,0,0
2023-04-18,39.3,37.46740740740741,41.63,42.232,0,0
2023-04-19,37.3,37.53037037037037,41.63,42.232,0,0
2023-04-20,35.5,37.73407407407408,41.8,42.3,0,0
2023-04-21,35.6,37.92370370370371,41.9,42.331999999999994,0,0
2023-04-22,36.2,38.07851851851852,41.93,42.331999999999994,0,0
2023-04-23,33.1,38.2162962962963,41.93,42.331999999999994,0,0
2023-04-24,32.2,38.36740740740741,42.13,42.431999999999995,0,0
2023-04-25,33.8,38.51111111111111,42.13,42.4,0,0
2023-04-26,35.0,38.550370370370366,42.03,42.4,0,0
2023-04-27,35.4,38.62666666666667,42.03,42.4,0,0
2023-04-28,33.3,38.74666666666666,42.03,42.4,0,0
2023-04-29,30.1,38.92666666666667,41.93,42.331999999999994,0,0
2023-04-30,29.9,39.09851851851851,42.1,42.331999999999994,0,0
2023-05-01,28.5,39.26814814814814,42.3,42.532,0,0
2023-05-02,31.4,39.44888888888888,42.43,42.632,0,0
2023-05-03,31.7,39.60222222222222,42.5,42.732,0,0
2023-05-04,32.3,39.7,42.53,42.959999999999994,0,0
2023-05-05,35.1,39.73481481481482,42.6,43.49199999999999,0,0
2023-05-06,36.8,39.7125925925926,42.63,43.931999999999995,0,0
2023-05-07,38.2,39.76444444444445,42.730000000000004,44.064,0,0
2023-05-08,38.5,39.81777777777778,42.949999999999996,44.064,0,0
2023-05-09,39.2,39.84592592592593,43.3,44.064,0,0
2023-05-10,38.9,39.88074074074074,43.56,44.064,0,0
2023-05-11,40.4,39.925185185185185,43.83,44.364,0,0
2023-05-12,42.3,39.977777777777774,44.230000000000004,44.5,0,0
2023-05-13,43.4,40.04814814814815,44.33,44.5,0,0
2023-05-14,42.0,40.10444444444445,44.43,44.628,0,0
2023-05-15,40.9,40.129629629629626,44.43,44.628,0,0
2023-05-16,38.5,40.12444444444444,44.5,44.831999999999994,0,0
2023-05-17,39.4,40.061481481481486,44.5,44.831999999999994,0,0
2023-05-18,38.4,40.06370370370371,44.5,44.9,0,0
2023-05-19,39.9,40.190370370370374,44.5,45.15599999999999,0,0
2023-05-20,41.5,40.34148148148149,44.8,45.796,0,0
2023-05-21,42.5,40.48740740740741,44.83,45.796,0,0
2023-05-22,42.1,40.5762962962963,44.9,46.0,0,0
2023-05-23,41.3,40.54,44.9,46.0,0,0
2023-05-24,36.9,40.54592592592593,44.9,46.0,0,0
2023-05-25,34.4,40.572592592592585,44.9,46.0,0,0
2023-05-26,34.1,40.64518518518519,44.9,46.0,0,0
2023-05-27,33.3,40.69703703703704,44.9,45.796,0,0
2023-05-28,35.7,40.696296296296296,44.9,45.66,0,0
2023-05-29,32.5,40.70740740740741,44.9,45.66,0,0
2023-05-30,35.5,40.68592592592593,44.9,45.66,0,0
2023-05-31,32.1,40.70666666666666,44.9,45.66,0,0
2023-06-01,35.6,40.73851851851851,44.9,45.66,0,0
2023-06-02,33.4,40.68666666666667,44.9,45.66,0,0
2023-06-03,36.5,40.60888888888888,44.9,45.296,0,0
2023-06-04,35.4,40.46074074074074,44.48,45.064,0,0
2023-06-05,36.1,40.35259259259258,44.16,44.931999999999995,0,0
2023-06-06,38.1,40.168148148148155,44.0,44.9,0,0
2023-06-07,39.0,40.03851851851851,43.86,44.9,0,0
2023-06-08,37.9,39.943703703703704,43.8,44.49199999999999,0,0
2023-06-09,39.2,39.83555555555555,43.8,44.49199999999999,0,0
2023-06-10,39.0,39.74074074074074,43.66,44.288,0,0
2023-06-11,39.2,39.58814814814814,43.53,43.864,0,0
2023-06-12,39.5,39.44074074074074,43.36,43.8,0,0
2023-06-13,39.6,39.25925925925926,43.230000000000004,43.8,0,0
2023-06-14,38.7,39.05481481481481,42.99,43.596,0,0
2023-06-15,38.3,38.827407407407414,42.76,43.364,0,0
2023-06-16,34.7,38.666666666666664,42.53,43.364,0,0
2023-06-17,34.6,38.46370370370371,42.33,42.891999999999996,0,0
2023-06-18,31.1,38.241481481481486,42.13,42.532,0,0
2023-06-19,30.4,38.076296296296306,42.03,42.431999999999995,0,0
2023-06-20,33.0,37.855555555555554,41.93,42.431999999999995,0,0
2023-06-21,34.9,37.702222222222225,41.93,42.431999999999995,0,0
2023-06-22,35.2,37.58296296296296,41.93,42.431999999999995,0,0
2023-06-23,35.9,37.39333333333334,41.83,42.431999999999995,0,0
2023-06-24,37.8,37.186666666666675,41.7,42.264,0,0
2023-06-25,32.0,36.96370370370371,41.5,41.864,0,0
2023-06-26,33.4,36.75111111111111,41.43,41.895999999999994,0,0
2023-06-27,33.8,36.55259259259259,41.19,41.895999999999994,0,0
2023-06-28,34.0,36.3562962962963,41.03,41.895999999999994,0,0
2023-06-29,32.0,36.21555555555556,40.86,41.596,0,0
2023-06-30,32.9,36.093333333333334,40.8,41.5,0,0
2023-07-01,34.1,35.900740740740744,40.8,41.228,0,0
2023-07-02,34.1,35.75925925925926,40.8,41.228,0,0
2023-07-03,35.6,35.597777777777786,40.8,41.228,0,0
2023-07-04,36.5,35.40000000000001,40.8,41.228,0,0
2023-07-05,35.0,35.15925925925926,40.730000000000004,41.228,0,0
2023-07-06,34.0,34.94814814814816,40.28,40.895999999999994,0,0
2023-07-07,33.4,34.78888888888889,39.83,40.895999999999994,0,0
2023-07-08,32.5,34.64518518518519,39.25,40.732,0,0
2023-07-09,32.3,34.49185185185185,38.89,39.831999999999994,0,0
2023-07-10,30.5,34.36296296296296,38.66,39.26,0,0
2023-07-11,34.2,34.24814814814815,38.46,39.1,0,0
2023-07-12,34.6,34.08814814814814,38.19,38.895999999999994,0,0
2023-07-13,34.1,33.99777777777778,38.19,38.895999999999994,0,0
2023-07-14,33.6,33.85111111111111,37.98,38.895999999999994,0,0
2023-07-15,33.1,33.653333333333336,37.309999999999995,38.8,0,0
2023-07-16,31.1,33.447407407407404,36.4,38.528,0,0
2023-07-17,33.1,33.26814814814815,36.3,37.324,0,0
2023-07-18,32.6,33.020740740740735,36.230000000000004,36.623999999999995,0,0
2023-07-19,32.7,32.75777777777778,36.03,36.3,0,0
2023-07-20,34.5,32.6037037037037,36.03,36.3,0,0
2023-07-21,34.7,32.449629629629634,36.03,36.3,0,0
2023-07-22,34.3,32.25925925925926,36.03,36.428,0,0
2023-07-23,33.1,32.01259259259259,35.76,36.291999999999994,0,0
2023-07-24,33.6,31.800740740740743,35.63,36.224,0,0
2023-07-25,33.0,31.603703703703705,35.33,35.931999999999995,0,0
2023-07-26,32.4,31.4437037037037,35.230000000000004,35.9,0,0
2023-07-27,32.2,31.366666666666667,35.230000000000004,35.764,0,0
2023-07-28,32.2,31.24,35.13,35.632,0,0
2023-07-29,27.8,31.151111111111113,35.03,35.632,0,0
2023-07-30,31.6,31.054074074074084,35.0,35.632,0,0
2023-07-31,31.8,30.9725925925926,34.93,35.632,0,0
2023-08-01,32.9,30.877777777777776,34.69,35.26,0,0
2023-08-02,32.8,30.882222222222225,34.39,35.26,0,0
2023-08-03,32.7,30.92962962962963,33.809999999999995,35.26,0,0
2023-08-04,32.0,30.881481481481483,33.32,35.26,0,0
2023-08-05,32.7,30.878518518518522,33.13,34.76,0,0
2023-08-06,33.2,30.875555555555554,32.96,34.395999999999994,1,0
2023-08-07,31.9,30.908148148148143,32.83,34.395999999999994,0,0
2023-08-08,32.7,30.98148148148148,32.96,34.395999999999994,0,0
2023-08-09,32.6,30.969629629629626,33.1,34.395999999999994,0,0
2023-08-10,32.5,30.983703703703704,33.13,34.395999999999994,0,0
2023-08-11,33.1,31.00148148148148,33.26,34.395999999999994,0,0
2023-08-12,33.2,30.97851851851852,33.26,34.61999999999999,0,0
2023-08-13,32.1,30.9637037037037,33.26,34.27999999999999,0,0
2023-08-14,30.6,30.972592592592594,33.26,34.27999999999999,0,0
2023-08-15,33.5,30.989629629629633,33.26,34.27999999999999,1,0
2023-08-16,34.2,30.996296296296297,33.26,34.27999999999999,1,0
2023-08-17,34.3,30.9837037037037,33.46,35.028,1,0
2023-08-18,34.3,30.939999999999998,33.66,35.028,1,0
2023-08-19,33.4,30.99703703703704,33.66,35.028,0,0
2023-08-20,34.7,31.030370370370374,33.66,35.028,1,0
2023-08-21,34.5,31.04222222222223,33.66,35.028,1,0
2023-08-22,35.5,31.061481481481483,33.8,35.028,1,1
2023-08-23,31.1,31.06444444444445,33.8,35.028,0,0
2023-08-24,31.4,31.131851851851845,33.949999999999996,35.028,0,0
2023-08-25,31.4,31.12518518518518,33.8,34.764,0,0
2023-08-26,33.0,31.06518518518518,33.8,34.632,0,0
2023-08-27,32.6,31.044444444444444,33.8,34.395999999999994,0,0
2023-08-28,33.2,31.042962962962957,33.8,34.632,0,0
2023-08-29,33.1,31.03407407407407,33.8,34.764,0,0
2023-08-30,33.9,31.048888888888886,33.89,34.764,1,0
2023-08-31,34.7,31.068888888888882,33.89,34.764,1,0
2023-09-01,35.3,31.077037037037034,34.1,34.796,1,1
2023-09-02,35.4,31.16296296296296,34.16,35.0,1,1
2023-09-03,35.1,31.234814814814815,34.53,35.0,1,1
2023-09-04,35.2,31.29407407407407,34.63,35.032,1,1
2023-09-05,36.1,31.3874074074074,34.79,35.164,1,1
2023-09-06,35.0,31.485185185185184,35.0,36.03599999999998,1,0
2023-09-07,34.5,31.568148148148147,35.0,37.632,0,0
2023-09-08,34.4,31.62518518518518,35.03,37.632,0,0
2023-09-09,33.5,31.77851851851852,35.16,37.632,0,0
2023-09-10,33.9,31.931111111111118,35.94,37.632,0,0
2023-09-11,33.2,32.071111111111115,36.56,37.632,0,0
2023-09-12,32.7,32.160000000000004,36.7,37.632,0,0
2023-09-13,32.9,32.32296296296297,36.79,37.632,0,0
2023-09-14,33.2,32.41555555555556,36.79,37.632,0,0
2023-09-15,33.2,32.39333333333334,36.79,37.632,0,0
2023-09-16,29.9,32.40222222222223,36.79,37.632,0,0
2023-09-17,29.4,32.387407407407416,36.79,37.632,0,0
2023-09-18,29.5,32.404444444444444,36.79,37.632,0,0
2023-09-19,31.7,32.37555555555556,36.7,37.6,0,0
2023-09-20,32.7,32.37333333333333,36.7,37.26,0,0
2023-09-21,33.2,32.425185185185185,36.7,37.26,0,0
2023-09-22,33.2,32.48444444444444,36.7,37.26,0,0
2023-09-23,31.5,32.56148148148148,36.7,37.632,0,0
2023-09-24,33.8,32.589629629629634,36.7,37.632,0,0
2023-09-25,32.4,32.661481481481474,37.13,37.732,0,0
2023-09-26,33.1,32.74962962962963,37.6,38.064,0,0
2023-09-27,33.5,32.86074074074074,37.730000000000004,38.064,0,0
2023-09-28,34.2,32.86518518518518,37.730000000000004,38.064,0,0
2023-09-29,34.7,32.90888888888888,37.730000000000004,38.064,0,0
2023-09-30,35.7,33.054074074074066,37.730000000000004,38.064,0,0
2023-10-01,34.6,33.17111111111112,37.730000000000004,38.064,0,0
2023-10-02,35.4,33.29777777777778,37.730000000000004,38.064,0,0
2023-10-03,34.3,33.37555555555556,37.730000000000004,38.064,0,0
2023-10-04,35.1,33.46666666666667,37.730000000000004,38.064,0,0
2023-10-05,35.5,33.501481481481484,37.730000000000004,38.064,0,0
2023-10-06,35.6,33.49777777777778,37.730000000000004,38.064,0,0
2023-10-07,35.3,33.51555555555556,37.63,38.0,0,0
2023-10-08,35.0,33.5,37.39,37.931999999999995,0,0
2023-10-09,34.8,33.44962962962963,37.36,37.931999999999995,0,0
2023-10-10,33.9,33.379259259259264,37.3,37.931999999999995,0,0
2023-10-11,34.8,33.26592592592592,37.03,37.564,0,0
2023-10-12,34.5,33.132592592592594,36.93,37.3,0,0
2023-10-13,34.9,33.08666666666667,36.83,37.164,0,0
2023-10-14,34.6,33.02518518518519,36.8,37.164,0,0
2023-10-15,33.5,32.960740740740746,36.730000000000004,37.096,0,0
2023-10-16,32.9,32.863703703703706,36.43,37.028,0,0
2023-10-17,30.8,32.71555555555556,36.4,37.028,0,0
2023-10-18,30.1,32.577777777777776,36.33,36.959999999999994,0,0
2023-10-19,31.3,32.45407407407408,36.3,36.75599999999999,0,0
2023-10-20,31.6,32.30074074074074,36.3,36.75599999999999,0,0
2023-10-21,32.1,32.114814814814814,35.96,36.687999999999995,0,0
2023-10-22,32.4,31.891111111111112,35.730000000000004,36.331999999999994,0,0
2023-10-23,31.5,31.699259259259257,35.56,36.164,0,0
2023-10-24,31.3,31.522962962962964,35.43,35.964,0,0
2023-10-25,31.3,31.355555555555554,34.96,35.732,0,0
2023-10-26,31.7,31.237037037037037,34.36,35.431999999999995,0,0
2023-10-27,31.4,31.11259259259259,34.089999999999996,35.196,0,0
2023-10-28,31.3,30.94148148148148,33.56,34.628,0,0
2023-10-29,32.9,30.7562962962963,33.5,34.16,0,0
2023-10-30,32.6,30.607407407407408,33.43,33.796,0,0
2023-10-31,32.9,30.463703703703708,33.3,33.564,0,0
2023-11-01,31.6,30.314814814814817,33.16,33.5,0,0
2023-11-02,31.4,30.187407407407406,32.86,33.364,0,0
2023-11-03,31.7,30.05185185185185,32.63,33.3,0,0
2023-11-04,30.7,29.926666666666666,32.63,33.3,0,0
2023-11-05,31.0,29.826666666666664,32.6,33.3,0,0
2023-11-06,30.6,29.746666666666666,32.53,33.096,0,0
2023-11-07,31.4,29.583703703703705,32.5,32.796,0,0
2023-11-08,31.3,29.402222222222225,32.43,32.632,0,0
2023-11-09,31.1,29.178518518518523,32.019999999999996,32.532,0,0
2023-11-10,29.7,28.909629629629627,31.53,32.331999999999994,0,0
2023-11-11,27.0,28.62296296296296,31.33,31.632,0,0
2023-11-12,26.6,28.360740740740738,31.23,31.532,0,0
2023-11-13,26.5,28.133333333333333,31.2,31.432,0,0
2023-11-14,25.6,27.905185185185182,30.99,31.332,0,0
2023-11-15,26.6,27.699259259259257,30.759999999999998,31.3,0,0
2023-11-16,26.1,27.505925925925926,30.63,31.232,0,0
2023-11-17,25.6,27.282222222222224,30.6,31.2,0,0
2023-11-18,25.7,27.107407407407408,30.53,30.995999999999995,0,0
2023-11-19,26.6,26.972592592592594,30.36,30.764,0,0
2023-11-20,27.1,26.807407407407407,29.66,30.632,0,0
2023-11-21,27.1,26.595555555555553,29.459999999999997,30.023999999999997,0,0
2023-11-22,26.0,26.42,29.4,29.6,0,0
2023-11-23,26.5,26.286666666666665,29.13,29.464,0,0
2023-11-24,26.5,26.139259259259262,28.89,29.264,0,0
2023-11-25,25.8,25.986666666666665,28.63,29.264,0,0
2023-11-26,25.6,25.89851851851852,28.63,29.264,0,0
2023-11-27,21.8,25.814074074074075,28.53,29.264,0,0
2023-11-28,21.0,25.6962962962963,28.5,29.132,0,0
2023-11-29,23.5,25.569629629629635,28.53,29.132,0,0
2023-11-30,24.4,25.462962962962962,28.43,29.132,0,0
2023-12-01,24.3,25.360000000000003,28.33,28.827999999999996,0,0
2023-12-02,24.3,25.23851851851852,28.33,28.827999999999996,0,0
2023-12-03,23.1,25.09111111111111,28.33,28.827999999999996,0,0
2023-12-04,22.6,24.826666666666664,27.83,28.532,0,0
2023-12-05,23.2,24.564444444444444,27.66,28.432,0,0
2023-12-06,22.6,24.302222222222223,27.459999999999997,28.332,0,0
2023-12-07,23.7,24.07555555555556,27.33,28.027999999999995,0,0
2023-12-08,24.3,23.805925925925926,27.03,28.027999999999995,0,0
2023-12-09,24.4,23.585185185185185,27.03,28.027999999999995,0,0
2023-12-10,24.3,23.383703703703706,26.93,28.027999999999995,0,0
2023-12-11,23.2,23.19185185185185,26.9,27.959999999999997,0,0
2023-12-12,23.3,23.025185185185187,26.9,27.323999999999998,0,0
2023-12-13,23.6,22.911851851851846,26.69,27.032,0,0
2023-12-14,23.5,22.81703703703704,26.53,26.932,0,0
2023-12-15,22.9,22.677037037037042,26.5,26.932,0,0
2023-12-16,23.6,22.502962962962965,26.5,26.9,0,0
2023-12-17,23.9,22.33555555555556,26.259999999999998,26.695999999999998,0,0
2023-12-18,22.7,22.145185185185188,26.0,26.432,0,0
2023-12-19,22.3,22.071111111111115,25.83,26.132,0,0
2023-12-20,21.0,22.04296296296296,25.66,26.032,0,0
2023-12-21,22.9,22.008148148148152,25.66,26.1,0,0
2023-12-22,23.3,21.99851851851852,25.83,26.1,0,0
2023-12-23,23.3,21.963703703703704,25.83,26.1,0,0
2023-12-24,22.8,21.874814814814815,25.83,26.1,0,0
2023-12-25,24.1,21.85333333333333,25.83,26.1,0,0
2023-12-26,25.1,21.796296296296298,25.83,26.1,0,0
2023-12-27,24.6,21.74666666666667,25.66,26.1,0,0
2023-12-28,23.0,21.644444444444446,25.83,26.1,0,0
2023-12-29,21.7,21.53111111111111,25.69,26.1,0,0
2023-12-30,21.5,21.44962962962963,25.69,26.032,0,0
2023-12-31,21.5,21.39851851851852,25.6,25.964,0,0
2024-01-01,21.0,21.554074074074073,25.6,25.964,0,0
2024-01-02,19.0,21.447407407407404,25.6,25.964,0,0
2024-01-03,17.7,21.35851851851852,25.6,25.964,0,0
2024-01-04,18.1,21.256296296296295,25.6,25.964,0,0
2024-01-05,17.5,21.249629629629627,25.39,25.9,0,0
2024-01-06,18.1,21.215555555555554,25.16,25.695999999999998,0,0
2024-01-07,18.2,21.148888888888887,25.16,25.9,0,0
2024-01-08,19.7,21.114814814814814,25.39,25.932,0,0
2024-01-09,19.9,21.071111111111115,25.39,25.932,0,0
2024-01-10,19.4,21.04222222222222,25.53,25.932,0,0
2024-01-11,20.1,20.993333333333336,25.6,26.0,0,0
2024-01-12,21.1,21.021481481481484,25.6,26.064,0,0
2024-01-13,22.2,21.040740740740745,25.6,26.095999999999997,0,0
2024-01-14,22.6,21.0762962962963,25.53,26.095999999999997,0,0
2024-01-15,21.2,21.08888888888889,25.43,26.095999999999997,0,0
2024-01-16,21.0,21.134814814814813,25.43,26.095999999999997,0,0
2024-01-17,20.9,21.18148148148148,25.53,26.3,0,0
2024-01-18,20.9,21.175555555555555,25.53,26.3,0,0
2024-01-19,19.9,21.125185185185185,25.53,26.3,0,0
2024-01-20,19.1,21.071851851851854,25.53,26.3,0,0
2024-01-21,20.8,21.037777777777777,25.43,26.3,0,0
2024-01-22,20.5,21.135555555555552,25.65,26.364,0,0
2024-01-23,21.1,21.295555555555556,26.09,26.891999999999996,0,0
2024-01-24,21.1,21.49481481481482,26.3,27.364,0,0
2024-01-25,20.3,21.700740740740745,26.36,27.755999999999993,0,0
2024-01-26,21.7,21.869629629629635,26.56,27.891999999999996,0,0
2024-01-27,23.5,21.992592592592594,26.88,27.891999999999996,0,0
2024-01-28,24.0,22.12814814814815,26.88,27.891999999999996,0,0
2024-01-29,24.6,22.231851851851854,26.88,27.891999999999996,0,0
2024-01-30,23.5,22.36592592592593,26.88,27.891999999999996,0,0
2024-01-31,24.2,22.513333333333335,26.88,27.891999999999996,0,0
2024-02-01,25.8,22.676296296296297,26.74,27.891999999999996,0,0
2024-02-02,22.8,22.871111111111112,27.33,27.891999999999996,0,0
2024-02-03,22.9,23.13777777777778,27.5,28.432,0,0
2024-02-04,24.1,23.381481481481483,27.56,28.432,0,0
2024-02-05,21.6,23.630370370370372,27.56,28.432,0,0
2024-02-06,20.7,23.87925925925926,27.7,28.564,0,0
2024-02-07,21.2,24.12814814814815,27.7,28.7,0,0
2024-02-08,21.2,24.377037037037038,28.049999999999997,28.732,0,0
2024-02-09,21.3,24.632592592592598,28.73,29.295999999999996,0,0
2024-02-10,21.9,24.925925925925927,29.29,29.964,0,0
2024-02-11,22.5,25.225185185185186,29.759999999999998,30.227999999999998,0,0
2024-02-12,21.8,25.573333333333334,30.03,30.532,0,0
2024-02-13,23.5,25.925925925925927,30.259999999999998,30.632,0,0
2024-02-14,24.5,26.260740740740747,30.6,31.464,0,0
2024-02-15,24.9,26.600000000000005,30.79,31.632,0,0
2024-02-16,25.4,26.940740740740743,31.33,31.732,0,0
2024-02-17,26.9,27.265925925925927,31.459999999999997,31.732,0,0
2024-02-18,27.9,27.569629629629635,31.6,31.8,0,0
2024-02-19,30.6,27.80888888888889,31.63,31.832,0,0
2024-02-20,27.6,28.05185185185185,31.73,32.16,0,0
2024-02-21,26.1,28.245185185185186,31.73,32.16,0,0
2024-02-22,23.9,28.3765625,31.765,32.23,0,0
2024-02-23,24.3,28.45,31.8,32.284,0,0
2024-02-24,22.4,28.507031249999997,31.965,32.846,0,0
2024-02-25,24.7,28.56015625,32.36,32.9,0,0
2024-02-26,23.1,28.59375,32.8,32.9,0,0
2024-02-27,25.0,28.55234375,32.8,32.992,0,0
2024-02-28,25.7,28.51015625,32.864999999999995,33.1,0,0
2024-02-29,27.4,28.517187500000002,32.9,33.376,0,0
2024-03-01,30.5,28.4828125,32.9,33.646,0,0
2024-03-02,25.0,28.487500000000004,33.03,33.792,0,0
2024-03-03,23.9,28.467968750000004,33.1,33.792,0,0
2024-03-04,22.6,28.5234375,33.1,33.792,0,0
2024-03-05,23.3,28.64453125,33.1,33.792,0,0
2024-03-06,24.6,28.733593750000004,33.46,34.446,0,0
2024-03-07,27.2,28.796875000000004,33.665,34.592,0,0
2024-03-08,26.6,28.843703703703707,33.76,34.7,0,0
2024-03-09,27.7,28.987407407407414,34.05,35.30799999999999,0,0
2024-03-10,28.7,29.178518518518523,34.43,37.047999999999995,0,0
2024-03-11,30.4,29.305925925925926,34.56,37.047999999999995,0,0
2024-03-12,31.5,29.492592592592594,34.7,38.032,0,0
2024-03-13,31.2,29.748148148148147,35.279999999999994,38.032,0,0
2024-03-14,29.9,30.03703703703704,36.46,38.032,0,0
2024-03-15,29.4,30.27407407407408,36.75,38.032,0,0
2024-03-16,28.1,30.57037037037037,36.75,38.032,0,0
2024-03-17,29.5,30.908888888888896,36.89,38.032,0,0
2024-03-18,30.6,31.276296296296305,37.13,38.032,0,0
2024-03-19,32.2,31.513333333333335,37.2,38.032,0,0
2024-03-20,31.3,31.80148148148149,37.53,38.4,0,0
2024-03-21,31.4,32.19777777777778,38.03,38.596,0,0
2024-03-22,35.4,32.641481481481485,38.589999999999996,39.232,0,0
2024-03-23,36.2,33.06814814814815,39.0,39.232,0,0
2024-03-24,35.1,33.4,39.03,39.3,0,0
2024-03-25,35.1,33.67703703703703,39.03,39.3,0,0
2024-03-26,36.8,34.014074074074074,39.1,39.3,0,0
2024-03-27,37.2,34.35925925925926,39.13,39.331999999999994,0,0
2024-03-28,38.4,34.58888888888889,39.2,39.4,0,0
2024-03-29,37.9,34.8437037037037,39.33,39.464,0,0
2024-03-30,36.1,35.089629629629634,39.4,39.6,0,0
2024-03-31,34.8,35.28592592592593,39.4,39.664,0,0
2024-04-01,33.7,35.41555555555556,39.43,39.928,0,0
2024-04-02,34.6,35.54592592592593,39.53,40.36,0,0
2024-04-03,35.6,35.77925925925925,39.6,41.019999999999996,0,0
2024-04-04,35.2,36.010370370370374,39.8,41.564,0,0
2024-04-05,33.9,36.05481481481481,39.8,41.564,0,0
2024-04-06,34.3,36.12222222222223,39.919999999999995,41.564,0,0
2024-04-07,36.1,36.22296296296297,40.2,41.564,0,0
2024-04-08,37.4,36.41851851851852,40.419999999999995,41.764,0,0
2024-04-09,37.7,36.571851851851854,40.91,41.831999999999994,0,0
2024-04-10,36.0,36.668148148148155,41.43,41.964,0,0
2024-04-11,36.9,36.76962962962963,41.63,42.132,0,0
2024-04-12,36.7,36.91481481481482,41.63,42.132,0,0
2024-04-13,36.3,36.97481481481482,41.7,42.132,0,0
2024-04-14,35.5,37.01481481481481,41.730000000000004,42.232,0,0
2024-04-15,35.2,37.136296296296294,41.730000000000004,42.232,0,0
2024-04-16,36.1,37.22592592592593,41.730000000000004,42.232,0,0
2024-04-17,36.9,37.33407407407407,41.730000000000004,42.232,0,0
2024-04-18,38.9,37.41407407407407,41.63,42.232,0,0
2024-04-19,37.8,37.455555555555556,41.63,42.232,0,0
2024-04-20,35.7,37.65333333333332,41.8,42.3,0,0
2024-04-21,35.4,37.80444444444445,41.9,42.331999999999994,0,0
2024-04-22,36.6,37.885185185185186,41.93,42.331999999999994,0,0
2024-04-23,37.5,37.952592592592595,41.93,42.331999999999994,0,0
2024-04-24,38.2,38.052592592592596,42.13,42.431999999999995,0,0
2024-04-25,38.8,38.15925925925926,42.13,42.4,0,0
2024-04-26,37.8,38.148148148148145,42.03,42.4,0,0
2024-04-27,36.8,38.17703703703704,42.03,42.4,0,0
2024-04-28,37.9,38.26518518518519,42.03,42.4,0,0
2024-04-29,37.7,38.41407407407408,41.93,42.331999999999994,0,0
2024-04-30,35.8,38.56,42.03,42.331999999999994,0,0
2024-05-01,34.0,38.73185185185185,42.230000000000004,42.5,0,0
2024-05-02,35.2,38.93111111111111,42.3,42.532,0,0
2024-05-03,38.1,39.095555555555556,42.33,42.664,0,0
2024-05-04,39.2,39.221481481481476,42.5,42.959999999999994,0,0
2024-05-05,39.6,39.279259259259256,42.5,43.49199999999999,0,0
2024-05-06,40.8,39.32666666666667,42.66,43.931999999999995,0,0
2024-05-07,42.1,39.44,42.949999999999996,44.064,0,0
2024-05-08,42.6,39.52444444444445,43.3,44.064,0,0
2024-05-09,42.7,39.554814814814826,43.3,44.064,0,0
2024-05-10,42.4,39.58518518518518,43.33,44.064,0,0
2024-05-11,39.4,39.63185185185186,43.43,44.232,0,0
2024-05-12,40.6,39.70222222222223,43.93,44.5,0,0
2024-05-13,38.6,39.79185185185185,44.06,44.5,0,0
2024-05-14,41.3,39.86518518518519,44.230000000000004,44.628,0,0
2024-05-15,42.6,39.90592592592593,44.230000000000004,44.628,0,0
2024-05-16,43.7,39.90518518518519,44.230000000000004,44.628,0,0
2024-05-17,43.8,39.82814814814816,44.230000000000004,44.628,0,0
2024-05-18,44.5,39.778518518518524,44.230000000000004,44.628,1,0
2024-05-19,44.4,39.809629629629626,44.230000000000004,44.628,1,0
2024-05-20,43.4,39.84962962962963,44.29,44.831999999999994,0,0
2024-05-21,44.2,39.8874074074074,43.71,44.831999999999994,1,0
2024-05-22,43.9,39.87111111111111,43.68,44.831999999999994,1,0
2024-05-23,44.8,39.77777777777778,43.68,44.831999999999994,1,0
2024-05-24,42.3,39.72740740740741,43.68,44.831999999999994,0,0
2024-05-25,44.9,39.73777777777777,44.03,44.831999999999994,1,1
2024-05-26,46.0,39.79555555555555,44.03,44.831999999999994,1,1
2024-05-27,46.6,39.837037037037035,43.65,44.831999999999994,1,1
2024-05-28,45.5,39.79481481481481,43.65,44.459999999999994,1,1
2024-05-29,46.0,39.776296296296294,43.589999999999996,44.164,1,1
2024-05-30,44.9,39.74222222222222,43.8,44.164,1,1
2024-05-31,44.9,39.76740740740741,43.8,44.164,1,1
2024-06-01,42.2,39.82222222222222,43.8,44.164,0,0
2024-06-02,41.5,39.82666666666666,43.86,44.459999999999994,0,0
2024-06-03,42.4,39.809629629629626,44.0,44.831999999999994,0,0
2024-06-04,42.9,39.739259259259256,43.86,44.49199999999999,0,0
2024-06-05,41.8,39.6837037037037,43.86,44.49199999999999,0,0
2024-06-06,41.6,39.59185185185186,43.8,44.49199999999999,0,0
2024-06-07,41.9,39.52444444444444,43.8,44.49199999999999,0,0
2024-06-08,40.2,39.49629629629629,43.8,44.49199999999999,0,0
2024-06-09,42.1,39.3837037037037,43.8,44.49199999999999,0,0
2024-06-10,42.7,39.28962962962962,43.66,44.288,0,0
2024-06-11,42.0,39.1,43.53,43.864,0,0
2024-06-12,42.2,38.92962962962963,43.36,43.8,0,0
2024-06-13,40.6,38.74740740740741,43.230000000000004,43.8,0,0
2024-06-14,39.7,38.55555555555556,42.99,43.596,0,0
2024-06-15,42.1,38.333333333333336,42.62,43.364,0,0
2024-06-16,41.9,38.174814814814816,42.33,43.364,0,0
2024-06-17,42.6,37.99777777777778,41.919999999999995,42.75599999999999,1,0
2024-06-18,42.0,37.77407407407407,41.7,42.431999999999995,1,0
2024-06-19,41.0,37.60740740740741,41.56,42.264,0,0
2024-06-20,38.8,37.409629629629634,41.43,42.264,0,0
2024-06-21,36.7,37.27037037037038,41.5,42.264,0,0
2024-06-22,37.4,37.16444444444445,41.5,42.264,0,0
2024-06-23,37.9,36.99925925925926,41.56,42.264,0,0
2024-06-24,37.2,36.8437037037037,41.5,41.928,0,0
2024-06-25,35.9,36.67777777777778,41.43,41.732,0,0
2024-06-26,36.4,36.544444444444444,41.43,41.895999999999994,0,0
2024-06-27,33.4,36.4674074074074,41.19,41.895999999999994,0,0
2024-06-28,33.1,36.330370370370375,41.03,41.895999999999994,0,0
2024-06-29,31.2,36.211851851851854,40.86,41.596,0,0
2024-06-30,33.4,36.10222222222222,40.8,41.5,0,0
2024-07-01,34.4,35.92962962962963,40.8,41.228,0,0
2024-07-02,34.4,35.772592592592595,40.8,41.228,0,0
2024-07-03,35.8,35.61851851851852,40.8,41.228,0,0
2024-07-04,30.7,35.43259259259259,40.8,41.228,0,0
2024-07-05,32.8,35.196296296296296,40.730000000000004,41.228,0,0
2024-07-06,32.8,34.980740740740735,40.28,40.895999999999994,0,0
2024-07-07,33.9,34.812592592592594,39.83,40.895999999999994,0,0
2024-07-08,31.8,34.67037037037037,39.25,40.732,0,0
2024-07-09,33.8,34.5,38.89,39.831999999999994,0,0
2024-07-10,33.4,34.3637037037037,38.66,39.26,0,0
2024-07-11,35.6,34.24222222222222,38.46,39.1,0,0
2024-07-12,33.6,34.02518518518518,38.19,38.895999999999994,0,0
2024-07-13,33.8,33.91555555555555,38.19,38.895999999999994,0,0
2024-07-14,34.0,33.75629629629629,37.98,38.895999999999994,0,0
2024-07-15,33.4,33.56222222222222,37.309999999999995,38.8,0,0
2024-07-16,33.7,33.3437037037037,36.4,38.528,0,0
2024-07-17,34.4,33.17407407407408,36.3,37.324,0,0
2024-07-18,33.7,32.95111111111111,36.230000000000004,36.623999999999995,0,0
2024-07-19,34.6,32.70222222222222,36.03,36.3,0,0
2024-07-20,34.9,32.535555555555554,36.03,36.3,0,0
2024-07-21,35.2,32.37407407407407,36.03,36.3,0,0
2024-07-22,34.3,32.1437037037037,36.03,36.428,0,0
2024-07-23,34.1,31.8874074074074,35.76,36.291999999999994,0,0
2024-07-24,33.8,31.691111111111105,35.63,36.224,0,0
2024-07-25,32.6,31.54074074074074,35.33,35.931999999999995,0,0
2024-07-26,31.9,31.40740740740741,35.16,35.9,0,0
2024-07-27,32.9,31.357037037037042,35.16,35.764,0,0
2024-07-28,32.9,31.23777777777778,35.03,35.632,0,0
2024-07-29,33.6,31.174074074074074,35.03,35.632,0,0
2024-07-30,33.2,31.114814814814814,35.0,35.632,0,0
2024-07-31,32.3,31.060000000000002,34.93,35.632,0,0
2024-08-01,27.9,31.0,34.69,35.26,0,0
2024-08-02,30.3,31.025185185185183,34.39,35.26,0,0
2024-08-03,31.0,31.082222222222217,33.53,35.26,0,0
2024-08-04,31.4,31.069629629629627,33.13,35.26,0,0
2024-08-05,29.8,31.096296296296295,33.13,34.76,0,0
2024-08-06,28.1,31.147407407407403,33.1,34.395999999999994,0,0
2024-08-07,29.3,31.192592592592586,33.1,34.395999999999994,0,0
2024-08-08,28.2,31.3,33.2,34.395999999999994,0,0
2024-08-09,29.4,31.29185185185185,33.43,34.395999999999994,0,0
2024-08-10,30.7,31.311851851851856,33.53,34.395999999999994,0,0
2024-08-11,29.0,31.33703703703704,33.919999999999995,34.395999999999994,0,0
2024-08-12,29.9,31.324444444444445,33.919999999999995,34.61999999999999,0,0
2024-08-13,30.6,31.31259259259259,33.919999999999995,34.891999999999996,0,0
2024-08-14,30.5,31.30518518518519,34.230000000000004,34.891999999999996,0,0
2024-08-15,29.4,31.33185185185185,34.3,35.331999999999994,0,0
2024-08-16,28.7,31.300740740740743,34.3,35.331999999999994,0,0
2024-08-17,31.0,31.26074074074074,34.36,35.331999999999994,0,0
2024-08-18,31.6,31.213333333333335,34.36,35.331999999999994,0,0
2024-08-19,31.4,31.25925925925926,34.36,35.331999999999994,0,0
2024-08-20,31.4,31.287407407407404,34.36,35.331999999999994,0,0
2024-08-21,31.6,31.307407407407407,34.36,35.331999999999994,0,0
2024-08-22,31.6,31.35259259259259,34.53,35.331999999999994,0,0
2024-08-23,31.7,31.348148148148148,34.53,35.331999999999994,0,0
2024-08-24,31.9,31.400740740740737,34.7,35.331999999999994,0,0
2024-08-25,30.1,31.394074074074073,34.7,35.3,0,0
2024-08-26,30.4,31.34962962962963,34.7,35.331999999999994,0,0
2024-08-27,30.0,31.344444444444445,34.7,35.164,0,0
2024-08-28,30.6,31.359999999999996,34.76,35.232,0,0
2024-08-29,29.5,31.388148148148144,35.03,35.331999999999994,0,0
2024-08-30,30.8,31.412592592592592,35.0,35.232,0,0
2024-08-31,31.2,31.477777777777778,35.0,35.232,0,0
2024-09-01,32.0,31.534814814814812,35.0,35.232,0,0
2024-09-02,30.6,31.633333333333333,35.0,35.232,0,0
2024-09-03,31.0,31.709629629629625,35.03,35.3,0,0
2024-09-04,29.6,31.765185185185178,35.1,35.331999999999994,0,0
2024-09-05,28.2,31.85185185185185,35.13,35.623999999999995,0,0
2024-09-06,29.8,31.94074074074074,35.230000000000004,36.57999999999999,0,0
2024-09-07,29.0,32.02518518518518,35.3,37.632,0,0
2024-09-08,28.3,32.07999999999999,35.33,37.632,0,0
2024-09-09,30.5,32.19851851851851,35.61,37.632,0,0
2024-09-10,30.7,32.30740740740741,36.22,37.632,0,0
2024-09-11,31.1,32.41185185185186,36.56,37.632,0,0
2024-09-12,31.0,32.4874074074074,36.7,37.632,0,0
2024-09-13,30.5,32.61555555555556,36.79,37.632,0,0
2024-09-14,29.9,32.69037037037037,36.79,37.632,0,0
2024-09-15,30.0,32.63185185185185,36.79,37.632,0,0
2024-09-16,31.3,32.58518518518518,36.79,37.632,0,0
2024-09-17,30.5,32.55185185185185,36.79,37.632,0,0
2024-09-18,30.2,32.54074074074074,36.79,37.632,0,0
2024-09-19,27.9,32.51111111111111,36.7,37.6,0,0
2024-09-20,29.5,32.513333333333335,36.7,37.26,0,0
2024-09-21,30.4,32.56814814814815,36.7,37.26,0,0
2024-09-22,32.6,32.62592592592593,36.7,37.26,0,0
2024-09-23,32.9,32.70222222222222,36.7,37.632,0,0
2024-09-24,33.3,32.74074074074074,36.7,37.632,0,0
2024-09-25,33.0,32.82370370370369,37.13,37.732,0,0
2024-09-26,31.1,32.91185185185186,37.6,38.064,0,0
2024-09-27,31.2,33.00592592592593,37.730000000000004,38.064,0,0
2024-09-28,31.4,33.00888888888889,37.730000000000004,38.064,0,0
2024-09-29,31.6,33.053333333333335,37.730000000000004,38.064,0,0
2024-09-30,32.6,33.21037037037037,37.730000000000004,38.064,0,0
2024-10-01,34.6,33.348888888888894,37.730000000000004,38.064,0,0
2024-10-02,35.0,33.479259259259265,37.730000000000004,38.064,0,0
2024-10-03,35.0,33.574814814814815,37.730000000000004,38.064,0,0
2024-10-04,33.6,33.668148148148155,37.730000000000004,38.064,0,0
2024-10-05,32.5,33.705185185185194,37.730000000000004,38.064,0,0
2024-10-06,32.7,33.71777777777778,37.730000000000004,38.064,0,0
2024-10-07,33.1,33.7325925925926,37.63,38.0,0,0
2024-10-08,33.5,33.70370370370371,37.39,37.931999999999995,0,0
2024-10-09,33.8,33.65185185185185,37.36,37.931999999999995,0,0
2024-10-10,32.1,33.56370370370371,37.3,37.931999999999995,0,0
2024-10-11,32.5,33.43555555555556,37.03,37.564,0,0
2024-10-12,31.9,33.27185185185186,36.93,37.3,0,0
2024-10-13,29.9,33.190370370370374,36.83,37.164,0,0
2024-10-14,31.9,33.09851851851852,36.8,37.164,0,0
2024-10-15,32.2,33.02074074074074,36.730000000000004,37.096,0,0
2024-10-16,33.1,32.907407407407405,36.43,37.028,0,0
2024-10-17,32.8,32.74666666666667,36.4,37.028,0,0
2024-10-18,32.8,32.58296296296297,36.33,36.959999999999994,0,0
2024-10-19,33.9,32.428888888888885,36.3,36.75599999999999,0,0
2024-10-20,33.4,32.24888888888889,36.3,36.75599999999999,0,0
2024-10-21,33.3,32.02,35.96,36.687999999999995,0,0
2024-10-22,32.0,31.77333333333333,35.730000000000004,36.331999999999994,0,0
2024-10-23,32.2,31.55481481481481,35.56,36.164,0,0
2024-10-24,32.0,31.374074074074073,35.43,35.964,0,0
2024-10-25,33.0,31.213333333333328,34.68,35.732,0,0
2024-10-26,33.5,31.10814814814815,34.089999999999996,35.431999999999995,0,0
2024-10-27,32.4,30.996296296296297,33.65,35.196,0,0
2024-10-28,32.1,30.83555555555555,33.5,34.364,0,0
2024-10-29,33.3,30.66296296296296,33.33,33.66,0,0
2024-10-30,34.9,30.508148148148145,33.16,33.5,1,1
2024-10-31,33.7,30.369629629629628,32.93,33.364,1,1
2024-11-01,32.7,30.225925925925928,32.83,33.164,0,0
2024-11-02,32.3,30.107407407407408,32.6,32.931999999999995,0,0
2024-11-03,32.6,29.97037037037037,32.6,32.931999999999995,1,0
2024-11-04,31.1,29.82074074074074,32.6,32.931999999999995,0,0
2024-11-05,30.5,29.69259259259259,32.53,32.9,0,0
2024-11-06,31.0,29.585185185185185,32.43,32.696,0,0
2024-11-07,31.4,29.408148148148143,32.33,32.696,0,0
2024-11-08,31.3,29.211851851851847,32.019999999999996,32.532,0,0
2024-11-09,31.6,28.97037037037037,31.63,32.431999999999995,0,0
2024-11-10,31.7,28.68222222222222,31.4,31.891999999999996,1,0
2024-11-11,31.3,28.39259259259259,31.13,31.532,1,0
2024-11-12,31.2,28.135555555555552,30.93,31.332,1,0
2024-11-13,30.6,27.911851851851846,30.8,31.232,0,0
2024-11-14,29.8,27.69629629629629,30.63,31.132,0,0
2024-11-15,29.4,27.490370370370364,30.36,30.964,0,0
2024-11-16,29.6,27.30296296296296,30.3,30.764,0,0
2024-11-17,29.1,27.07777777777778,29.99,30.632,0,0
2024-11-18,27.0,26.905185185185182,29.83,30.632,0,0
2024-11-19,26.3,26.79259259259259,29.69,30.632,0,0
2024-11-20,26.1,26.62074074074074,29.459999999999997,30.632,0,0
2024-11-21,25.8,26.40148148148148,29.259999999999998,29.887999999999995,0,0
2024-11-22,26.0,26.25185185185185,29.2,29.6,0,0
2024-11-23,25.7,26.136296296296294,28.959999999999997,29.4,0,0
2024-11-24,27.2,26.006666666666664,28.73,29.264,0,0
2024-11-25,27.5,25.869629629629628,28.63,29.264,0,0
2024-11-26,26.9,25.766666666666666,28.63,29.264,0,0
2024-11-27,27.3,25.653333333333332,28.53,29.264,0,0
2024-11-28,26.1,25.515555555555558,28.5,29.132,0,0
2024-11-29,24.2,25.366666666666667,28.53,29.132,0,0
2024-11-30,24.8,25.257037037037037,28.43,29.132,0,0
2024-12-01,25.4,25.159999999999997,28.33,28.827999999999996,0,0
2024-12-02,25.7,25.071111111111115,28.33,28.827999999999996,0,0
2024-12-03,26.4,24.96,28.33,28.827999999999996,0,0
2024-12-04,26.2,24.714814814814815,27.83,28.532,0,0
2024-12-05,24.9,24.51259259259259,27.66,28.432,0,0
2024-12-06,24.3,24.304444444444442,27.459999999999997,28.332,0,0
2024-12-07,24.1,24.086666666666666,27.33,28.027999999999995,0,0
2024-12-08,22.7,23.822222222222223,27.03,28.027999999999995,0,0
2024-12-09,20.7,23.618518518518517,27.03,28.027999999999995,0,0
2024-12-10,21.1,23.439999999999998,26.93,28.027999999999995,0,0
2024-12-11,21.9,23.280740740740743,26.9,27.959999999999997,0,0
2024-12-12,20.7,23.151851851851852,26.9,27.323999999999998,0,0
2024-12-13,21.4,23.045185185185186,26.69,27.032,0,0
2024-12-14,23.0,22.962962962962962,26.53,26.932,0,0
2024-12-15,22.6,22.83555555555556,26.5,26.932,0,0
2024-12-16,22.4,22.685185185185187,26.5,26.9,0,0
2024-12-17,22.2,22.507407407407406,26.259999999999998,26.695999999999998,0,0
2024-12-18,21.6,22.322222222222223,26.0,26.432,0,0
2024-12-19,20.8,22.27037037037037,25.83,26.132,0,0
2024-12-20,21.8,22.26222222222222,25.66,26.032,0,0
2024-12-21,22.9,22.23407407407407,25.66,26.1,0,0
2024-12-22,22.0,22.2437037037037,25.83,26.1,0,0
2024-12-23,18.5,22.228888888888886,25.83,26.1,0,0
2024-12-24,20.5,22.16518518518518,25.83,26.1,0,0
2024-12-25,20.2,22.121481481481478,25.83,26.1,0,0
2024-12-26,20.8,22.057037037037034,25.83,26.1,0,0
2024-12-27,19.3,22.008148148148145,25.66,26.1,0,0
2024-12-28,19.9,21.914074074074072,25.83,26.1,0,0
2024-12-29,18.6,21.808148148148145,25.69,26.1,0,0
2024-12-30,18.5,21.717777777777776,25.69,26.032,0,0
2024-12-31,16.9,21.644444444444446,25.6,25.964,0,0
