date,tmax,tmin,tmean,rh_mean,wind_speed_max,pressure_mean,solar_radiation_sum,cloud_cover_mean,tdb,rh,wind_speed,solar_radiation_wm2,cloud_fraction,wet_bulb_temperature,globe_temperature,tmrt,utci,wbgt
2015-01-01,19.2,11.1,14.5,79,17.8,965.9,11.18,57,14.5,79.0,4.944444444444445,129.39814814814812,0.57,12.139318823792987,16.825913640595903,31.255068196001787,12.162430670310153,13.312705904774269
2015-01-02,18.1,11.7,14.9,79,16.0,966.7,7.92,79,14.9,79.0,4.444444444444445,91.66666666666666,0.79,12.522273726018291,16.368014705882352,25.201019806827674,11.595513554611452,13.529194549389274
2015-01-03,18.7,10.5,14.9,78,6.7,966.9,8.02,66,14.9,78.0,1.8611111111111112,92.82407407407406,0.66,12.411654760728556,17.166109986504722,25.22059481518761,17.2776022893321,13.611380329810933
2015-01-04,20.3,7.5,13.1,75,9.3,968.7,14.22,33,13.1,75.0,2.5833333333333335,164.58333333333334,0.33,10.376894500301198,17.630563186813188,36.12733374655227,17.750518868303626,12.099938787573477
2015-01-05,22.3,8.0,13.9,67,15.3,967.0,15.66,0,13.9,67.0,4.25,181.25,0.0,10.276470222254797,18.798648648648648,44.49359935225033,16.799799343322032,12.343258885308089
2015-01-06,22.6,8.0,14.8,68,15.0,965.2,15.45,0,14.8,68.0,4.166666666666667,178.81944444444443,0.0,11.216277947968232,19.67689393939394,44.80968756190839,17.883764420069788,13.26677335145655
2015-01-07,22.0,8.4,14.6,71,10.7,964.7,15.57,0,14.6,71.0,2.972222222222222,180.20833333333331,0.0,11.358863465278962,20.251132404181185,44.056032556728496,20.299621156989804,13.461430906531511
2015-01-08,20.7,7.1,13.6,73,8.0,966.9,15.86,0,13.6,73.0,2.2222222222222223,183.5648148148148,0.0,10.636950954965542,19.954166666666666,42.62949632061486,21.021068921007227,12.79669900180921
2015-01-09,21.1,6.8,13.7,69,8.0,968.2,16.0,1,13.7,69.0,2.2222222222222223,185.18518518518516,0.01,10.304736649338555,20.078205128205127,42.805580249219304,21.010150252086046,12.598956680178013
2015-01-10,22.9,5.6,13.9,65,12.1,967.6,15.97,23,13.9,65.0,3.3611111111111107,184.83796296296296,0.23,10.062655736545386,18.791144102990035,41.42675477758536,17.805278660818114,12.192087836179777
2015-01-11,24.2,7.2,14.8,63,11.5,967.7,16.29,35,14.8,63.0,3.194444444444444,188.54166666666666,0.35,10.667061424562139,19.54549788135593,40.83350773869489,18.63760998667446,12.856042573464684
2015-01-12,23.0,6.8,14.6,69,10.8,967.3,16.34,63,14.6,69.0,3.0,189.12037037037035,0.63,11.140394336293978,18.648357928240742,36.595327050819094,17.807054666285776,12.987947621053934
2015-01-13,21.2,8.1,14.0,75,15.5,965.4,16.03,50,14.0,75.0,4.305555555555555,185.53240740740742,0.5,11.22858279685097,17.738339552238806,38.241706979177195,15.070977648173539,12.807675868243441
2015-01-14,21.1,10.2,14.3,72,12.9,964.8,13.79,26,14.3,72.0,3.5833333333333335,159.60648148148147,0.26,11.186876029078535,18.34439724919094,38.16198754970674,16.812135846800068,12.929692670193162
2015-01-15,18.3,7.9,12.4,79,6.9,968.1,13.9,41,12.4,79.0,1.9166666666666667,160.87962962962962,0.41,10.12879904624329,17.022866465863455,33.09588740842764,18.055972700156534,11.734732625542994
2015-01-16,19.0,7.8,12.9,70,9.0,968.4,15.2,10,12.9,70.0,2.5,175.9259259259259,0.1,9.665915781954222,18.470987654320986,40.2234471466021,18.98352608517085,11.750338578232153
2015-01-17,20.2,7.8,13.7,68,8.4,968.6,16.46,21,13.7,68.0,2.3333333333333335,190.50925925925927,0.21,10.198352969807528,19.512697285353532,41.084991570427405,20.160464848022183,12.411386535935975
2015-01-18,20.6,6.3,13.8,65,8.7,967.9,16.57,0,13.8,65.0,2.4166666666666665,191.7824074074074,0.0,9.971082079703166,20.264575530586768,44.287117151967436,20.94321734695923,12.41267256190957
2015-01-19,20.7,7.1,13.8,68,8.9,967.4,16.6,6,13.8,68.0,2.4722222222222223,192.12962962962965,0.06,10.290891784847206,20.03528500619579,43.62790000795161,20.69720522740893,12.590681250632203
2015-01-20,20.8,8.3,14.2,68,18.3,967.6,16.76,30,14.2,68.0,5.083333333333333,193.9814814814815,0.3,10.661046681046171,18.28803948576676,42.46805897814954,14.754328324462097,12.54034057388567
2015-01-21,21.3,11.4,15.5,76,16.9,968.5,13.4,46,15.5,76.0,4.694444444444444,155.09259259259258,0.46,12.76014336960457,18.579632282712513,36.458378517732456,15.156728708786362,14.198026815265703
2015-01-22,19.0,12.6,15.3,87,14.1,968.1,8.35,93,15.3,87.0,3.9166666666666665,96.6435185185185,0.93,13.802084406466175,16.74965277777778,24.83471676617188,13.268448305190235,14.541389640081878
2015-01-23,18.0,12.1,14.7,87,8.3,968.5,9.08,74,14.7,87.0,2.305555555555556,105.09259259259258,0.74,13.215376541298028,16.965684410646386,26.091110584484795,16.76642372767827,14.113900461037895
2015-01-24,18.1,9.6,13.3,76,8.5,969.2,13.47,52,13.3,76.0,2.361111111111111,155.90277777777777,0.52,10.672030039178281,17.21816037735849,32.67519650562423,17.349774320958293,12.244053102896496
2015-01-25,19.0,7.7,13.7,72,9.4,969.0,14.61,39,13.7,72.0,2.611111111111111,169.0972222222222,0.39,10.624313028019527,18.171202098540146,36.46329003799582,18.128653425501817,12.441259539321699
2015-01-26,17.8,11.6,14.1,74,9.2,968.7,11.34,67,14.1,74.0,2.5555555555555554,131.25,0.67,11.21517733970649,16.987982536764704,29.165715396463213,16.246120472287203,12.658220645147484
2015-01-27,18.1,9.2,13.3,68,9.8,968.5,16.12,28,13.3,68.0,2.7222222222222223,186.57407407407408,0.28,9.828197341660841,18.494544364508393,39.87567075199422,18.529171590231982,11.908647012064268
2015-01-28,16.8,6.8,11.4,66,11.0,967.4,17.54,7,11.4,66.0,3.0555555555555554,203.00925925925924,0.07,7.872030045326158,17.479777298850575,43.888638992945005,17.509046216646187,10.146376491498426
2015-01-29,18.6,4.3,11.1,65,9.3,967.9,17.82,0,11.1,65.0,2.5833333333333335,206.25,0.0,7.498577371803664,17.89945054945055,44.4720275642772,18.743768473335344,9.938894270152673
2015-01-30,19.1,5.1,11.9,59,9.7,970.0,17.95,0,11.9,59.0,2.694444444444444,207.75462962962962,0.0,7.631244494290247,18.650150421179305,45.4722776148285,19.146110169605123,10.261901230239033
2015-01-31,21.3,5.5,13.7,53,8.9,967.4,17.78,0,13.7,53.0,2.4722222222222223,205.78703703703704,0.0,8.60358848004423,20.585068153655513,46.230076524706135,20.994911059720586,11.509525566762065
2015-02-01,22.9,7.8,15.4,59,16.3,966.0,16.46,12,15.4,59.0,4.527777777777778,190.50925925925927,0.12,10.763852679931805,20.098858114674442,45.42287849038536,17.52502647075167,13.094468498887153
2015-02-02,23.5,11.7,17.0,69,17.3,965.5,17.55,4,17.0,69.0,4.805555555555555,203.125,0.04,13.368801518281163,22.07524787535411,49.57958053634286,20.05398733131321,15.473210637867634
2015-02-03,23.4,11.3,16.5,71,17.7,969.0,17.69,1,16.5,71.0,4.916666666666666,204.74537037037038,0.01,13.13462615424903,21.635839752567694,49.87024481169749,19.577165140898078,15.17140625848786
2015-02-04,22.2,8.2,14.5,65,12.6,971.8,18.76,0,14.5,65.0,3.5,217.12962962962965,0.0,10.612096828144436,20.886165577342048,49.65050806044394,20.516763260816,13.055700895169515
2015-02-05,21.7,6.7,13.6,63,8.9,969.0,18.97,5,13.6,63.0,2.4722222222222223,219.56018518518516,0.05,9.576201316196236,20.76223280669145,47.27740440398054,21.551982001565907,12.215787482675655
2015-02-06,22.8,8.3,15.3,59,13.7,967.5,18.28,15,15.3,59.0,3.8055555555555554,211.57407407407408,0.15,10.674350456092293,20.85632229232387,47.46533855660505,19.576456582961992,13.17330977772938
2015-02-07,22.9,12.1,16.5,68,14.8,966.2,16.19,19,16.5,68.0,4.111111111111112,187.38425925925927,0.19,12.789426407638405,21.153185340447155,44.777625763950766,19.433221060966197,14.833235553436316
2015-02-08,23.5,12.3,17.3,70,13.8,966.4,17.46,18,17.3,70.0,3.8333333333333335,202.08333333333334,0.18,13.764875136447259,22.504599056603773,47.35712283928848,21.4968138433949,15.866332406833838
2015-02-09,23.6,11.9,17.4,57,12.0,969.2,18.36,8,17.4,57.0,3.333333333333333,212.49999999999997,0.08,12.314056046242225,23.52,49.92463044222694,22.85330128154978,15.063839232369558
2015-02-10,23.9,10.9,17.2,53,9.7,969.4,19.05,5,17.2,53.0,2.694444444444444,220.48611111111111,0.05,11.656161711867504,24.18471344765343,50.54438235751945,24.101570977321487,14.71625588783794
2015-02-11,24.0,10.0,17.0,56,9.6,966.6,18.22,2,17.0,56.0,2.6666666666666665,210.87962962962962,0.02,11.840148614356906,23.80774456521739,49.516427377096875,23.81736982049929,14.749652943093313
2015-02-12,24.0,10.7,16.7,49,10.6,966.0,19.47,0,16.7,49.0,2.944444444444444,225.3472222222222,0.0,10.741889902313597,23.791346153846153,51.88177036527452,23.51239339151044,13.947592162388748
2015-02-13,26.6,8.5,17.5,44,14.1,963.8,19.37,0,17.5,44.0,3.9166666666666665,224.1898148148148,0.0,10.799869541018431,23.785695742471443,53.149468858480816,22.31573348848766,14.06704782720719
2015-02-14,29.5,13.5,20.8,43,19.5,961.2,19.3,0,20.8,43.0,5.416666666666667,223.37962962962962,0.0,13.405281946879832,26.16111111111111,55.852070078934844,23.418204138453724,16.695919585038105
2015-02-15,28.7,13.0,21.0,53,10.2,962.6,19.17,25,21.0,53.0,2.833333333333333,221.875,0.25,14.970304051066929,27.19597739361702,50.914081143631165,26.577849016606123,18.018408314470257
2015-02-16,29.2,14.2,21.5,54,17.0,963.2,19.29,16,21.5,54.0,4.722222222222222,223.26388888888886,0.16,15.544070234735628,26.781785714285714,53.90322080028977,24.79459170304485,18.38720630717208
2015-02-17,29.7,14.2,21.7,61,12.2,962.2,19.53,1,21.7,61.0,3.3888888888888884,226.04166666666666,0.01,16.671830686176815,28.402659354304635,56.09740646685856,27.884748971180375,19.5208133511847
2015-02-18,27.7,15.2,21.3,67,9.9,962.3,18.67,15,21.3,67.0,2.75,216.08796296296296,0.15,17.100795879255433,27.7477859916368,51.8215755026082,27.789766190850028,19.65011431380616
2015-02-19,30.4,15.6,22.8,47,13.4,962.3,19.6,16,22.8,47.0,3.7222222222222223,226.85185185185185,0.16,15.665106302896938,28.78195329087049,55.02189533689864,27.38468632109244,19.001965070201955
2015-02-20,30.6,15.4,22.7,43,11.5,963.8,19.55,9,22.7,43.0,3.194444444444444,226.27314814814815,0.09,14.978599513373695,29.292602401129944,55.54658449944321,28.137770825082395,18.613540139587574
2015-02-21,31.0,14.2,22.7,43,15.5,965.4,20.2,0,22.7,43.0,4.305555555555555,233.79629629629628,0.0,14.978599513373695,28.981094527363183,58.513136807476826,27.261356805097517,18.55123856483422
2015-02-22,31.3,16.0,23.1,46,15.4,965.5,20.43,29,23.1,46.0,4.277777777777778,236.45833333333331,0.29,15.768536968449535,28.54774513473054,54.605714549027084,26.678538241400137,19.05752490486078
2015-02-23,30.9,15.6,23.2,47,9.4,965.5,18.28,72,23.2,47.0,2.611111111111111,211.57407407407408,0.72,16.003782932903786,27.647688564476887,44.356066260649186,26.532290013916448,19.052185765928026
2015-02-24,31.3,16.2,23.8,48,15.5,962.2,14.28,93,23.8,48.0,4.305555555555555,165.27777777777777,0.93,16.664407889338733,26.17555970149254,38.65588410421202,23.059823510804392,19.28019746283562
2015-02-25,29.2,17.8,23.5,34,22.1,960.2,19.01,66,23.5,34.0,6.138888888888889,220.02314814814815,0.66,14.16678584142532,26.808577514546965,47.344757689560254,22.60981693530719,17.62846559190712
2015-02-26,25.1,12.4,18.7,19,11.7,960.7,21.85,12,18.7,19.0,3.2499999999999996,252.89351851851853,0.12,8.031456307301983,25.903633557800227,55.371894700283974,24.774123839231812,12.672746126671434
2015-02-27,25.6,12.1,18.7,26,12.2,962.3,21.75,0,18.7,26.0,3.3888888888888884,251.7361111111111,0.0,9.216068947748903,26.202069536423842,57.3274382170236,25.12887608517321,13.561662170709003
2015-02-28,26.7,14.2,19.7,45,22.1,962.9,18.17,43,19.7,45.0,6.138888888888889,210.30092592592592,0.43,12.769108347991239,23.405177161263506,46.835498921837086,18.986889327642324,15.589411275846567
2015-03-01,21.3,15.5,17.6,83,21.5,959.5,10.29,89,17.6,83.0,5.972222222222222,119.0972222222222,0.89,15.578976210304834,19.106052215189873,29.543057270785027,13.500318394497313,16.48649379025136
2015-03-02,20.9,14.5,16.7,83,13.8,961.8,12.37,67,16.7,83.0,3.8333333333333335,143.17129629629628,0.67,14.707887963453913,19.39459185010482,33.40743994634465,17.3112416331865,15.844439944438703
2015-03-03,21.5,10.7,15.9,66,11.8,963.9,20.59,13,15.9,66.0,3.2777777777777777,238.31018518518516,0.13,12.007545430339551,22.62946378635347,51.296275736167615,22.58677047946859,14.521174558508378
2015-03-04,22.5,10.2,16.2,60,12.3,963.8,20.73,13,16.2,60.0,3.416666666666667,239.93055555555554,0.13,11.595074170089966,22.86341790429043,51.8523846514762,22.46774183988983,14.309235499921062
2015-03-05,24.3,11.5,17.9,55,13.9,965.3,19.83,15,17.9,55.0,3.861111111111111,229.51388888888886,0.15,12.51303463440129,23.889664968652035,51.803902945168716,22.668469178116418,15.32705723781131
2015-03-06,25.7,12.7,19.2,54,9.3,966.5,20.64,14,19.2,54.0,2.5833333333333335,238.88888888888889,0.14,13.529011696532063,26.524175824175824,52.87681913623629,26.366100657118775,16.69514335240761
2015-03-07,26.6,15.0,19.8,59,16.3,964.3,19.14,47,19.8,59.0,4.527777777777778,221.52777777777777,0.47,14.701905090165837,24.246701895043735,47.50161667871322,21.999217938307876,17.12067394212483
2015-03-08,26.2,14.0,19.6,61,18.4,964.7,22.14,6,19.6,61.0,5.111111111111111,256.25,0.06,14.777368522547572,25.7457760989011,58.28789237602001,24.057145737327335,17.45331318556352
2015-03-09,24.0,11.5,17.3,35,18.3,970.0,23.74,0,17.3,35.0,5.083333333333333,274.7685185185185,0.0,9.465689891299004,24.112442607897155,60.02781554924144,21.909459893563564,13.178471445488734
2015-03-10,23.8,9.6,16.5,53,12.1,969.9,23.59,27,16.5,53.0,3.3611111111111107,273.0324074074074,0.27,11.045653085893008,23.561652131782946,53.61873763896887,23.110643389333728,14.094287586481695
2015-03-11,27.1,10.2,18.9,48,12.8,968.2,22.31,68,18.9,48.0,3.555555555555556,258.21759259259255,0.68,12.49382625445326,23.87991071428571,46.553224051128666,22.247664447461656,15.411660520974424
2015-03-12,28.1,14.5,20.9,53,12.8,967.8,18.32,58,20.9,53.0,3.555555555555556,212.03703703703704,0.58,14.883090742421032,25.299080086580084,45.3161397700174,23.670615998484212,17.56797953701074
2015-03-13,28.5,16.2,20.8,64,17.3,965.2,19.18,55,20.8,64.0,4.805555555555555,221.99074074074073,0.55,16.251386468151757,24.903369924457035,47.11671653141917,22.612541460908602,18.43664451259764
2015-03-14,25.1,15.7,19.5,72,14.3,966.1,12.66,92,19.5,72.0,3.9722222222222223,146.52777777777777,0.92,16.06237748229449,21.7047213622291,33.29179849944171,19.139246184423317,17.53460851005196
2015-03-15,23.1,14.9,18.4,83,25.2,964.2,15.08,79,18.4,83.0,7.0,174.53703703703704,0.79,16.3532755372015,20.599893904320986,36.655589112886844,15.368340845868833,17.407271656905248
2015-03-16,24.1,15.3,18.7,79,13.0,966.2,18.51,60,18.7,79.0,3.611111111111111,214.23611111111111,0.6,16.160326694934856,23.05383064516129,43.45381710457036,22.34510324711585,17.792994815486658
2015-03-17,26.2,13.8,19.5,66,16.1,967.3,22.75,15,19.5,66.0,4.472222222222222,263.31018518518516,0.15,15.315903952799928,25.92832050342131,57.44914351183894,24.89280104804566,17.85679686764421
2015-03-18,26.1,12.7,19.1,58,15.8,965.1,24.18,1,19.1,58.0,4.388888888888889,279.8611111111111,0.01,13.949420250771247,26.51466346153846,61.63863291620186,25.57368665886468,16.977526867847565
2015-03-19,28.1,12.4,20.4,56,9.4,965.5,23.82,25,20.4,56.0,2.611111111111111,275.69444444444446,0.25,14.845300328094357,28.323699817518246,56.30434836513126,28.150162976730236,18.096450193169698
2015-03-20,30.5,14.7,22.7,52,10.2,965.7,23.58,12,22.7,52.0,2.833333333333333,272.91666666666663,0.12,16.309677907104625,30.8875,60.31700680516661,30.31259059078729,19.864274534973237
2015-03-21,31.7,18.5,24.7,49,11.2,966.1,20.74,30,24.7,49.0,3.1111111111111107,240.04629629629628,0.3,17.585870748369654,30.98888413242009,55.45764616164723,30.01613108921394,20.977886350342775
2015-03-22,33.0,18.5,25.8,45,18.3,965.1,23.49,41,25.8,45.0,5.083333333333333,271.87499999999994,0.41,17.87821119292244,31.15885847107438,58.69423328640352,29.19111477560914,21.326519529260587
2015-03-23,33.4,17.4,25.8,45,18.9,962.6,23.66,2,25.8,45.0,5.249999999999999,273.84259259259255,0.02,17.87821119292244,32.41229674796748,65.70943053314545,30.814680420627187,21.577207184639207
2015-03-24,35.8,19.2,27.4,36,13.9,962.2,24.29,2,27.4,36.0,3.861111111111111,281.13425925925924,0.02,17.59358227645332,35.25237068965517,67.45162045254614,33.85790246696429,22.10598173144836
2015-03-25,35.9,20.6,28.5,37,15.0,963.5,23.89,48,28.5,37.0,4.166666666666667,276.5046296296296,0.48,18.65910787772726,34.23118686868687,59.85924540354915,32.60392509203294,22.757612888146454
2015-03-26,35.2,21.8,28.3,40,13.4,965.4,21.6,87,28.3,40.0,3.7222222222222223,250.0,0.87,19.067086568403415,32.34856687898089,50.22834809698065,30.61129654593111,22.646673973678567
2015-03-27,34.8,22.6,28.7,38,11.1,965.0,23.17,26,28.7,38.0,3.083333333333333,268.1712962962963,0.26,19.012085345657418,35.91574312714776,62.32958578368431,34.646744864020505,23.361608367389746
2015-03-28,35.7,20.2,28.4,36,10.2,962.1,24.28,26,28.4,36.0,2.833333333333333,281.01851851851853,0.26,18.385035366556203,36.202748226950355,63.20427229543617,34.83838935637332,22.95007440197941
2015-03-29,33.9,22.6,27.0,37,14.2,959.5,15.16,93,27.0,37.0,3.944444444444444,175.46296296296296,0.93,17.46357074335726,29.623770703933747,42.25980941946818,26.977863562775454,20.84925366113683
2015-03-30,32.4,19.7,26.0,42,21.5,960.1,22.35,32,26.0,42.0,5.972222222222222,258.68055555555554,0.32,17.54150589450779,30.950949367088608,58.963106470949924,28.602674719098328,21.069243999573175
2015-03-31,31.8,18.2,24.9,56,15.1,961.4,23.5,12,24.9,56.0,4.194444444444445,271.9907407407407,0.12,18.82262824419752,31.851787512588114,62.937017324394674,30.89227732154849,22.03619727345589
2015-04-01,34.2,18.3,26.7,49,12.8,959.8,24.61,17,26.7,49.0,3.555555555555556,284.83796296296293,0.17,19.296811417907197,34.31571631493506,64.57533019172223,33.36974376440466,23.040911255522047
2015-04-02,34.9,19.7,27.7,39,13.7,957.3,24.47,27,27.7,39.0,3.8055555555555554,283.21759259259255,0.27,18.395509556981892,34.65535949001051,63.53999982942594,33.27776693518232,22.577928587889428
2015-04-03,33.6,22.7,27.5,45,23.1,956.3,23.2,46,27.5,45.0,6.416666666666667,268.5185185185185,0.46,19.302019616333055,32.02757502027575,58.67720547463091,29.933190323501094,22.666928735488288
2015-04-04,28.2,19.5,23.9,63,19.0,956.5,20.41,50,23.9,63.0,5.277777777777778,236.22685185185185,0.5,18.939236314382644,28.209543918918918,51.93717226736311,26.27407765863765,21.289374203851636
2015-04-05,29.2,18.8,23.9,61,11.3,958.8,21.47,24,23.9,61.0,3.138888888888889,248.49537037037035,0.24,18.656488622271297,30.617007963594993,56.76914016953799,30.21160822022709,21.572943628308906
2015-04-06,31.2,17.8,25.1,49,10.2,959.5,25.22,26,25.1,49.0,2.833333333333333,291.8981481481481,0.26,17.92806042981712,33.20483156028369,61.823228879860494,32.37526267932082,21.700608612928722
2015-04-07,30.8,19.8,25.6,39,10.6,961.0,24.07,20,25.6,39.0,2.944444444444444,278.58796296296293,0.2,16.699109337173972,33.490078671328675,61.9469008353546,32.2639379168365,20.947392270287516
2015-04-08,32.8,19.5,25.8,42,12.9,963.2,24.87,6,25.8,42.0,3.5833333333333335,287.84722222222223,0.06,17.37687872295286,33.93238268608414,66.200034425767,32.74419585154312,21.53029164328383
2015-04-09,33.3,17.6,25.8,35,12.1,962.8,26.61,0,25.8,35.0,3.3611111111111107,307.9861111111111,0.0,16.14513023673817,35.00888704318937,69.46171833943924,33.69210222041801,20.88336857435459
2015-04-10,34.8,17.6,26.9,32,12.0,961.5,26.64,8,26.9,32.0,3.333333333333333,308.3333333333333,0.08,16.428881891820012,35.78,68.82441577040692,34.343072653099505,21.34621732427401
2015-04-11,35.1,21.2,27.8,31,13.2,960.9,23.31,70,27.8,31.0,3.6666666666666665,269.79166666666663,0.7,16.91515030751865,32.85859375,54.49378911524258,30.953027211842315,21.192323965263057
2015-04-12,28.4,19.7,22.7,66,14.1,963.5,17.26,84,22.7,66.0,3.9166666666666665,199.76851851851853,0.84,18.256632059872267,25.94857217030114,41.837394191688986,24.3398109016318,20.239356875970813
2015-04-13,29.0,18.5,22.5,72,17.2,964.2,21.31,23,22.5,72.0,4.777777777777778,246.6435185185185,0.23,18.875133823862445,28.081010298295453,56.41648231326684,27.082922712705734,21.0787957363628
2015-04-14,28.4,18.4,23.4,66,15.1,964.1,21.63,17,23.4,66.0,4.194444444444445,250.3472222222222,0.17,18.899912307766808,29.628427114803625,58.38906166722012,28.88713825961196,21.49562403839749
2015-04-15,30.1,19.1,24.9,61,12.6,964.2,22.68,14,24.9,61.0,3.5,262.5,0.14,19.55860056172598,32.08014705882353,61.10771884459416,31.598648849653927,22.59704980497289
2015-04-16,32.9,19.5,26.3,56,12.6,965.8,25.0,11,26.3,56.0,3.5,289.35185185185185,0.11,20.060002918314762,34.34227941176471,65.80652491503497,33.712263503023806,23.540457925173275
2015-04-17,37.0,20.0,28.4,44,15.9,961.4,25.83,12,28.4,44.0,4.416666666666667,298.9583333333333,0.12,19.877974171457804,35.86073008849557,68.73294948014109,34.712224936104775,23.926727937719576
2015-04-18,39.0,20.3,30.3,32,17.5,956.2,26.53,3,30.3,32.0,4.861111111111111,307.06018518518516,0.03,19.039517273414567,37.96785504694836,72.75270248331009,36.73332446170128,23.95123310077987
2015-04-19,39.8,22.5,31.7,30,9.9,957.2,25.46,7,31.7,30.0,2.75,294.6759259259259,0.07,19.652175256163872,40.87297640382318,70.3887127262056,39.31563104230441,25.10111796007935
2015-04-20,40.2,24.8,32.1,21,20.2,959.4,25.53,2,32.1,21.0,5.611111111111111,295.4861111111111,0.02,17.618347099858234,38.99209751308901,72.89314060149024,37.91319371655893,23.341262472518565
2015-04-21,38.6,24.2,31.4,20,21.9,959.7,26.95,5,31.4,20.0,6.083333333333333,311.92129629629625,0.05,16.853041661748716,38.25992324561403,73.66418928556635,37.215250559947854,22.58911381234691
2015-04-22,38.8,22.7,31.1,20,13.7,957.3,25.02,30,31.1,20.0,3.8055555555555554,289.5833333333333,0.3,16.64892439075746,38.08836750788644,66.29375417267977,36.45700395680264,22.381920575107507
2015-04-23,38.2,22.9,30.7,21,8.9,957.5,24.68,26,30.7,21.0,2.4722222222222223,285.64814814814815,0.26,16.65392246816077,39.014591078066914,64.97485362270982,37.0289553283723,22.53066394332592
2015-04-24,39.3,23.5,31.1,16,17.9,958.1,27.82,0,31.1,16.0,4.972222222222221,321.9907407407407,0.0,15.451795851478675,39.172191272052,75.60377525546852,37.885779951271516,21.76069535044547
2015-04-25,39.7,22.4,31.1,18,22.7,957.4,27.16,6,31.1,18.0,6.305555555555555,314.35185185185185,0.06,16.066310956296647,37.84273136773137,73.49327044424484,36.78828568750909,21.924963942953926
2015-04-26,37.5,23.2,30.5,38,19.7,959.4,26.55,9,30.5,38.0,5.472222222222222,307.2916666666667,0.09,20.456513322691467,37.50576094164456,71.84383559181282,36.44382224333549,24.87071151421294
2015-04-27,39.7,24.8,31.9,37,15.7,959.1,26.61,10,31.9,37.0,4.361111111111111,307.9861111111111,0.1,21.36893439416154,39.713890949554894,72.68315292641057,38.79011702581162,26.091032265824055
2015-04-28,40.4,24.4,32.6,25,16.8,957.5,27.32,7,32.6,25.0,4.666666666666667,316.2037037037037,0.07,19.070052971537667,40.49146312260537,74.72185598641533,39.43162081484814,24.70732970459744
2015-04-29,38.2,23.9,31.4,30,12.4,957.9,27.5,5,31.4,30.0,3.4444444444444446,318.287037037037,0.05,19.425639362939425,40.58739720394736,73.91295332724297,39.24258685572495,24.85542699484707
2015-04-30,41.3,24.7,32.8,22,21.9,957.7,27.44,5,32.8,22.0,6.083333333333333,317.5925925925926,0.05,18.38849377899564,39.78464912280701,75.31598648834427,39.07619321275185,24.108875469858354
2015-05-01,38.5,23.9,31.6,21,18.1,959.0,28.22,0,31.6,21.0,5.027777777777778,326.6203703703703,0.0,17.273912845448866,39.74289012003693,76.49376109454647,38.62042713617046,23.200317015821593
2015-05-02,37.5,22.8,30.8,24,11.2,959.3,27.49,9,30.8,24.0,3.1111111111111107,318.17129629629625,0.09,17.51923515010221,40.165350313926936,72.4096372340166,38.48654267438924,23.376534667856937
2015-05-03,38.7,24.2,31.7,19,14.9,959.8,27.37,10,31.7,19.0,4.138888888888889,316.7824074074074,0.1,16.76433326206003,39.93249113475177,73.44283949504575,38.506442186288844,22.891531510392376
2015-05-04,39.7,24.1,32.1,18,11.8,960.2,27.64,3,32.1,18.0,3.2777777777777777,319.9074074074074,0.03,16.728891129984824,41.616708612975394,74.83118162402593,39.871326560592586,23.243565513584457
2015-05-05,40.4,25.4,32.7,18,10.8,959.1,28.08,11,32.7,18.0,3.0,324.99999999999994,0.11,17.126431542962596,42.29765625,74.07838104965964,40.430694359833794,23.71803333007382
2015-05-06,41.3,24.8,33.0,14,17.0,957.5,28.56,4,33.0,14.0,4.722222222222222,330.55555555555554,0.04,15.984912993872214,41.33,77.17415742663843,40.12953927810065,22.75543909571055
2015-05-07,41.4,28.0,34.5,14,20.0,958.9,28.3,2,34.5,14.0,5.555555555555555,327.5462962962963,0.02,16.919527575947956,42.18009868421053,78.29029464641337,41.54192242888872,23.729689040005674
2015-05-08,40.3,26.8,33.6,17,18.8,958.6,26.7,51,33.6,17.0,5.222222222222222,309.02777777777777,0.51,17.396335414297692,39.23051970108696,66.53614795287348,37.96034018780151,23.383538730225776
2015-05-09,40.3,27.6,33.6,17,18.0,957.2,28.38,23,33.6,17.0,5.0,328.4722222222222,0.23,17.396335414297692,40.86744791666667,73.80978423823552,39.82993187519963,23.71092437334172
2015-05-10,39.7,26.1,33.0,21,15.5,957.1,26.65,21,33.0,21.0,4.305555555555555,308.449074074074,0.21,18.23832040965015,40.416588930348254,71.5404044581241,39.17748645384577,24.150142072824757
2015-05-11,38.6,26.3,32.5,32,15.5,958.0,24.42,39,32.5,32.0,4.305555555555555,282.6388888888889,0.39,20.728699906112727,38.61259328358209,65.24913583570395,37.45377001308628,25.482608590995326
2015-05-12,37.5,25.8,31.7,40,18.9,959.0,24.89,33,31.7,40.0,5.249999999999999,288.0787037037037,0.33,21.83130062086641,37.56696872177055,66.34854896749516,36.56415421601545,25.9653041789606
2015-05-13,36.7,25.0,30.2,45,15.9,958.8,22.67,20,30.2,45.0,4.416666666666667,262.38425925925924,0.2,21.563331640997777,36.469358407079646,64.56870855184741,35.455273310681406,25.40820383011437
2015-05-14,36.3,24.5,30.6,43,9.7,960.7,25.43,20,30.6,43.0,2.694444444444444,294.3287037037037,0.2,21.520037501669385,39.20672382671481,67.18524092448467,38.177757876137484,25.965371016511533
2015-05-15,37.9,24.1,31.4,37,14.9,960.1,25.01,16,31.4,37.0,4.138888888888889,289.4675925925926,0.16,20.970435189961755,38.68508105369807,69.11620711734838,37.62688379902645,25.556320843712843
2015-05-16,39.5,24.3,32.2,34,16.7,957.0,27.4,2,32.2,34.0,4.638888888888888,317.1296296296296,0.02,20.952136569087077,40.34301152737753,75.44242537818377,39.44897777029638,25.95509790383646
2015-05-17,41.3,26.1,33.7,32,18.6,955.1,27.09,4,33.7,32.0,5.166666666666667,313.54166666666663,0.04,21.650056804515202,41.25584016393443,75.8031491835552,40.671620399809655,26.776207795947528
2015-05-18,43.0,25.4,34.7,28,19.2,954.9,27.15,2,34.7,28.0,5.333333333333333,314.2361111111111,0.02,21.399017261916352,42.22646169354839,76.96477277594101,41.83063870991688,26.894604422051124
2015-05-19,42.7,29.1,35.5,25,23.7,956.3,25.81,17,35.5,25.0,6.583333333333333,298.72685185185185,0.17,21.15906969319916,41.39931804556355,72.98708910352877,41.42478003473963,26.64121239435212
2015-05-20,40.5,25.9,33.3,37,17.7,957.0,26.37,16,33.3,37.0,4.916666666666666,305.2083333333333,0.16,22.484724140467712,40.37878151260504,72.42016945163681,39.74240560756204,27.145063200848405
2015-05-21,41.5,25.6,34.0,26,20.7,956.4,27.6,23,34.0,26.0,5.75,319.44444444444446,0.23,20.351014198127857,40.57461240310077,73.12863931737189,39.96765154042482,25.76063241930965
2015-05-22,42.1,28.7,35.2,23,24.9,954.7,27.67,7,35.2,23.0,6.916666666666666,320.2546296296296,0.07,20.361960182565984,41.6834765928516,76.77298844915839,41.927981000885445,26.110067446366504
2015-05-23,42.1,29.8,35.3,22,26.1,953.4,27.51,8,35.3,22.0,7.25,318.40277777777777,0.08,20.131171663482725,41.53809523809524,76.35618743379933,41.936710111855625,25.929439212056955
2015-05-24,41.2,30.7,35.2,26,27.7,953.4,26.73,9,35.2,26.0,7.694444444444444,309.375,0.09,21.224222690093235,41.018551695842454,74.97059142322524,41.57344818100142,26.580666222233756
2015-05-25,42.3,29.4,35.5,27,27.0,953.8,27.23,9,35.5,27.0,7.5,315.162037037037,0.09,21.72019963138815,41.51959490740741,75.88654692885041,42.137197697911844,27.05805872345319
2015-05-26,42.1,30.3,35.4,27,23.8,955.3,27.54,5,35.4,27.0,6.611111111111111,318.75,0.05,21.64671994681108,42.09146232057416,77.20489469869295,42.32841978617614,27.110996426882586
2015-05-27,41.5,23.9,33.4,12,13.8,956.7,29.56,1,33.4,12.0,3.8333333333333335,342.1296296296296,0.01,15.491516068137635,43.03449947589098,79.03399919101531,41.378007379770054,22.79096114287454
2015-05-28,41.3,28.3,33.9,29,20.8,955.6,25.77,21,33.9,29.0,5.777777777777778,298.26388888888886,0.21,21.06183424568397,40.092050579896906,71.18791126125473,39.45057199756075,26.15169408795816
2015-05-29,40.9,26.0,34.0,28,16.7,956.2,27.23,3,34.0,28.0,4.638888888888888,315.162037037037,0.03,20.879794133219274,42.051618035542745,76.35342512241925,41.315161230858386,26.42617950036204
2015-05-30,41.1,26.9,34.5,23,17.2,957.2,26.34,9,34.5,23.0,4.777777777777778,304.8611111111111,0.09,19.868425582281137,41.94398082386363,74.51645430595067,41.17176083741755,25.74669407236952
2015-05-31,41.1,26.5,34.4,23,14.8,955.7,26.64,9,34.4,23.0,4.111111111111112,308.3333333333333,0.09,19.797920223160006,42.4796493902439,74.68447939950033,41.51164894391696,25.794474034260784
2015-06-01,39.7,26.7,33.2,24,17.6,954.4,25.14,28,33.2,24.0,4.888888888888889,290.97222222222223,0.28,19.230041565906767,39.52619382022472,68.67991723780136,38.38752977774689,24.68626786017968
2015-06-02,37.7,27.0,32.1,33,16.7,956.2,25.81,39,32.1,33.0,4.638888888888888,298.72685185185185,0.39,20.649618313551066,38.337106748318924,66.61192381549313,37.1718325552689,25.332154169149533
2015-06-03,36.8,25.7,30.7,37,19.9,957.2,24.95,37,30.7,37.0,5.527777777777778,288.77314814814815,0.37,20.412533672425116,36.28878902814424,64.92292521660318,34.920656366625145,24.616531376326428
2015-06-04,34.4,23.4,29.3,50,14.7,958.3,24.45,22,29.3,50.0,4.083333333333333,282.9861111111111,0.22,21.69502417758297,36.23186162079511,65.73844821742324,35.42515097492253,25.3628892484671
2015-06-05,37.5,23.8,31.1,39,12.0,958.1,26.02,6,31.1,39.0,3.333333333333333,301.1574074074074,0.06,21.142000410716353,39.86368055555556,71.48984466902675,38.79844640063482,25.88213639861256
2015-06-06,38.4,25.8,32.3,31,17.3,956.4,26.67,2,32.3,31.0,4.805555555555555,308.68055555555554,0.02,20.342152630433134,40.09134206798866,74.57185314212018,39.137851998480436,25.487775254900928
2015-06-07,40.9,24.8,33.6,28,15.1,954.7,25.61,6,33.6,28.0,4.194444444444445,296.412037037037,0.06,20.583093366049734,41.4177555387714,73.30745801783706,40.46553114739901,26.051716463989095
2015-06-08,42.2,28.2,35.6,21,18.9,954.2,26.37,17,35.6,21.0,5.249999999999999,305.2083333333333,0.17,20.029298382630497,42.411356707317076,73.96621051781239,41.93650099096536,26.062780209304762
2015-06-09,36.7,29.8,32.8,38,28.6,956.1,17.32,62,32.8,38.0,7.944444444444445,200.46296296296296,0.62,22.302142154148477,35.47140557939914,53.508249155799774,34.349628346537074,25.98578062378376
2015-06-10,38.4,28.2,32.7,44,22.7,956.0,24.57,37,32.7,44.0,6.305555555555555,284.375,0.37,23.459053501839247,37.825038390663394,65.91367755430178,37.31962575090293,27.25634512942015
2015-06-11,36.3,28.5,32.5,46,18.2,956.7,23.78,45,32.5,46.0,5.055555555555555,275.23148148148147,0.45,23.68467519516601,37.80314802025783,63.54921128056009,37.180628588183474,27.389902240667773
2015-06-12,37.5,27.0,31.9,54,14.6,954.7,21.51,33,31.9,54.0,4.055555555555555,248.95833333333334,0.33,24.655361150589517,37.639024156441714,62.22254594078953,37.48012449699739,27.976557636701006
2015-06-13,38.2,28.5,33.0,44,17.8,953.5,23.83,31,33.0,44.0,4.944444444444445,275.81018518518516,0.31,23.708893019545304,38.85904038640596,66.41732652626291,38.326391714757214,27.668033190962905
2015-06-14,36.5,26.2,30.5,59,14.0,953.1,23.63,19,30.5,59.0,3.888888888888889,273.4953703703703,0.19,24.27822471721178,37.46131184895833,66.03944971492433,37.390421293811976,27.537019671839914
2015-06-15,35.7,25.8,30.4,60,17.6,953.5,21.9,40,30.4,60.0,4.888888888888889,253.4722222222222,0.4,24.354942625264027,35.52640449438202,60.528878535419324,35.22205701784504,27.19374073656122
2015-06-16,36.9,27.0,31.6,53,13.7,954.0,23.29,30,31.6,53.0,3.8055555555555554,269.56018518518516,0.3,24.21466969354733,38.105159043112515,64.57330344323697,37.87122012109502,27.731300594105633
2015-06-17,36.4,26.3,31.6,55,9.4,952.7,22.15,20,31.6,55.0,2.611111111111111,256.3657407407407,0.2,24.569063011901317,39.17869525547445,63.75375388953353,39.09969581129868,28.194083159425812
2015-06-18,38.9,27.7,33.3,43,8.7,952.2,24.58,15,33.3,43.0,2.4166666666666665,284.4907407407407,0.15,23.755641298297867,42.17035736579275,68.64712634648168,41.32901356407682,28.393020381967055
2015-06-19,38.9,28.1,34.1,38,11.0,951.1,21.03,19,34.1,38.0,3.0555555555555554,243.40277777777777,0.19,23.345310288949666,40.93626077586207,64.96674585930612,40.29794141312395,27.938969357437177
2015-06-20,39.9,28.8,34.7,41,13.3,950.7,24.3,23,34.7,41.0,3.6944444444444446,281.25,0.23,24.48775080345527,41.85704872204473,69.3617556288632,41.55437231834906,28.98283530682764
2015-06-21,38.1,29.6,33.6,49,16.7,950.9,23.51,24,33.6,49.0,4.638888888888888,272.10648148148147,0.24,25.199423513868716,39.81061479346782,67.64476654609143,39.75586959697926,28.961719418401664
2015-06-22,37.5,28.7,32.9,51,14.3,949.7,22.43,26,32.9,51.0,3.9722222222222223,259.60648148148147,0.26,24.977746269859338,39.19324690402477,65.2541243829449,39.09963718153276,28.613071769706487
2015-06-23,38.1,28.0,31.8,58,12.6,949.5,22.07,43,31.8,58.0,3.5,255.4398148148148,0.43,25.269315162507052,37.697654547930284,60.95690521012904,37.91040536297312,28.408051523340994
2015-06-24,34.4,25.8,29.6,71,8.7,949.3,17.34,81,29.6,71.0,2.4166666666666665,200.69444444444443,0.81,25.377781867008917,33.625163857677904,47.44666506385431,34.799451421198086,27.449480078441823
2015-06-25,33.7,25.5,28.4,74,19.1,948.4,13.27,69,28.4,74.0,5.305555555555556,153.58796296296296,0.69,24.70632396470372,30.840434074573224,44.638289676424904,30.196079415398053,26.302513590207248
2015-06-26,34.9,25.7,30.1,62,22.6,950.3,23.08,32,30.1,62.0,6.277777777777778,267.1296296296296,0.32,24.412754680106424,35.074137931034485,62.9882577812287,34.807141689145205,27.113755862281394
2015-06-27,36.4,26.8,31.4,56,16.9,952.1,24.34,19,31.4,56.0,4.694444444444444,281.71296296296293,0.19,24.567525137626415,37.97464780324737,67.86416469662385,37.83079317499357,27.932197156987964
2015-06-28,37.5,27.6,32.4,49,18.0,954.7,24.31,16,32.4,49.0,5.0,281.3657407407407,0.16,24.172895714219436,38.87141203703703,69.12380550858995,38.54700319116604,27.93530940736101
2015-06-29,37.0,26.3,31.1,59,14.7,957.0,21.79,60,31.1,59.0,4.083333333333333,252.19907407407405,0.6,24.81520393595655,35.95888124362895,57.49834773682875,35.89685324405736,27.672419003895374
2015-06-30,33.7,24.6,28.2,80,11.1,956.4,19.85,79,28.2,80.0,3.083333333333333,229.74537037037038,0.79,25.40162833034388,32.498843785796105,49.50347956098835,33.74677351830269,27.100908588399935
2015-07-01,34.9,25.1,29.7,67,18.5,956.1,23.48,42,29.7,67.0,5.138888888888888,271.75925925925924,0.42,24.847135623183288,34.993721461187214,61.53297341550609,34.9815444945062,27.361739228465744
2015-07-02,34.7,25.7,30.1,62,16.6,956.5,22.38,31,30.1,62.0,4.611111111111112,259.02777777777777,0.31,24.412754680106424,35.79337066473988,62.340021601598664,35.65451627223215,27.25760240902247
2015-07-03,35.0,27.4,31.2,53,18.1,955.5,22.04,29,31.2,53.0,5.027777777777778,255.09259259259258,0.29,23.865833444744858,36.6375,63.13899379675257,36.118567684579176,27.153583411321403
2015-07-04,36.1,28.3,31.9,49,23.0,953.8,23.78,23,31.9,49.0,6.388888888888888,275.23148148148147,0.23,23.745174235502624,37.246875,66.74324274440568,36.845336038804255,27.260996964851838
2015-07-05,36.8,27.8,32.3,48,23.9,951.7,25.53,9,32.3,48.0,6.638888888888888,295.4861111111111,0.09,23.898795133372655,38.36134397374701,71.63090716610327,38.27436006776746,27.631425388110262
2015-07-06,35.7,28.0,31.9,50,24.2,951.0,21.89,60,31.9,50.0,6.722222222222221,253.35648148148147,0.6,23.93030816023301,35.68233609794628,58.24327249226917,34.99745803870263,27.077682931752364
2015-07-07,34.4,26.3,30.6,60,17.7,951.4,18.56,59,30.6,60.0,4.916666666666666,214.81481481481478,0.59,24.534654468980822,34.417927170868346,53.8130863608161,33.94707961694047,27.117843562460244
2015-07-08,33.5,25.6,28.9,74,13.2,952.6,15.57,99,28.9,74.0,3.6666666666666665,180.20833333333331,0.99,25.178034408343542,31.525150240384612,43.446875609073345,31.96057438539488,26.8196541339174
2015-07-09,30.2,24.9,27.0,84,21.3,952.8,11.93,85,27.0,84.0,5.916666666666667,138.0787037037037,0.85,24.81877673586873,28.81821193808312,40.14700978760601,27.878567047786376,25.836786102724734
2015-07-10,30.4,24.5,26.8,84,11.3,951.3,12.66,94,26.8,84.0,3.138888888888889,146.52777777777777,0.94,24.624696985296257,29.185452218430036,39.36740316857754,30.130984044794076,25.754378333393387
2015-07-11,28.7,23.6,25.4,87,9.7,951.7,10.11,88,25.4,87.0,2.694444444444444,117.01388888888887,0.88,23.678241071868353,27.529061371841152,36.027322127689786,28.632425399693854,24.620581024676078
2015-07-12,31.1,23.5,27.2,76,24.2,952.6,18.85,83,27.2,76.0,6.722222222222221,218.1712962962963,0.83,23.864916898426504,29.921971267772513,47.48996049284261,28.728220328687158,25.40983608245305
2015-07-13,33.4,24.9,28.4,75,16.6,954.8,20.73,53,28.4,75.0,4.611111111111112,239.93055555555554,0.53,24.855323855858476,32.98711163294797,55.387521176510745,33.18223006665925,26.836149025690528
2015-07-14,34.0,26.1,29.7,68,19.9,953.8,21.48,24,29.7,68.0,5.527777777777778,248.61111111111111,0.24,25.00417385523266,34.895250659630605,62.05085137582938,34.91838315456715,27.451971830588985
2015-07-15,34.5,27.7,30.7,55,22.7,950.3,24.31,43,30.7,55.0,6.305555555555555,281.3657407407407,0.43,23.777082433702027,35.58414977477477,63.001078804620875,35.03423924045233,26.830787658546374
2015-07-16,33.9,27.5,30.3,55,21.0,948.9,22.42,100,30.3,55.0,5.833333333333333,259.49074074074076,1.0,23.42509024443454,33.29412393162393,50.5084285683522,32.018446735334294,26.086387957428965
2015-07-17,31.3,26.5,28.7,67,10.8,950.3,10.4,98,28.7,67.0,3.0,120.37037037037037,0.98,23.924961374179137,30.618402777777778,38.56389585351002,30.753682307487523,25.741153517480953
2015-07-18,31.5,24.4,28.1,77,8.9,951.5,16.32,92,28.1,77.0,2.4722222222222223,188.88888888888889,0.92,24.86635940692182,31.512639405204464,43.73032750337734,32.81004765768078,26.51897946588617
2015-07-19,31.3,24.5,27.2,84,8.0,951.2,12.49,99,27.2,84.0,2.2222222222222223,144.5601851851852,0.99,25.012856427955192,29.727023237179488,38.508730644591424,31.56482828748921,26.17440414700453
2015-07-20,29.4,24.5,26.6,84,9.8,951.6,12.0,100,26.6,84.0,2.7222222222222223,138.88888888888889,1.0,24.430617175920535,28.84820143884892,37.743765232654084,30.067116376282815,25.53107231091416
2015-07-21,30.7,24.8,26.9,85,10.7,952.8,11.5,99,26.9,85.0,2.972222222222222,133.10185185185185,0.99,24.86306990045894,29.00783246225319,37.79062158614494,30.184087908887285,25.895715422771897
2015-07-22,31.7,24.6,27.7,82,10.5,953.7,17.62,91,27.7,82.0,2.9166666666666665,203.9351851851852,0.91,25.2104800223117,31.209831871345028,45.018588850563106,32.560030109865544,26.65930238988719
2015-07-23,32.0,25.2,28.1,81,14.8,954.3,19.79,83,28.1,81.0,4.111111111111112,229.0509259259259,0.83,25.4512856513881,31.776686356707316,49.148900057800915,32.44857299824052,26.981237227313137
2015-07-24,30.6,25.0,27.5,85,9.4,954.2,16.83,74,27.5,85.0,2.611111111111111,194.79166666666663,0.74,25.44681343793442,31.53090784671533,46.258863433577744,33.30253663622495,26.86895097589716
2015-07-25,30.5,24.5,26.7,85,11.4,952.1,14.96,95,26.7,85.0,3.1666666666666665,173.14814814814815,0.95,24.66848860753379,29.482738095238094,41.29369709665605,30.521798643571213,25.834489644321273
2015-07-26,26.7,23.3,25.2,87,20.9,949.6,7.69,98,25.2,87.0,5.805555555555555,89.00462962962963,0.98,23.48267514761228,26.2502088688946,33.03639879931683,24.168799893805858,24.207914377107517
2015-07-27,28.1,22.7,24.9,84,29.1,951.6,11.26,79,24.9,84.0,8.083333333333334,130.32407407407408,0.79,22.780936376267384,26.406612703467797,37.98281391220348,23.53604471800692,23.717978004080727
2015-07-28,26.9,23.1,24.9,81,29.0,952.1,12.56,83,24.9,81.0,8.055555555555555,145.37037037037038,0.83,22.37070869272829,26.52845744680851,38.94795323791101,23.57384946571849,23.455187574271505
2015-07-29,26.7,21.1,24.0,88,26.7,949.4,8.06,100,24.0,88.0,7.416666666666666,93.28703703703704,1.0,22.442881818063015,24.9391312453393,32.04872621965143,21.390805559911303,23.097843521711972
2015-07-30,28.3,23.4,25.3,85,25.5,952.1,10.95,79,25.3,85.0,7.083333333333333,126.7361111111111,0.79,23.30641793255994,26.886386494252875,38.11353583542615,24.59504663497712,24.221769851642534
2015-07-31,27.7,24.1,25.6,79,26.9,953.5,8.98,96,25.6,79.0,7.472222222222221,103.93518518518519,0.96,22.766188058428252,26.683333333333334,34.74196037307718,23.645326109911196,23.83299830756644
2015-08-01,27.6,24.4,25.8,78,18.8,955.7,10.61,96,25.8,78.0,5.222222222222222,122.80092592592591,0.96,22.817483106231094,27.36170742753623,36.61426163323512,25.556409316539533,24.024579659869012
2015-08-02,29.6,23.7,26.3,77,14.7,957.2,15.17,79,26.3,77.0,4.083333333333333,175.5787037037037,0.79,23.152938074507315,29.223627038735984,43.536525970003936,28.84035132495001,24.681782059902318
2015-08-03,30.5,23.8,27.1,76,15.3,956.4,18.07,71,27.1,76.0,4.25,209.1435185185185,0.71,23.770005495431835,30.74588025525526,48.463799592864746,30.606480129205423,25.498179897853333
2015-08-04,31.7,24.5,27.5,78,13.9,954.4,18.06,58,27.5,78.0,3.861111111111111,209.02777777777774,0.58,24.440389412111756,31.68710815047022,50.61282926661795,32.11975822019601,26.195694218572275
2015-08-05,31.0,24.9,27.4,82,10.6,952.5,16.91,85,27.4,82.0,2.944444444444444,195.71759259259258,0.85,24.920894482148817,30.941393502331,44.97466960557665,32.181147964570236,26.372904837970367
2015-08-06,30.1,24.7,27.5,80,13.6,952.5,15.33,94,27.5,80.0,3.7777777777777777,177.43055555555554,0.94,24.729602314943865,30.178303006329113,42.68753749545567,30.572111686100104,26.09638222172653
2015-08-07,31.3,24.9,27.9,75,13.3,953.9,17.03,100,27.9,75.0,3.6944444444444446,197.1064814814815,1.0,24.382180462483262,30.73379925452609,43.69459896155331,30.93208002834729,26.0042861746435
2015-08-08,30.9,26.0,27.8,77,11.5,955.0,13.81,100,27.8,77.0,3.194444444444444,159.83796296296296,1.0,24.580789580281717,30.238206214689267,40.637076597367184,30.869660098183434,26.034193949135055
2015-08-09,31.8,25.3,27.9,77,11.4,953.8,18.85,98,27.9,77.0,3.1666666666666665,218.1712962962963,0.98,24.675979539801677,31.306143707482992,45.35521462017698,32.10397979305274,26.32441441935777
2015-08-10,32.0,25.5,28.2,77,10.8,954.1,16.82,96,28.2,77.0,3.0,194.67592592592592,0.96,24.96154931462069,31.363483796296297,44.07124294333522,32.342649361536516,26.56578127949374
2015-08-11,29.8,25.4,27.4,86,11.6,955.8,11.06,100,27.4,86.0,3.222222222222222,128.00925925925927,1.0,25.491838857310338,29.34608671171171,37.84145747561769,30.57837790794002,26.453504542459576
2015-08-12,30.7,24.1,26.7,88,8.2,956.3,12.35,84,26.7,88.0,2.2777777777777777,142.9398148148148,0.84,25.089541528420867,29.54788486005089,39.54960620624581,31.573239685420695,26.142256041904787
2015-08-13,31.4,24.5,27.5,85,8.0,955.6,17.12,86,27.5,85.0,2.2222222222222223,198.14814814814815,0.86,25.44681343793442,31.409615384615385,44.496577047633366,33.40104794665351,26.84469248347717
2015-08-14,30.9,24.5,26.8,87,8.8,955.2,13.86,85,26.8,87.0,2.4444444444444446,160.41666666666666,0.85,25.0472009811086,29.897597947761195,41.13973568000239,31.742453710541884,26.19256027632826
2015-08-15,30.9,24.4,27.0,85,11.5,956.3,14.73,99,27.0,85.0,3.194444444444444,170.48611111111111,0.99,24.960360525495048,29.626641949152543,40.85036988405591,30.72627543548239,26.09758075767704
2015-08-16,29.2,24.2,25.7,88,14.6,956.7,8.47,97,25.7,88.0,4.055555555555555,98.0324074074074,0.97,24.109298354947285,27.0938043200409,34.281407287658624,26.85241307694051,24.865269712471278
2015-08-17,30.7,24.2,27.1,83,12.2,955.8,15.83,79,27.1,83.0,3.3888888888888884,183.21759259259258,0.79,24.77370714071506,30.403376793598234,44.70110046724301,31.303393119120052,26.132270357220186
2015-08-18,32.2,24.9,28.2,77,17.9,956.6,20.82,54,28.2,77.0,4.972222222222221,240.9722222222222,0.54,24.96154931462069,32.6099930362117,55.20162331219473,32.755078691282584,26.815083127476825
2015-08-19,31.4,24.1,27.6,74,23.7,957.6,19.89,31,27.6,74.0,6.583333333333333,230.20833333333331,0.31,23.951586283607046,31.798403776978418,57.11113214616108,31.257831532239084,25.885791153920614
2015-08-20,30.4,24.8,27.3,70,23.0,956.7,21.38,30,27.3,70.0,6.388888888888888,247.45370370370367,0.3,23.080487409006178,31.917123983739838,58.99521514672682,31.152461078030655,25.26976598305229
2015-08-21,30.6,24.3,26.9,70,23.7,956.2,20.88,29,26.9,70.0,6.583333333333333,241.66666666666663,0.29,22.707867582346683,31.359532374100716,58.163785614012795,30.411307630669366,24.857413782462825
2015-08-22,31.2,24.3,27.1,70,20.0,955.4,16.15,46,27.1,70.0,5.555555555555555,186.92129629629628,0.46,22.894177539359386,30.508854166666666,49.85337981783795,29.35057860298082,24.837695110884905
2015-08-23,31.5,24.4,27.6,71,19.9,955.6,19.48,24,27.6,71.0,5.527777777777778,225.46296296296296,0.24,23.50862336127921,32.31152154793316,57.75117847871809,31.787573670931415,25.67834066248208
2015-08-24,31.6,24.0,27.5,69,19.5,956.8,18.35,16,27.5,69.0,5.416666666666667,212.38425925925927,0.16,23.117887759337957,32.18944444444445,57.27499942363852,31.5210889086344,25.370410320425457
2015-08-25,32.5,23.9,28.0,69,18.2,956.4,21.28,7,28.0,69.0,5.055555555555555,246.2962962962963,0.07,23.58212313060536,33.90906998158379,63.15945843567448,33.676846224884464,26.08930018774051
2015-08-26,33.4,24.0,28.7,66,13.8,956.0,22.28,5,28.7,66.0,3.8333333333333335,257.8703703703704,0.05,23.77042042001934,35.81576257861635,65.11925880739204,35.87156955302582,26.672446809736808
2015-08-27,33.3,24.7,29.2,63,13.4,956.0,21.4,17,29.2,63.0,3.7222222222222223,247.68518518518516,0.17,23.75697401310842,35.69582006369426,62.3433512220459,35.66377760897513,26.689045821914746
2015-08-28,33.6,25.4,29.5,61,15.0,956.6,20.25,48,29.5,61.0,4.166666666666667,234.375,0.48,23.708276463713773,34.35795454545455,56.42964848614753,34.01693540536736,26.417384433690547
2015-08-29,34.6,26.4,30.1,60,16.8,955.9,21.28,46,30.1,60.0,4.666666666666667,246.2962962962963,0.46,24.085374656470226,35.00469348659004,58.54548077971242,34.622194338855934,26.870700956847166
2015-08-30,34.3,25.6,30.0,59,17.3,956.1,21.12,15,30.0,59.0,4.805555555555555,244.44444444444446,0.15,23.83074126876971,35.76487252124646,63.20881553529205,35.385838226916576,26.83449339238809
2015-08-31,34.7,24.8,29.6,57,16.7,956.9,22.8,7,29.6,57.0,4.638888888888888,263.88888888888886,0.07,23.14307099273591,36.20482708933718,66.455809733315,35.72856164240093,26.401115112782573
2015-09-01,33.4,24.6,29.0,56,17.0,956.1,21.59,8,29.0,56.0,4.722222222222222,249.88425925925924,0.08,22.44634880645734,35.168571428571425,64.17214857417042,34.462908891720595,25.646158450234424
2015-09-02,33.8,23.5,28.7,52,16.6,956.3,21.47,10,28.7,52.0,4.611111111111112,248.49537037037035,0.1,21.518060219538597,34.840564788053946,63.44439409414099,33.88361093836408,24.900755111287808
2015-09-03,33.8,23.4,28.8,50,12.7,958.8,20.0,18,28.8,50.0,3.5277777777777777,231.48148148148147,0.18,21.265158845528884,34.97535287730727,59.87820226246106,34.16203181867555,24.760681767331672
2015-09-04,35.0,23.8,29.6,47,14.3,961.9,20.15,18,29.6,47.0,3.9722222222222223,233.21759259259255,0.18,21.42249310851382,35.51347394220846,60.929081030866826,34.52779897465002,25.058439964401366
2015-09-05,35.1,25.0,30.1,43,18.0,961.7,19.84,16,30.1,43.0,5.0,229.62962962962962,0.16,21.10603290237476,35.38148148148149,61.398627248861885,34.044303183726775,24.86051932795863
2015-09-06,34.1,25.0,29.7,45,16.5,960.7,18.34,24,29.7,45.0,4.583333333333333,212.2685185185185,0.24,21.144572854913623,34.57294685990338,57.834866415496094,33.218817798798085,24.68579037042021
2015-09-07,33.6,24.5,29.5,46,13.4,960.1,18.65,18,29.5,46.0,3.7222222222222223,215.85648148148147,0.18,21.158294966522,35.130141985138,58.694047831664534,34.10685914038504,24.786834873592998
2015-09-08,35.0,23.8,29.8,44,11.8,960.0,20.75,13,29.8,44.0,3.2777777777777777,240.16203703703704,0.13,21.043916879959003,36.58175685123042,62.26521808369097,35.639717378301214,25.02709318621739
2015-09-09,35.0,25.0,30.2,42,14.2,959.9,19.47,17,30.2,42.0,3.944444444444444,225.3472222222222,0.17,20.998621003273488,35.963150232919254,60.61526348216313,34.81153290105392,24.911664748875292
2015-09-10,35.3,25.2,30.7,41,12.0,960.8,19.08,17,30.7,41.0,3.333333333333333,220.83333333333331,0.17,21.215364152755257,36.761875,60.16600192512726,35.75335040998194,25.27312990692868
2015-09-11,37.8,24.4,31.5,35,13.5,960.0,22.64,8,31.5,35.0,3.75,262.037037037037,0.08,20.62390180043803,38.68730158730158,67.23631738956482,37.547373768233925,25.32419157776694
2015-09-12,37.6,23.9,31.4,39,14.7,959.4,21.09,11,31.4,39.0,4.083333333333333,244.0972222222222,0.11,21.38433446825558,37.74876720183486,64.72028258474717,36.69346624912897,25.65878756814588
2015-09-13,37.7,24.9,31.6,49,10.8,959.5,20.22,57,31.6,49.0,3.0,234.02777777777774,0.57,23.48854089623887,36.82905815972222,56.142970594438566,36.4671005451612,26.967790259311656
2015-09-14,38.4,24.4,32.0,43,13.1,957.3,21.08,49,32.0,43.0,3.638888888888889,243.98148148148144,0.49,22.679243789987297,37.33072079314041,59.08027430356401,36.5491152132561,26.541614811619187
2015-09-15,37.0,24.6,31.8,39,12.6,956.9,19.3,20,31.8,39.0,3.5,223.37962962962962,0.2,21.707445743925675,37.71299019607843,61.02368998563196,36.73916775884981,25.917810059963656
2015-09-16,37.0,25.1,31.4,46,10.7,956.7,19.43,23,31.4,46.0,2.972222222222222,224.88425925925924,0.23,22.75834033251694,37.641125871080135,60.05717456927334,37.042781946356854,26.599063406977884
2015-09-17,36.5,26.3,31.1,51,15.8,957.3,19.9,42,31.1,51.0,4.388888888888889,230.32407407407405,0.42,23.422695211951744,35.94498274161736,58.289763476291114,35.26006258839912,26.69488319668969
2015-09-18,33.7,26.0,28.9,67,19.8,957.3,11.9,95,28.9,67.0,5.5,137.73148148148147,0.95,24.109396404227326,30.621643518518518,40.769112326505535,29.281368323684834,25.890906186662832
2015-09-19,33.5,24.8,29.0,70,20.5,956.2,17.41,48,29.0,70.0,5.694444444444445,201.50462962962962,0.48,24.664117848418428,32.57997835497835,52.71792884819018,32.12813070719135,26.68087816488857
2015-09-20,35.3,25.5,30.4,55,14.8,955.8,21.02,14,30.4,55.0,4.111111111111112,243.287037037037,0.14,23.5130883397927,36.608269817073165,63.394964233622886,36.20417302713358,26.82081580126952
2015-09-21,35.0,26.4,30.0,57,16.2,955.5,18.47,42,30.0,57.0,4.5,213.77314814814812,0.42,23.49811167451727,34.444231237816766,55.6604963712079,33.799252353561,26.33752441972544
2015-09-22,30.6,25.5,28.3,61,25.1,955.6,11.73,42,28.3,61.0,6.972222222222222,135.76388888888889,0.42,22.625758191021784,30.539631670533645,45.421592577941965,28.516138572231927,24.775957067821977
2015-09-23,33.1,23.0,28.1,61,14.1,959.8,18.46,23,28.1,61.0,3.9166666666666665,213.65740740740742,0.23,22.44533809015487,33.401499221183805,56.68422554697838,32.91720900887815,25.20203650734517
2015-09-24,34.0,21.9,28.0,42,18.6,959.2,22.78,16,28.0,42.0,5.166666666666667,263.6574074074074,0.16,19.187763982080142,33.96470856102004,63.781562662452586,32.369809211205755,23.024376499660107
2015-09-25,34.1,22.0,28.4,42,16.0,957.8,19.1,15,28.4,42.0,4.444444444444445,221.0648148148148,0.15,19.51701273599991,33.81283700980392,59.11179174230057,32.24430248329762,23.26447631716072
2015-09-26,34.3,22.7,28.9,44,15.4,958.8,18.72,16,28.9,44.0,4.277777777777778,216.66666666666663,0.16,20.294383436491128,34.271257485029935,58.79297590595024,32.89317822934589,23.950319902549776
2015-09-27,34.6,23.6,29.3,43,16.3,960.4,18.87,21,29.3,43.0,4.527777777777778,218.40277777777777,0.21,20.443622870885577,34.42896319241983,58.654869798970765,32.969138423975934,24.12632864810387
2015-09-28,34.9,22.5,29.2,42,12.3,961.4,18.23,16,29.2,42.0,3.416666666666667,210.99537037037035,0.16,20.175507508911135,34.96581408140814,57.98418701810692,33.794424896598514,24.036018072519425
2015-09-29,36.1,23.0,29.9,37,14.2,963.1,20.83,6,29.9,37.0,3.944444444444444,241.08796296296293,0.06,19.774928066228615,36.43632893374741,63.90174492062687,35.11922381626127,24.119715433109512
2015-09-30,36.7,22.2,29.5,35,15.3,964.5,22.21,0,29.5,35.0,4.25,257.06018518518516,0.0,19.05243136794777,36.447572572572575,66.58812887452763,35.050278590841906,23.576216472077952
2015-10-01,36.4,21.4,29.1,33,10.3,964.6,22.2,0,29.1,33.0,2.861111111111111,256.9444444444444,0.0,18.32782296491664,37.27137809187279,65.29751278074497,35.80495344088487,23.193751693816203
2015-10-02,37.2,21.0,29.6,28,8.2,963.8,22.14,0,29.6,28.0,2.2777777777777777,256.25,0.0,17.616005733186068,38.402480916030534,64.67691511270021,36.510069400670794,22.971700196436355
2015-10-03,38.0,23.3,30.3,25,14.0,961.8,21.91,0,30.3,25.0,3.888888888888889,253.58796296296296,0.0,17.413184580985583,37.43216145833333,66.6331244288204,35.86823650581077,22.705661498356577
2015-10-04,38.0,21.5,30.0,23,9.0,962.1,21.8,0,30.0,23.0,2.5,252.3148148148148,0.0,16.695571303907826,38.410493827160494,64.92485066367846,36.49594950216121,22.368998678167575
2015-10-05,37.7,22.3,30.0,24,11.9,962.5,21.36,2,30.0,24.0,3.3055555555555554,247.2222222222222,0.02,16.948951230618995,37.36705685618729,64.95436282167736,35.7227262334158,22.337677232670753
2015-10-06,37.0,22.8,30.1,29,16.6,962.0,18.67,8,30.1,29.0,4.611111111111112,216.08796296296296,0.08,18.217427407979823,35.495953757225436,60.867752672299105,33.70932305202062,22.861389937030964
2015-10-07,36.8,21.6,29.6,33,16.8,962.1,20.16,5,29.6,33.0,4.666666666666667,233.33333333333331,0.05,18.714793793159977,35.483620689655176,63.058997644976444,33.83867002888861,23.15707979314302
2015-10-08,37.0,23.0,29.7,31,15.6,961.2,20.75,1,29.7,31.0,4.333333333333333,240.16203703703704,0.01,18.36212869745245,36.10074714781746,64.51700901065522,34.5278084325481,23.043639517780207
2015-10-09,36.7,21.7,29.3,29,19.8,958.7,21.2,0,29.3,29.0,5.5,245.37037037037035,0.0,17.618587945117838,35.14215167548501,65.11118069565754,33.36310884874048,22.291441896679487
2015-10-10,36.9,23.3,29.9,27,18.4,958.9,21.05,0,29.9,27.0,5.111111111111111,243.63425925925927,0.0,17.60519857595202,35.92392399267399,65.35712072092144,34.22419970211021,22.498423801701215
2015-10-11,36.8,22.9,29.6,28,16.2,961.6,20.87,0,29.6,28.0,4.5,241.55092592592592,0.0,17.616005733186068,35.95660331384016,64.80260784249896,34.28903193291671,22.48252467599828
2015-10-12,36.3,22.8,29.5,30,16.5,963.6,20.47,1,29.5,30.0,4.583333333333333,236.92129629629628,0.01,17.99089350509649,35.649652777777774,64.01131058549271,33.97169343444527,22.673556009123097
2015-10-13,36.3,23.7,29.6,33,15.6,963.9,20.44,0,29.6,33.0,4.333333333333333,236.57407407407408,0.0,18.714793793159977,35.93680555555556,64.14053763391252,34.396759230188835,23.247716766323094
2015-10-14,36.4,20.9,28.9,34,12.9,965.1,20.02,2,28.9,34.0,3.5833333333333335,231.71296296296293,0.02,18.37845723316749,35.58143203883495,62.3811212896299,34.11362809398452,22.871206470984234
2015-10-15,34.9,22.3,28.7,45,11.7,965.9,17.99,11,28.7,45.0,3.2499999999999996,208.21759259259255,0.11,20.3070516609078,34.6625946969697,57.813915299656,33.638481408479,24.0174551020294
2015-10-16,34.5,22.9,28.9,40,11.4,966.0,17.31,12,28.9,40.0,3.1666666666666665,200.3472222222222,0.12,19.55489402528723,34.66509353741496,56.80978565788109,33.42776166211863,23.511444525184054
2015-10-17,36.3,21.7,29.1,37,13.1,964.9,19.68,1,29.1,37.0,3.638888888888889,227.77777777777777,0.01,19.137318186375424,35.65868167202572,62.22102017615583,34.29454751131294,23.43785906486794
2015-10-18,35.7,23.4,29.5,40,10.5,965.3,18.01,8,29.5,40.0,2.9166666666666665,208.44907407407408,0.08,20.042699281653693,35.819298245614036,58.60516175754776,34.692299212753596,24.14374914628039
2015-10-19,35.5,24.2,29.6,38,11.5,964.9,16.33,23,29.6,38.0,3.194444444444444,189.0046296296296,0.23,19.734301955565506,34.703125,54.61390464266822,33.38672082699299,23.714636368895853
2015-10-20,35.4,22.8,29.0,34,12.2,963.0,17.88,20,29.0,34.0,3.3888888888888884,206.94444444444443,0.2,18.45644873531278,34.550496688741724,56.7720986973531,33.003993091659666,22.72961345246729
2015-10-21,34.3,22.2,28.0,36,11.9,963.3,17.83,32,28.0,36.0,3.3055555555555554,206.3657407407407,0.32,18.06845504851709,33.21780936454849,54.184559144918126,31.64347840133199,22.091480406871664
2015-10-22,33.5,22.7,27.6,32,10.9,964.5,18.35,15,27.6,32.0,3.0277777777777777,212.38425925925927,0.15,16.96637428405025,33.71798947520185,56.70551182125246,32.14371157964272,21.380059893875544
2015-10-23,33.4,19.1,26.2,27,12.1,964.3,19.68,21,26.2,27.0,3.3611111111111107,227.77777777777777,0.21,14.886176825575067,32.295514950166115,56.825436920323625,30.49820247542409,19.49942676793577
2015-10-24,33.5,19.2,26.8,29,8.8,963.2,18.78,27,26.8,29.0,2.4444444444444446,217.36111111111111,0.27,15.747171738931478,33.11401585820896,54.28352057742609,31.502437549652957,20.325823388893824
2015-10-25,33.5,19.6,26.6,35,13.1,963.9,18.13,15,26.6,35.0,3.638888888888889,209.83796296296293,0.15,16.77374548559471,32.21704515005359,56.025114118874,30.476988034229265,20.845030869927015
2015-10-26,32.5,20.0,26.1,43,12.7,965.5,17.91,9,26.1,43.0,3.5277777777777777,207.29166666666666,0.09,17.79394770960518,31.9034914495114,56.07716700913409,30.501570981414265,21.446461686625906
2015-10-27,30.3,20.3,24.2,59,8.7,965.8,15.06,18,24.2,59.0,2.4166666666666665,174.30555555555554,0.18,18.639878145756978,29.546676029962548,48.193939950581864,29.23769827347959,21.377249908022392
2015-10-28,25.5,16.3,20.1,67,15.0,965.6,13.72,29,20.1,67.0,4.166666666666667,158.7962962962963,0.29,15.99416042977288,23.80284090909091,42.71050213279585,21.843951635035538,17.966480482659197
2015-10-29,25.5,14.9,20.1,62,12.8,967.1,16.19,9,20.1,62.0,3.555555555555556,187.38425925925927,0.09,15.35687176152334,25.329115936147186,48.72135026133458,24.355848560497012,17.825633420295777
2015-10-30,26.5,15.2,20.6,66,14.0,967.6,17.56,12,20.6,66.0,3.888888888888889,203.2407407407407,0.12,16.326782755933962,25.973177083333333,50.980166021015066,24.993731634976687,18.683383345820438
2015-10-31,27.0,15.5,21.2,64,14.5,967.0,17.27,7,21.2,64.0,4.027777777777778,199.88425925925924,0.07,16.6163438564081,26.541522435897434,51.76497742720886,25.40272444106002,19.059745186665157
2015-11-01,28.8,17.8,23.0,59,13.6,967.1,16.84,14,23.0,59.0,3.7777777777777777,194.9074074074074,0.14,17.565892634859622,28.16257911392405,51.47757664329299,27.024723417479688,20.228640667186546
2015-11-02,29.3,19.2,24.2,57,10.2,967.0,15.89,19,24.2,57.0,2.833333333333333,183.91203703703704,0.19,18.349970607788634,29.511927452718677,49.74252743656672,28.91199398952843,21.167364915995783
2015-11-03,29.7,19.8,24.5,55,11.4,966.1,13.61,44,24.5,55.0,3.1666666666666665,157.52314814814812,0.44,18.32114164178161,28.261267006802722,44.098618913472535,27.084787925075734,20.927052550607673
2015-11-04,31.6,20.5,25.9,48,10.1,964.5,17.06,15,25.9,48.0,2.8055555555555554,197.45370370370367,0.15,18.451758623496417,31.749829478054565,53.2917044286757,30.818842452518428,21.856196932058406
2015-11-05,30.5,20.1,24.9,45,12.6,963.3,14.61,23,24.9,45.0,3.5,169.0972222222222,0.23,17.12442374366562,29.301501225490195,48.46872295993472,27.61901319693601,20.337396865663976
2015-11-06,30.0,18.6,24.0,52,13.7,964.0,16.22,21,24.0,52.0,3.8055555555555554,187.73148148148147,0.21,17.438174073214725,28.770274710830705,50.45551860750055,27.25539382526571,20.36077679341645
2015-11-07,29.1,18.7,23.7,50,12.9,965.1,13.64,23,23.7,50.0,3.5833333333333335,157.87037037037038,0.23,16.880470465174717,27.76937702265372,46.08607713007433,26.060660405496975,19.74020473015305
2015-11-08,30.1,18.9,24.0,58,15.2,966.2,13.58,20,24.0,58.0,4.222222222222222,157.17592592592592,0.2,18.3170060606063,27.834713855421686,46.8073024904557,26.029554141981215,20.78884701350875
2015-11-09,30.0,19.8,23.8,62,14.4,965.7,15.07,18,23.8,62.0,4.0,174.42129629629628,0.18,18.707584361370465,28.20898276748971,49.05719971611035,26.930947834832153,21.117105606457265
2015-11-10,29.9,20.0,24.0,62,11.9,964.8,15.33,12,24.0,62.0,3.3055555555555554,177.43055555555554,0.12,18.888702674167256,29.02027591973244,50.013397135109074,28.35718696871246,21.426147055863566
2015-11-11,29.8,18.5,23.7,58,10.6,966.0,16.57,2,23.7,58.0,2.944444444444444,191.7824074074074,0.02,18.049605518635413,29.674759615384612,52.61841665386726,29.136125386330985,20.939675786121715
2015-11-12,29.9,16.4,23.0,47,9.4,966.9,16.84,13,23.0,47.0,2.611111111111111,194.9074074074074,0.13,15.834444734471806,28.985933698296837,50.65022245490741,28.108157363283645,19.181298053789632
2015-11-13,31.2,16.9,23.7,49,10.3,966.7,16.78,12,23.7,49.0,2.861111111111111,194.21296296296296,0.12,16.730393019848268,29.50580094228504,51.55175875424533,28.573411995940866,19.982435302350797
2015-11-14,30.5,17.7,23.8,50,9.4,964.3,16.31,38,23.8,50.0,2.611111111111111,188.77314814814812,0.38,16.966445913326154,28.822468065693432,47.31394769967079,27.943425301622288,20.021005752466994
2015-11-15,30.9,18.8,24.4,50,10.6,963.4,16.19,1,24.4,50.0,2.944444444444444,187.38425925925927,0.01,17.482297564721275,30.26722392191142,52.72432217046213,29.352502363992713,20.731053079687175
2015-11-16,29.6,17.5,23.1,47,15.0,963.7,16.1,6,23.1,47.0,4.166666666666667,186.3425925925926,0.06,15.919113862705974,28.02960858585859,51.63672264953249,26.07064504445569,19.0593014210659
2015-11-17,27.7,16.2,21.4,32,11.5,964.7,17.28,0,21.4,32.0,3.194444444444444,200.0,0.0,12.205545584901582,27.501694915254237,52.38552318879459,26.011377735304865,16.184220892481957
2015-11-18,27.5,12.3,19.8,34,8.4,966.7,17.26,0,19.8,34.0,2.3333333333333335,199.76851851851853,0.0,11.280838064134354,26.610290404040406,49.98386950045915,25.81698704973472,15.19864472570213
2015-11-19,27.3,13.5,20.1,40,8.0,968.3,16.88,1,20.1,40.0,2.2222222222222223,195.37037037037035,0.01,12.400129634537723,26.82900641025641,49.309009698043155,26.15924411389692,16.05589202622769
2015-11-20,27.4,13.3,20.0,44,8.9,966.9,16.79,0,20.0,44.0,2.4722222222222223,194.3287037037037,0.0,12.882077289242101,26.501703841387858,49.65338864204159,25.85933658281057,16.317794870747043
2015-11-21,27.3,12.5,19.8,50,8.2,966.0,16.63,13,19.8,50.0,2.2777777777777777,192.47685185185182,0.13,13.527386912082875,25.982033237913488,47.24276757969329,25.58820894272307,16.64557748604071
2015-11-22,27.4,13.5,20.0,53,8.4,965.6,16.14,56,20.0,53.0,2.3333333333333335,186.80555555555554,0.56,14.09816871097443,24.585227272727273,41.18320293452251,23.978524995116096,16.785763552227557
2015-11-23,27.3,14.1,20.4,52,10.3,966.2,16.11,13,20.4,52.0,2.861111111111111,186.45833333333331,0.13,14.313087629803057,25.94433524734982,47.755815971125685,25.16263696230317,17.248028390332102
2015-11-24,28.0,15.6,21.1,50,9.1,966.9,15.71,37,21.1,50.0,2.5277777777777777,181.8287037037037,0.37,14.645090667276214,26.021452183271833,44.29941930021886,25.20504882029267,17.565853903747715
2015-11-25,27.6,15.7,21.2,45,10.7,966.5,14.34,99,21.2,45.0,2.972222222222222,165.9722222222222,0.99,14.025467856821638,23.828375435540067,35.20531933764329,21.668849269824754,16.70350258688316
2015-11-26,28.3,16.1,21.6,43,15.5,964.4,12.19,84,21.6,43.0,4.305555555555555,141.08796296296296,0.84,14.06773469686473,23.79844527363184,35.65881465881125,19.914247843437426,16.767103342531676
2015-11-27,24.4,11.9,18.3,34,15.0,962.5,15.11,74,18.3,34.0,4.166666666666667,174.88425925925924,0.74,10.110811057395644,21.304829545454545,37.264827121253575,17.36810086635135,13.168533649267859
2015-11-28,24.0,14.2,18.6,51,9.8,965.3,13.67,89,18.6,51.0,2.7222222222222223,158.21759259259258,0.89,12.623356806941043,21.44279451438849,33.36351138765349,19.77978459628059,14.984908667736427
2015-11-29,25.3,13.3,19.1,57,7.5,967.7,15.61,25,19.1,57.0,2.0833333333333335,180.67129629629628,0.25,13.823053538715332,24.679554738562093,43.33908092091633,24.60551247513654,16.52204842481315
2015-11-30,27.2,14.9,21.0,67,10.0,967.8,14.89,7,21.0,67.0,2.7777777777777777,172.33796296296296,0.07,16.82413741571639,26.34555431547619,47.03942248984015,26.208960119504653,19.14600705409671
2015-12-01,26.0,17.1,20.4,81,9.8,965.5,12.65,18,20.4,81.0,2.7222222222222223,146.41203703703704,0.18,18.038617773591227,24.713361810551557,41.77893314687435,25.050591352182494,19.60970480362417
2015-12-02,24.6,15.5,19.4,68,9.4,966.4,11.97,32,19.4,68.0,2.611111111111111,138.54166666666666,0.32,15.473010794497693,23.222536496350365,38.33710872368766,22.836188292040912,17.415614855418458
2015-12-03,24.2,12.3,17.8,57,9.2,967.3,15.6,0,17.8,57.0,2.5555555555555554,180.55555555555554,0.0,12.669115507176645,23.774264705882352,46.142449809063635,23.62521601510724,15.403233796200123
2015-12-04,25.5,9.9,18.0,58,10.1,965.9,15.67,0,18.0,58.0,2.8055555555555554,181.36574074074073,0.0,12.968928072090655,23.808867141162516,46.73851006565559,23.466501366967,15.640023078695963
2015-12-05,26.4,11.9,19.2,51,7.9,966.5,15.63,9,19.2,51.0,2.1944444444444446,180.90277777777777,0.09,13.14174284332914,25.203318050193047,45.63013403158999,24.91046964666674,16.159883600369007
2015-12-06,26.5,9.9,18.0,55,8.3,966.1,15.57,29,18.0,55.0,2.305555555555556,180.20833333333331,0.29,12.601037791549118,23.27263545627376,42.24163365634155,23.031341139122677,15.275253545339133
2015-12-07,26.4,11.3,18.7,58,10.2,967.1,15.38,25,18.7,58.0,2.833333333333333,178.00925925925927,0.25,13.59287826313916,23.671003250591017,43.7218816845708,23.03030640190707,16.119215434315613
2015-12-08,26.5,13.9,19.3,53,10.5,966.4,15.3,59,19.3,53.0,2.9166666666666665,177.08333333333334,0.59,13.487670927178854,23.242434210526316,39.779684385315136,21.956370053465278,16.01985649113046
2015-12-09,26.5,11.9,19.4,55,12.1,965.1,13.91,46,19.4,55.0,3.3611111111111107,160.99537037037035,0.46,13.83307668967785,23.106637596899223,40.026053891568495,21.350081951829434,16.24448120215434
2015-12-10,26.9,14.9,20.2,57,14.3,963.1,14.47,16,20.2,57.0,3.9722222222222223,167.47685185185185,0.16,14.799456636812401,24.493214654282767,45.43894747912816,22.58220741834683,17.278262576625234
2015-12-11,22.3,10.9,16.5,51,18.9,962.0,15.33,0,16.5,51.0,5.249999999999999,177.43055555555554,0.0,10.808988494527679,20.827574525745256,46.137130666476196,17.136288941885063,13.381806851318427
2015-12-12,20.2,9.0,13.8,52,12.3,964.1,15.45,0,13.8,52.0,3.416666666666667,178.81944444444443,0.0,8.583576619963058,19.111468646864687,43.62323150534917,17.87320638648408,11.210797363347078
2015-12-13,19.8,6.9,13.1,54,8.2,965.4,15.71,0,13.1,54.0,2.2777777777777777,181.8287037037037,0.0,8.184587887233477,19.346024173027992,42.09557555028715,19.79351286111422,10.908416355669033
2015-12-14,20.2,7.1,13.0,42,11.3,967.2,15.76,0,13.0,42.0,3.138888888888889,182.4074074074074,0.0,6.840083851230316,18.602957906712174,43.28000282499329,17.571028676786053,9.808650277203657
2015-12-15,20.8,7.0,13.2,46,9.9,966.2,15.56,5,13.2,46.0,2.75,180.09259259259258,0.05,7.430732809024736,18.864202508960574,42.02541543301976,18.41121999783664,10.294353468109431
2015-12-16,20.9,5.6,14.0,48,11.1,965.4,15.46,58,14.0,48.0,3.083333333333333,178.9351851851852,0.58,8.32308344953994,17.929195303550973,35.77350327172894,16.169232466317503,10.811997475388152
2015-12-17,21.1,8.0,14.1,52,9.6,965.2,15.19,1,14.1,52.0,2.6666666666666665,175.81018518518516,0.01,8.844014937991854,19.804276117149758,42.54019549946781,19.579177319572334,11.56166568002425
2015-12-18,20.8,7.1,13.8,55,8.7,968.0,15.25,3,13.8,55.0,2.4166666666666665,176.50462962962962,0.03,8.90485817763747,19.66035034332085,41.77879127465286,19.835011418420258,11.5454707930104
2015-12-19,20.5,6.9,13.4,52,10.5,968.2,15.41,52,13.4,52.0,2.9166666666666665,178.35648148148147,0.52,8.236324545355355,17.567909356725146,35.896545656514604,16.29741734936111,10.619009053093777
2015-12-20,20.6,6.8,13.4,53,9.4,967.5,15.24,25,13.4,53.0,2.611111111111111,176.38888888888889,0.25,8.3419356807997,18.469571167883213,38.92223024011474,18.09194595731667,10.873269210136431
2015-12-21,19.9,6.8,13.2,53,8.3,967.5,15.22,47,13.2,53.0,2.305555555555556,176.15740740740742,0.47,8.167500140384266,17.81157319391635,35.44273190906756,17.578947833426945,10.599564737052257
2015-12-22,19.5,7.2,13.1,57,10.2,969.3,15.06,73,13.1,57.0,2.833333333333333,174.30555555555554,0.73,8.497115055370593,16.632468971631205,32.25741456234948,15.238160307129547,10.584474333085657
2015-12-23,19.9,6.6,13.2,59,10.5,969.6,15.04,6,13.2,59.0,2.9166666666666665,174.07407407407405,0.06,8.794792184146006,18.532163742690056,41.244920841005126,18.11754126408701,11.182787277440216
2015-12-24,18.9,8.4,13.1,50,12.8,970.8,15.16,15,13.1,50.0,3.555555555555556,175.46296296296296,0.15,7.766742623505998,17.84262716450216,40.7291385348924,15.988818614680888,10.315245269354632
2015-12-25,19.8,5.0,12.1,45,8.2,971.3,15.42,5,12.1,45.0,2.2777777777777777,178.4722222222222,0.05,6.403270863437042,18.0774570610687,40.1944433352088,18.271632584836674,9.307781016619668
2015-12-26,22.0,5.7,13.6,46,9.0,970.2,15.0,10,13.6,46.0,2.5,173.61111111111111,0.1,7.767629363233574,19.097685185185185,40.47205315206253,18.812220903618503,10.616877591300538
2015-12-27,24.7,8.9,15.9,42,9.4,970.7,14.7,86,15.9,42.0,2.611111111111111,170.13888888888889,0.86,9.227459337399912,19.08544708029197,32.334544894439034,17.380641013123533,11.866310952238333
2015-12-28,26.1,10.3,17.2,48,9.5,971.2,14.72,57,17.2,48.0,2.638888888888889,170.37037037037038,0.57,11.046853958743196,21.186666666666667,37.2927881803995,20.0229711831319,13.690131104453572
2015-12-29,26.1,11.4,17.8,53,9.8,969.3,14.71,49,17.8,53.0,2.7222222222222223,170.25462962962962,0.49,12.179452562682236,21.96143959832134,38.88915633218386,20.952445895341206,14.697904713541835
2015-12-30,25.6,11.3,18.1,56,10.0,967.5,14.9,6,18.1,56.0,2.7777777777777777,172.4537037037037,0.06,12.812409700256982,23.476860119047622,44.81208954824251,22.951481799456893,15.47405881398941
2015-12-31,25.1,13.1,18.0,53,12.9,969.5,15.0,32,18.0,53.0,3.5833333333333335,173.61111111111111,0.32,12.353882393058516,22.24757281553398,42.25420409619829,20.382520595064967,14.897232238247756
2016-01-01,24.6,11.2,17.4,50,10.1,970.4,14.99,27,17.4,50.0,2.8055555555555554,173.49537037037035,0.27,11.463907288824299,22.206624406880188,41.8032037103859,21.27542547106445,14.206059983553045
2016-01-02,24.3,10.9,17.0,56,9.1,970.8,15.0,11,17.0,56.0,2.5277777777777777,173.61111111111111,0.11,11.840148614356906,22.448570110701105,43.15076881429809,22.19981584935035,14.477818052190056
2016-01-03,25.0,9.1,16.8,44,8.2,968.8,15.38,0,16.8,44.0,2.2777777777777777,178.00925925925927,0.0,10.21684201608262,22.914821882951657,44.54156086718507,22.64907329517072,13.414753787848165
2016-01-04,25.9,10.7,18.3,49,9.2,968.6,15.08,20,18.3,49.0,2.5555555555555554,174.53703703703704,0.2,12.110717481535147,23.49761029411765,43.26529790350543,22.831303902763683,15.007024295898132
2016-01-05,26.2,12.8,19.4,57,10.0,967.2,14.91,21,19.4,57.0,2.7777777777777777,172.56944444444443,0.21,14.089345827266488,24.364453124999997,44.05430924847815,23.71328378047821,16.675432704086543
2016-01-06,25.9,13.3,19.2,54,10.1,966.4,13.6,39,19.2,54.0,2.8055555555555554,157.4074074074074,0.39,13.529011696532063,23.25842230130486,39.88039819219546,22.163076845666634,16.041992647833418
2016-01-07,25.6,14.5,19.1,63,9.7,968.0,13.59,42,19.1,63.0,2.694444444444444,157.29166666666666,0.42,14.575928491464026,23.137342057761735,39.33086640743079,22.514269387427348,16.740618355577165
2016-01-08,24.6,12.5,17.9,65,14.6,968.2,14.88,13,17.9,65.0,4.055555555555555,172.22222222222223,0.13,13.725570201169713,22.345552147239264,44.62268056403536,20.567750473961265,15.86700957026665
2016-01-09,23.2,10.2,16.1,57,14.2,966.4,15.87,0,16.1,57.0,3.944444444444444,183.68055555555554,0.0,11.16010736767615,21.23392857142857,46.43909297912114,19.53796948746421,13.668860871659017
2016-01-10,23.9,8.2,16.4,51,7.9,967.0,15.97,0,16.4,51.0,2.1944444444444446,184.83796296296296,0.0,10.722589308975527,22.822940797940795,44.99632988789995,22.917942671940406,13.710400675871028
2016-01-11,24.6,8.8,16.8,52,9.4,967.1,15.96,0,16.8,52.0,2.611111111111111,184.72222222222223,0.0,11.187932743540035,22.867518248175184,45.996065540852044,22.616643990147303,14.08505657011306
2016-01-12,24.5,11.7,17.6,50,10.6,964.9,15.9,1,17.6,50.0,2.944444444444444,184.02777777777777,0.01,11.635865307038586,23.362128496503498,46.81680375474781,22.6457872384226,14.577531414227709
2016-01-13,23.4,11.1,16.5,50,12.6,964.6,15.37,5,16.5,50.0,3.5,177.8935185185185,0.05,10.690092940873248,21.601358251633986,45.036630106765415,20.1236845872796,13.453336708938071
2016-01-14,21.9,8.8,15.3,63,11.5,965.4,14.02,38,15.3,63.0,3.194444444444444,162.2685185185185,0.38,11.121584648737784,19.309957627118646,37.614845367860084,18.00805352795243,13.17710077954018
2016-01-15,21.5,9.3,14.7,64,11.1,965.7,16.28,0,14.7,64.0,3.083333333333333,188.42592592592592,0.0,10.685716585448933,20.527605956471934,45.41819580255378,20.293177735196796,13.05552280110864
2016-01-16,19.9,6.9,13.0,66,9.5,964.5,16.64,0,13.0,66.0,2.638888888888889,192.59259259259258,0.0,9.342444778052876,19.303030303030305,44.128329654601146,19.828090775069324,11.700317405243075
2016-01-17,20.0,7.3,13.0,67,11.1,964.8,16.63,0,13.0,67.0,3.083333333333333,192.47685185185182,0.0,9.446471601802383,18.952892325315005,44.66734523060268,18.906258248998657,11.70310858632467
2016-01-18,20.5,7.6,13.6,65,9.9,964.1,15.62,9,13.6,65.0,2.75,180.787037037037,0.09,9.787934643278899,19.16940710872162,41.92153721164141,19.233645444520317,12.045435672039552
2016-01-19,19.5,10.1,14.0,68,8.6,964.3,14.28,32,14.0,68.0,2.388888888888889,165.27777777777777,0.32,10.475969305472374,18.69736842105263,36.8349272312646,18.8673328374725,12.472652198041187
2016-01-20,18.2,7.3,12.6,69,8.2,967.4,15.38,10,12.6,69.0,2.2777777777777777,178.00925925925927,0.1,9.283373355706965,18.409080788804072,39.90063580817815,19.205023796967836,11.44017750675569
2016-01-21,19.7,5.8,12.4,64,7.6,969.1,17.18,0,12.4,64.0,2.111111111111111,198.84259259259258,0.0,8.587147438479366,19.390559895833334,43.53564023881336,20.52298840634516,11.129115186102224
2016-01-22,20.3,4.4,12.5,59,10.9,968.1,17.2,0,12.5,59.0,3.0277777777777777,199.07407407407405,0.0,8.168267652063287,18.699538638985004,45.15556820980771,18.588912562443543,10.707695084241301
2016-01-23,21.7,7.2,14.4,51,10.7,968.7,17.29,7,14.4,51.0,2.972222222222222,200.11574074074073,0.07,8.994591488389336,20.455767276422765,45.726925186369556,20.02918815764202,11.827367497157088
2016-01-24,21.7,7.4,14.0,64,10.8,967.6,17.16,8,14.0,64.0,3.0,198.61111111111111,0.08,10.047024014999899,19.958333333333332,45.10048773239458,19.883016370165276,12.424583477166596
2016-01-25,21.4,7.8,14.3,67,9.7,966.0,17.19,11,14.3,67.0,2.694444444444444,198.95833333333334,0.11,10.645357510047646,20.40881092057762,44.58743168940373,20.772589141766197,12.963512441148875
2016-01-26,22.7,9.0,15.6,65,11.2,964.4,16.89,27,15.6,65.0,3.1111111111111107,195.48611111111111,0.27,11.61940179842804,20.811847174657533,43.39118643012216,20.303493147235706,13.855950693831135
2016-01-27,24.1,9.9,16.7,65,10.9,964.2,16.84,0,16.7,65.0,3.0277777777777777,194.9074074074074,0.0,12.626702147483517,22.769780853517876,47.836667835262574,22.64647222501898,15.062647673942037
2016-01-28,24.5,11.1,17.6,62,10.5,965.8,17.06,0,17.6,62.0,2.9166666666666665,197.45370370370367,0.0,13.092849126573338,23.835380116959065,48.77217171042366,23.69648291758484,15.692070411993148
2016-01-29,27.5,12.1,19.2,61,11.7,966.6,16.98,2,19.2,61.0,3.2499999999999996,196.52777777777777,0.02,14.4165167165683,25.09583333333333,49.96064605742987,24.52011440615751,17.030728368264477
2016-01-30,27.3,12.5,20.1,61,12.4,965.4,16.97,4,20.1,61.0,3.4444444444444446,196.412037037037,0.04,15.228432421900408,25.798533442982457,50.532049545577934,25.018267129451687,17.829609383926776
2016-01-31,25.6,15.3,19.6,58,16.3,965.9,14.01,36,19.6,58.0,4.527777777777778,162.15277777777777,0.36,14.395096755020251,23.08888483965015,41.95073246335386,20.186267805090807,16.654344696444205
2016-02-01,23.5,13.2,17.9,48,12.7,967.3,16.66,47,17.9,48.0,3.5277777777777777,192.82407407407408,0.47,11.642668514612147,22.22440960912052,42.391262631212214,20.276462879705342,14.384749882052606
2016-02-02,22.7,10.5,16.0,37,10.3,968.0,18.46,15,16.0,37.0,2.861111111111111,213.65740740740742,0.15,8.69567988711655,22.285151648998824,47.47724535924863,21.575594902156755,12.144006250781349
2016-02-03,22.7,7.9,14.9,39,12.1,968.1,18.72,0,14.9,39.0,3.3611111111111107,216.66666666666663,0.0,8.05495690696616,21.378405315614618,49.77435816204428,20.421290523129134,11.404150897999235
2016-02-04,23.7,7.1,15.3,42,9.0,967.5,18.78,0,15.3,42.0,2.5,217.36111111111111,0.0,8.733527139748704,22.54537037037037,49.081660556526,22.56215214834872,12.152543071898165
2016-02-05,23.6,7.6,15.9,45,9.1,965.9,18.78,6,15.9,45.0,2.5277777777777777,217.36111111111111,0.06,9.5862537523629,22.902075645756458,48.72092474699082,22.8414852089437,12.88079275580532
2016-02-06,25.3,10.1,17.5,48,18.5,962.1,18.18,5,17.5,48.0,5.138888888888888,210.41666666666666,0.05,11.302203480307021,22.558647260273972,50.85358181107216,19.55888498802234,14.17327188826971
2016-02-07,24.4,11.7,17.6,55,15.0,964.5,17.98,6,17.6,55.0,4.166666666666667,208.10185185185185,0.06,12.249024852480037,23.1052398989899,50.26695845624033,21.399157416041216,14.955365376534006
2016-02-08,23.8,9.6,16.7,55,10.3,967.1,18.84,0,16.7,55.0,2.861111111111111,218.05555555555554,0.0,11.456992661765586,23.634628975265016,50.800380452440265,23.54759419231733,14.416820658288914
2016-02-09,24.2,8.9,16.9,54,8.7,965.6,19.0,1,16.9,54.0,2.4166666666666665,219.9074074074074,0.01,11.51392616732253,24.275546192259675,50.36343448863272,24.471173427329703,14.604857555577707
2016-02-10,25.5,9.7,17.7,50,10.5,962.5,19.02,0,17.7,50.0,2.9166666666666665,220.13888888888889,0.0,11.721844218930173,24.65175438596491,51.91829743982919,24.2880395659,14.905641830444102
2016-02-11,25.2,10.1,17.4,39,13.7,961.3,19.48,0,17.4,39.0,3.8055555555555554,225.46296296296296,0.0,10.074723016205105,23.801156677181915,53.18508749907687,22.345056072972977,13.552537446779956
2016-02-12,25.6,12.1,18.4,31,12.3,962.4,18.58,6,18.4,31.0,3.416666666666667,215.04629629629628,0.06,9.755813062914935,24.59588833883388,51.394297178399256,23.147587742703934,13.588246811807231
2016-02-13,25.4,10.7,18.0,52,13.6,963.8,19.42,1,18.0,52.0,3.7777777777777777,224.76851851851853,0.01,12.229659295385844,24.36962684599156,53.376202646414924,23.26638643202871,15.234686875968404
2016-02-14,24.1,11.3,17.4,48,12.7,966.8,19.84,0,17.4,48.0,3.5277777777777777,229.62962962962962,0.0,11.21708704469387,24.131813246471225,53.559711088603365,23.248579722161356,14.418323580579953
2016-02-15,24.2,12.0,17.7,41,14.2,968.1,19.22,13,17.7,41.0,3.944444444444444,222.45370370370367,0.13,10.579414191878799,23.51350284679089,51.10058550105964,21.720858796710406,13.878290503673336
2016-02-16,23.8,13.4,17.9,41,15.3,969.2,16.04,45,17.9,41.0,4.25,185.64814814814812,0.45,10.743054512828687,21.788576076076076,42.13558445110476,18.58076833762992,13.667853374195296
2016-02-17,24.9,14.6,19.2,46,14.8,969.0,14.12,43,19.2,46.0,4.111111111111112,163.4259259259259,0.43,12.484035142666905,22.720134654471543,40.81451531966428,19.708943680610457,15.202851530761142
2016-02-18,25.5,15.8,20.5,60,16.3,967.6,12.69,71,20.5,60.0,4.527777777777778,146.875,0.71,15.459054743912262,22.985741618075803,36.783919645416574,19.64053436029967,17.468486644353746
2016-02-19,30.0,16.9,23.3,64,12.5,966.0,14.47,82,23.3,64.0,3.4722222222222223,167.47685185185185,0.82,18.53236182344783,26.21574453551913,39.61268801333898,24.85339442400726,20.545802183517303
2016-02-20,28.5,17.7,23.0,59,19.4,966.1,17.99,78,23.0,59.0,5.388888888888888,208.21759259259255,0.78,17.565892634859622,26.05645610516934,43.96107728953882,22.975007157795307,19.807416065435604
2016-02-21,26.8,13.6,19.5,52,13.8,966.5,21.03,5,19.5,52.0,3.8333333333333335,243.40277777777777,0.05,13.531805728486919,26.21653891509434,56.3619901827974,25.1635868660824,16.66557179295971
2016-02-22,28.1,11.6,19.1,37,15.8,966.4,21.37,0,19.1,37.0,4.388888888888889,247.33796296296296,0.0,11.166759565729679,25.685922090729786,57.62509054227189,23.85215303771697,14.863916114156734
2016-02-23,29.2,11.9,20.0,33,14.8,964.5,21.56,0,20.0,33.0,4.111111111111112,249.537037037037,0.0,11.284530130861308,26.847052845528452,58.473494944285335,25.18856232648922,15.268581660708605
2016-02-24,29.3,10.6,20.3,26,9.8,963.2,21.73,8,20.3,26.0,2.7222222222222223,251.50462962962962,0.08,10.380684044831183,28.116546762589927,56.427622117769374,27.17758076234705,14.919788183899815
2016-02-25,29.5,12.0,21.0,33,11.5,965.2,21.6,24,21.0,33.0,3.194444444444444,250.0,0.24,12.058563900083609,27.71186440677966,54.74285913019429,26.422884236102277,16.08336761141446
2016-02-26,29.1,15.0,21.9,38,11.8,968.1,21.25,25,21.9,38.0,3.2777777777777777,245.94907407407405,0.25,13.555143854069481,28.399493148769572,54.88048189820461,27.079882374656865,17.35849932760255
2016-02-27,29.0,14.2,21.7,45,9.9,968.6,21.32,0,21.7,45.0,2.75,246.75925925925924,0.0,14.444250861025392,29.659976105137396,58.21207406088871,28.945341310266166,18.212970823745252
2016-02-28,29.9,14.3,22.4,45,10.7,968.9,21.38,2,22.4,45.0,2.972222222222222,247.45370370370367,0.02,15.0305442456662,30.08227351916376,58.81357611945458,29.22862283056346,18.77783567579909
2016-02-29,30.5,16.6,23.5,45,11.2,968.8,21.2,10,23.5,45.0,3.1111111111111107,245.37037037037035,0.1,15.951855994676702,30.68464611872146,58.29475899852406,29.67484770098994,19.653228420017985
2016-03-01,30.8,16.6,23.9,43,10.4,966.7,20.39,25,23.9,43.0,2.888888888888889,235.99537037037035,0.25,15.97226050637132,30.443885710093895,54.92248713082239,29.345788535406516,19.659359496478704
2016-03-02,32.8,18.2,25.2,38,11.8,966.0,20.88,29,25.2,38.0,3.2777777777777777,241.66666666666663,0.29,16.203411179029633,31.440352348993287,56.33431798105801,29.98409428389166,20.1504582951194
2016-03-03,33.7,19.4,26.0,37,11.7,966.1,20.53,36,26.0,37.0,3.2499999999999996,237.61574074074073,0.36,16.66653652545508,31.9043911335578,55.39487560990932,30.382525315165047,20.647453794530115
2016-03-04,32.8,16.8,25.0,30,12.8,964.1,20.96,21,25.0,30.0,3.555555555555556,242.59259259259258,0.21,14.592667961527717,31.344426406926406,57.74940780836522,29.606178105915816,18.983752854454682
2016-03-05,30.4,17.8,23.1,49,17.1,963.0,19.26,31,23.1,49.0,4.75,222.91666666666669,0.31,16.21710389862834,27.929861111111112,52.81800274295563,25.69511283780148,19.24794495126206
2016-03-06,28.4,16.3,21.7,61,14.8,963.3,19.87,20,21.7,61.0,4.111111111111112,229.97685185185185,0.2,16.671830686176815,27.379306402439024,54.11324214380983,26.200391496222935,19.316142760811573
2016-03-07,28.5,16.8,22.3,56,16.8,963.7,17.9,38,22.3,56.0,4.666666666666667,207.1759259259259,0.38,16.52462676361659,26.639978448275862,49.29105648624346,24.425464241854453,19.125234424186786
2016-03-08,28.5,15.8,22.1,57,10.8,963.2,22.23,11,22.1,57.0,3.0,257.2916666666667,0.11,16.485958817254122,29.69814453125,58.38399528975651,29.28184820631383,19.689800078327885
2016-03-09,29.9,16.5,23.0,45,10.6,963.5,22.53,7,23.0,45.0,2.944444444444444,260.7638888888889,0.07,15.533078882099641,30.91865166083916,60.07621549640203,30.042465334462996,19.356885549637582
2016-03-10,31.0,16.7,24.5,41,9.5,964.5,20.35,43,24.5,41.0,2.638888888888889,235.53240740740742,0.43,16.14298703191652,30.55104166666667,52.25875439165412,29.38263901350974,19.860299255674896
2016-03-11,33.2,18.8,25.7,37,23.5,963.9,20.69,28,25.7,37.0,6.527777777777778,239.46759259259258,0.28,16.427424718173448,30.16621485943775,57.1531607470576,27.30689350010025,20.102440274608963
2016-03-12,32.0,17.3,24.5,40,20.7,961.2,21.74,24,24.5,40.0,5.75,251.62037037037035,0.24,15.977584280468033,29.64944013781223,58.38054495088721,27.095036817530367,19.56419702389007
2016-03-13,29.5,14.6,22.9,38,11.8,961.7,19.83,55,22.9,38.0,3.2777777777777777,229.51388888888886,0.55,14.357659074983882,27.925429949664426,49.04214958977303,26.20293302267927,17.925447342421602
2016-03-14,29.6,17.0,22.9,37,13.0,964.0,21.4,12,22.9,37.0,3.611111111111111,247.68518518518516,0.12,14.19567785137557,29.659408602150535,58.210592185789835,28.191256312340318,18.158856216393005
2016-03-15,29.2,15.2,22.4,47,10.5,966.0,21.76,49,22.4,47.0,2.9166666666666665,251.85185185185185,0.49,15.32642873225819,28.404678362573097,51.58545305509318,27.423636630835137,18.649435785095353
2016-03-16,30.5,15.6,23.2,35,9.4,964.5,23.77,4,23.2,35.0,2.611111111111111,275.1157407407407,0.04,14.102090145301538,32.05591545012165,61.96580431256541,30.931731628515365,18.602646191735406
2016-03-17,32.6,17.7,25.3,32,19.4,961.9,17.7,74,25.3,32.0,5.388888888888888,204.8611111111111,0.74,15.200309568126308,28.405782085561498,46.199447512179006,24.707753948585477,18.851373114800715
2016-03-18,32.9,20.6,26.8,38,11.9,961.0,21.83,29,26.8,38.0,3.3055555555555554,252.662037037037,0.29,17.487387636044684,33.30245610367893,58.84066863600208,31.895036400813858,21.581662565967065
2016-03-19,33.9,20.7,27.0,36,13.3,960.7,22.02,13,27.0,36.0,3.6944444444444446,254.8611111111111,0.13,17.276998864418616,33.851936900958464,62.10148613556464,32.349098097073295,21.564286585284723
2016-03-20,34.8,18.2,26.5,37,15.0,961.6,24.45,1,26.5,37.0,4.166666666666667,282.9861111111111,0.01,17.065054610362438,34.179214015151516,67.31987997654858,32.740324231996105,21.431381030284008
2016-03-21,33.3,19.7,26.3,31,16.9,963.3,24.27,1,26.3,31.0,4.694444444444444,280.90277777777777,0.01,15.772774024110298,33.507691618911174,67.06256012841664,31.80368817341483,20.37248014065944
2016-03-22,31.8,17.5,24.1,24,20.2,962.8,25.78,0,24.1,24.0,5.611111111111111,298.3796296296296,0.0,12.742829808778964,31.129886561954628,67.81068332521608,29.153377647496843,17.5559581785362
2016-03-23,34.7,16.4,25.5,25,16.2,962.2,25.16,0,25.5,25.0,4.5,291.2037037037037,0.0,13.955160565725034,33.16325536062378,67.86478793179953,31.486181776541894,18.95126346813228
2016-03-24,36.8,18.5,27.9,24,12.2,964.3,24.59,14,27.9,24.0,3.3888888888888884,284.60648148148147,0.14,15.451916316672136,35.787934602649,65.85436959089435,34.13381878909359,20.763928342200295
2016-03-25,37.5,21.8,29.6,25,15.7,964.6,21.9,76,29.6,25.0,4.361111111111111,253.4722222222222,0.76,16.90890822118625,33.79695845697329,53.705116990110525,31.541113850248376,21.55562744622503
2016-03-26,32.8,21.3,26.8,36,20.3,965.1,18.63,55,26.8,36.0,5.638888888888889,215.62499999999997,0.55,17.11870668024105,30.4735068537859,51.356640428579794,27.497452666815605,20.757796046925915
2016-03-27,33.0,20.0,26.0,32,15.5,964.9,24.46,32,26.0,32.0,4.305555555555555,283.10185185185185,0.32,15.737813176252963,32.38880597014925,61.53430159437329,30.533689721032147,20.094230417406926
2016-03-28,33.7,17.0,25.7,23,13.5,964.5,25.64,26,25.7,23.0,3.75,296.75925925925924,0.26,13.663477990342859,33.0765873015873,63.643263876962635,31.381364143420928,18.74975205355746
2016-03-29,34.7,17.7,26.5,28,13.6,963.8,25.23,6,26.5,28.0,3.7777777777777777,292.01388888888886,0.06,15.31639906551117,34.5673457278481,67.33593527349166,33.01915281348905,20.284948491427443
2016-03-30,36.0,20.5,28.1,28,11.8,963.6,24.08,47,28.1,28.0,3.2777777777777777,278.7037037037037,0.47,16.50330644871031,34.539177852349,59.482401211831245,32.85861370259277,21.270150084567014
2016-03-31,37.1,22.1,29.3,22,14.1,962.0,23.94,65,29.3,22.0,3.9166666666666665,277.0833333333333,0.65,15.948614462244393,34.543866822429905,57.376761948805495,32.530893049407716,21.002803488057054
2016-04-01,38.2,20.7,29.9,24,13.5,959.8,25.01,10,29.9,24.0,3.75,289.4675925925926,0.1,16.877665176806925,37.75697751322751,68.85630124443998,36.18986280680383,22.35576112641035
2016-04-02,39.1,22.1,31.2,31,10.1,960.9,24.15,74,31.2,31.0,2.8055555555555554,279.51388888888886,0.74,19.5044570976696,36.84001334519573,56.7881926601587,35.467973252903946,24.141122637407868
2016-04-03,38.7,25.2,32.0,27,17.3,961.7,22.16,100,32.0,27.0,4.805555555555555,256.48148148148147,1.0,19.14835898210497,35.269593956562794,51.75129003815721,33.22220593870941,23.657770078786037
2016-04-04,36.4,24.4,30.4,28,16.9,960.8,23.33,76,30.4,28.0,4.694444444444444,270.0231481481481,0.76,18.209435607162607,34.71727554918816,55.81502025298391,32.66456686171077,22.730060034851455
2016-04-05,36.5,22.6,29.6,30,14.0,959.9,23.77,40,29.6,30.0,3.888888888888889,275.1157407407407,0.4,18.066407271212825,35.790104166666666,61.90345434021367,34.173410884923,22.764505923182313
2016-04-06,36.2,22.5,28.8,26,22.5,960.2,24.74,46,28.8,26.0,6.25,286.34259259259255,0.46,16.566945442998755,33.69963991769547,61.49237858630329,31.499620420724114,21.21678979363822
2016-04-07,34.5,21.6,27.9,27,15.7,960.7,25.13,39,27.9,27.0,4.361111111111111,290.85648148148147,0.39,16.135477534637555,34.1529828140455,62.533603114323455,32.281127553333945,20.91543083705539
2016-04-08,35.4,21.8,29.0,19,14.6,961.6,25.75,7,29.0,19.0,4.055555555555555,298.0324074074074,0.07,14.950884707404384,36.939912448875255,69.84501421090783,35.3021322398601,20.75360178495812
2016-04-09,36.1,22.4,29.6,19,12.6,961.6,25.33,46,29.6,19.0,3.5,293.17129629629625,0.46,15.35388391958491,36.23946759259259,62.41521483851898,34.425976340342785,20.955612262227955
2016-04-10,36.9,22.2,29.6,24,14.4,961.7,23.2,39,29.6,24.0,4.0,268.5185185185185,0.39,16.66380624671075,35.60437242798354,61.44432292400916,33.80130382905254,21.745538858294232
2016-04-11,35.1,21.6,28.4,27,18.7,962.2,26.46,11,28.4,27.0,5.194444444444444,306.25,0.11,16.50291212595594,35.49715599455041,69.83842415721699,33.8920571838034,21.491469687079242
2016-04-12,34.3,21.3,27.8,28,21.1,961.1,27.07,21,27.8,28.0,5.861111111111112,313.31018518518516,0.21,16.28076359884733,34.254510336743394,68.27189675002603,32.48100401922278,21.02743658654181
2016-04-13,36.9,20.7,29.3,24,22.4,958.2,26.96,0,29.3,24.0,6.222222222222221,312.037037037037,0.0,16.44994614848922,36.251320132013205,73.04597179164921,34.94055691400453,21.695226330345093
2016-04-14,39.1,22.1,31.3,21,20.3,957.9,26.58,7,31.3,21.0,5.638888888888889,307.63888888888886,0.07,17.06725065101866,38.27609334203655,72.81353517014452,37.08505550425278,22.732294124120372
2016-04-15,40.3,26.0,33.3,18,20.7,959.1,25.57,50,33.3,18.0,5.75,295.9490740740741,0.5,17.523966434765107,38.46190245478036,65.23878636943346,37.18270927244513,23.28915699529165
2016-04-16,40.5,26.4,33.6,21,16.8,957.8,25.68,92,33.6,21.0,4.666666666666667,297.22222222222223,0.92,18.651630204874667,37.75086206896552,57.52149605956441,36.160951764623256,23.96631355720537
2016-04-17,38.2,27.5,32.8,23,18.2,957.1,24.36,95,32.8,23.0,5.055555555555555,281.9444444444444,0.95,18.66981971721311,36.480075966850826,55.18601398671001,34.631578420881795,23.644888995419343
2016-04-18,38.0,25.2,32.0,17,15.5,958.9,26.43,73,32.0,17.0,4.305555555555555,305.90277777777777,0.73,16.351205256784716,37.218610074626866,60.61259714548578,35.41298920935547,22.089565694674672
2016-04-19,37.7,26.2,31.4,21,14.7,960.0,19.64,93,31.4,21.0,4.083333333333333,227.3148148148148,0.93,17.136138187804246,34.74715851172273,50.201513918115836,32.5298960138577,22.08472843380752
2016-04-20,38.0,24.5,31.2,18,17.4,961.1,25.33,69,31.2,18.0,4.833333333333333,293.17129629629625,0.69,16.132569716690124,36.082047434086626,59.75754466671583,34.112320517257295,21.62920828850041
2016-04-21,38.5,24.6,31.7,22,19.8,958.8,27.25,19,31.7,22.0,5.5,315.3935185185185,0.19,17.62169204047876,38.49597938712522,71.77282439599242,37.29585131200276,23.204380305760175
2016-04-22,38.6,25.2,31.9,22,22.4,955.9,26.31,10,31.9,22.0,6.222222222222221,304.51388888888886,0.1,17.761111672441668,38.34453898514851,72.26847896912773,37.35035747062134,23.29168596773887
2016-04-23,36.6,22.8,29.9,15,15.7,956.2,28.66,0,29.9,15.0,4.361111111111111,331.71296296296293,0.0,14.370981666190065,38.75880316518298,75.75552196501229,37.26369246987763,20.80144779936964
2016-04-24,37.7,20.5,29.9,9,12.4,956.0,28.33,38,29.9,9.0,3.4444444444444446,327.8935185185185,0.38,12.30574561259829,37.7629728618421,67.52493086462647,35.78745378977944,19.156616501187223
2016-04-25,38.0,20.9,30.7,14,11.0,957.8,27.63,35,30.7,14.0,3.0555555555555554,319.79166666666663,0.35,14.55175160434251,38.88776939655172,67.57816237420622,36.923046765633764,21.0337800023501
2016-04-26,39.1,24.0,32.2,16,9.2,960.1,26.61,30,32.2,16.0,2.5555555555555554,307.9861111111111,0.3,16.15969591270429,40.862109375,67.8548901221804,38.70509991803911,22.704209013893006
2016-04-27,39.1,23.7,31.5,17,12.0,959.3,26.3,14,31.5,17.0,3.333333333333333,304.39814814814815,0.14,16.024593357985147,39.99270833333333,70.73275986025948,38.24282338663498,22.36575701725627
2016-04-28,39.7,22.1,31.6,16,12.9,958.6,27.79,3,31.6,16.0,3.5833333333333335,321.6435185185185,0.03,15.77357138030716,40.82773395361381,74.9078745300962,39.13840332701043,22.367046756937775
2016-04-29,40.3,23.2,32.5,13,16.1,959.0,27.39,11,32.5,13.0,4.472222222222222,317.01388888888886,0.11,15.317730577467017,40.406754032258064,73.96928043856997,38.971599054840205,22.053762210678524
2016-04-30,41.1,22.7,32.7,13,18.6,958.5,28.11,4,32.7,13.0,5.166666666666667,325.3472222222222,0.04,15.440190256132428,40.54033469945355,76.4001069334966,39.41085600123833,22.186200119183408
2016-05-01,42.2,22.9,33.3,14,16.1,956.9,28.38,2,33.3,14.0,4.472222222222222,328.4722222222222,0.02,16.171839246228163,41.882661290322574,77.4900591526407,40.623063906285914,23.02681973042423
2016-05-02,41.5,26.3,33.7,18,27.1,956.9,22.89,67,33.7,18.0,7.527777777777778,264.93055555555554,0.67,17.788986723525877,37.21576358093127,59.38262021000395,36.109869464595405,23.265443422654368
2016-05-03,40.4,26.9,33.6,18,15.9,957.3,26.72,22,33.6,18.0,4.416666666666667,309.25925925925924,0.22,17.722731870382344,40.90727630285153,71.92196605265468,39.69833081489911,23.947367569837944
2016-05-04,40.3,24.8,33.3,19,17.7,957.0,27.31,11,33.3,19.0,4.916666666666666,316.08796296296293,0.11,17.838915430156426,40.83033088235294,74.51578212518007,39.79756260038346,23.983306977580085
2016-05-05,37.9,24.1,31.0,27,24.4,959.2,24.44,42,31.0,27.0,6.777777777777777,282.8703703703704,0.42,18.41352633947309,35.74341588050314,63.46764796865773,34.16343727512623,23.138151613731793
2016-05-06,35.5,23.0,29.5,42,8.2,959.6,22.8,43,29.5,42.0,2.2777777777777777,263.88888888888886,0.43,20.422442128339085,36.61593511450382,58.6516385453445,35.53298260172421,24.568896512738124
2016-05-07,38.0,23.7,31.6,30,10.6,958.8,25.63,18,31.6,30.0,2.944444444444444,296.6435185185185,0.18,19.576663377413468,40.094791666666666,68.87446170450482,38.65484579181567,24.88262269752276
2016-05-08,40.5,25.8,33.6,23,15.9,958.6,24.93,32,33.6,23.0,4.416666666666667,288.54166666666663,0.32,19.233873498330375,40.03473451327434,67.96607058988008,38.8686859130644,24.83065835148613
2016-05-09,41.8,26.0,34.0,24,15.3,958.2,24.84,36,34.0,24.0,4.25,287.5,0.36,19.800296298891443,40.37162162162162,67.42617144596596,39.273329012181584,25.33453173354833
2016-05-10,41.8,26.4,33.6,30,26.1,959.0,23.32,36,33.6,30.0,7.25,269.9074074074074,0.36,21.08688524023109,38.11681783824641,65.1027270321502,37.50961000207573,25.744183235811043
2016-05-11,41.0,25.9,33.3,32,18.2,958.7,27.09,15,33.3,32.0,5.055555555555555,313.54166666666663,0.15,21.34293899424621,40.51059219613259,73.51037401005578,39.76206041112135,26.372175735198866
2016-05-12,41.8,25.6,33.9,31,21.2,956.1,26.62,14,33.9,31.0,5.888888888888888,308.10185185185185,0.14,21.560601962145018,40.47860331632653,73.48150977386712,40.005300150498016,26.57814203676682
2016-05-13,41.8,26.9,34.9,23,18.1,955.5,25.86,15,34.9,23.0,5.027777777777778,299.30555555555554,0.15,20.150445972818087,41.802268005540164,73.16021691712984,41.13696538538664,25.955765782080697
2016-05-14,42.2,28.9,35.7,20,12.6,956.8,24.09,21,35.7,20.0,3.5,278.8194444444444,0.21,19.77858744025025,43.03951184640523,70.1079757609329,41.96832974376388,26.022913577456222
2016-05-15,42.7,28.4,35.1,22,11.5,957.1,25.58,14,35.1,22.0,3.194444444444444,296.0648148148148,0.14,19.99175999669574,43.50021186440678,72.45082212364821,42.26422886493665,26.204274370568374
2016-05-16,42.9,27.6,35.5,23,15.6,955.5,25.13,28,35.5,23.0,4.333333333333333,290.85648148148147,0.28,20.573473479759638,42.20008680555556,70.35985892361606,41.431422603038804,26.391448796942857
2016-05-17,43.5,26.0,35.5,20,20.1,953.8,28.61,0,35.5,20.0,5.583333333333334,331.13425925925924,0.0,19.64252070068122,43.32206911636045,79.77609833986355,43.11461137547057,25.964178313748945
2016-05-18,44.5,27.3,36.1,19,14.4,952.4,28.52,0,36.1,19.0,4.0,330.09259259259255,0.0,19.719349961514535,45.269238683127575,79.93457053434622,44.438634961526446,26.46739270968569
2016-05-19,46.0,28.9,37.7,20,14.9,951.6,27.99,5,37.7,20.0,4.138888888888889,323.9583333333333,0.05,21.13923018380711,46.34053001519757,79.58318957255108,45.96173028299485,27.83556713170449
2016-05-20,45.7,30.2,37.5,25,22.7,950.5,27.33,12,37.5,25.0,6.305555555555555,316.3194444444444,0.12,22.59972591002763,44.07509213759214,77.3086077027782,44.74131111454687,28.384826564537768
2016-05-21,44.9,29.0,37.0,24,27.3,950.8,25.52,22,37.0,24.0,7.583333333333333,295.3703703703703,0.22,21.938695248827187,42.22277409860192,72.60822895617741,43.15846580537911,27.501641493899413
2016-05-22,43.1,30.9,36.7,31,25.9,952.0,26.87,6,36.7,31.0,7.194444444444444,310.9953703703704,0.06,23.692844016515775,42.88448652239939,76.94962089208207,43.86975182326721,28.831888116040922
2016-05-23,42.5,30.2,35.4,36,23.6,953.6,26.76,26,35.4,36.0,6.555555555555555,309.72222222222223,0.26,23.925014990535093,41.22962740384615,72.46464439312638,41.48705305074194,28.533435974143792
2016-05-24,39.0,29.4,33.9,37,19.5,954.1,27.4,16,33.9,37.0,5.416666666666667,317.1296296296296,0.16,22.962916253150194,40.90222222222222,74.1463726999375,40.52292964831312,27.64448582164958
2016-05-25,40.5,29.8,34.1,35,28.9,952.2,25.13,18,34.1,35.0,8.027777777777777,290.85648148148147,0.18,22.66677302821898,39.17913557213931,70.47999661236946,39.47715417111593,27.112568234181147
2016-05-26,40.1,29.1,34.5,33,24.7,953.6,27.65,0,34.5,33.0,6.861111111111111,320.0231481481481,0.0,22.507007122166325,41.24521857923497,77.51803370264565,41.48043219848643,27.45394870136342
2016-05-27,41.0,30.2,35.1,32,25.9,955.5,27.31,0,35.1,32.0,7.194444444444444,316.08796296296293,0.0,22.724960390614232,41.58016324981018,77.4012148190684,42.103966731226485,27.733504923392
2016-05-28,39.9,30.2,34.5,35,25.2,955.1,27.33,0,34.5,35.0,7.0,316.3194444444444,0.0,22.98105715354413,41.089988425925924,77.05804980244955,41.418014091805,27.754737692666072
2016-05-29,40.1,29.9,34.5,35,19.0,954.3,26.61,15,34.5,35.0,5.277777777777778,307.9861111111111,0.15,22.98105715354413,41.4296875,73.79858557926019,41.078805727814384,27.822677507480886
2016-05-30,39.3,27.3,33.0,43,16.6,955.3,26.35,13,33.0,43.0,4.611111111111112,304.97685185185185,0.13,23.507242562860725,40.41728383911368,72.67837536157339,39.95226140806083,27.838526561825244
2016-05-31,40.3,26.5,33.7,39,16.6,956.6,26.22,10,33.7,39.0,4.611111111111112,303.4722222222222,0.1,23.242212248275955,41.199096820809245,73.5689769188889,40.710742546562976,27.879367937955017
2016-06-01,40.9,27.2,34.4,32,15.8,957.2,26.67,5,34.4,32.0,4.388888888888889,308.68055555555554,0.05,22.187510270746372,42.41382211538461,75.51539803735074,41.79599244375044,27.454021612599384
2016-06-02,40.8,28.9,35.2,29,17.1,956.8,24.38,8,35.2,29.0,4.75,282.1759259259259,0.08,22.034893029362276,42.14586894586895,72.66810918987773,41.626364302255894,27.37359890972738
2016-06-03,41.9,30.0,35.9,28,14.0,956.8,24.8,9,35.9,28.0,3.888888888888889,287.037037037037,0.09,22.289104880048725,43.60963541666666,73.36728341459695,43.021152624911245,27.91430049936744
2016-06-04,43.5,29.5,36.7,19,19.9,956.3,27.46,2,36.7,19.0,5.527777777777778,317.8240740740741,0.02,20.122287517542617,44.171800791556734,78.81267733545582,44.155631793054084,26.58996142059118
2016-06-05,43.8,29.8,36.8,24,11.7,955.7,24.54,43,36.8,24.0,3.2499999999999996,284.02777777777777,0.43,21.796137920695227,43.55641835016835,67.61460824930009,42.81536248120938,27.64858021452033
2016-06-06,43.6,31.5,37.4,25,18.3,955.4,23.64,27,37.4,25.0,5.083333333333333,273.6111111111111,0.27,22.527693904019827,43.26794077134986,70.29026311487775,43.19828925393173,28.16297388708385
2016-06-07,43.8,30.4,37.1,25,19.4,954.8,24.94,20,37.1,25.0,5.388888888888888,288.6574074074074,0.2,22.31159739077261,43.35167112299466,72.80849320633007,43.36663641312624,27.99845239813976
2016-06-08,43.2,29.8,36.9,23,15.0,953.5,25.52,40,36.9,23.0,4.166666666666667,295.3703703703703,0.4,21.56052387005337,43.34444444444444,69.74237236858647,42.836649323663885,27.451255597926245
2016-06-09,42.9,29.8,36.4,25,17.7,952.7,26.68,6,36.4,25.0,4.916666666666666,308.7962962962963,0.06,21.80736925265448,43.951237161531274,76.90513036948147,43.734311080929615,27.69540590916439
2016-06-10,42.3,31.0,36.2,34,21.1,952.8,25.89,11,36.2,34.0,5.861111111111112,299.65277777777777,0.11,24.07164803734023,42.71802269820972,74.80705462552112,42.97354518728232,29.013758165780107
2016-06-11,39.9,30.9,35.2,39,19.2,953.8,25.47,20,35.2,39.0,5.333333333333333,294.79166666666663,0.2,24.45385666633539,41.61885080645162,72.01768060865942,41.575525894631355,28.961469827725093
2016-06-12,39.8,29.8,34.1,42,18.6,953.5,24.82,15,34.1,42.0,5.166666666666667,287.26851851851853,0.15,24.2087148002096,40.63418146630237,71.23878152519256,40.40188605693402,28.482936653407194
2016-06-13,38.9,30.5,34.2,41,20.7,953.7,24.62,15,34.2,41.0,5.75,284.9537037037037,0.15,24.078706758068908,40.32981804478898,71.016747139617,40.16942009941073,28.34105833960603
2016-06-14,37.8,30.0,33.7,42,24.5,952.8,24.64,12,33.7,42.0,6.805555555555555,285.18518518518516,0.12,23.879477775542032,39.37686274509804,70.96122293231946,39.40757222248627,27.96100699189903
2016-06-15,38.2,29.3,33.5,41,26.1,951.1,25.06,7,33.5,41.0,7.25,290.04629629629625,0.07,23.506043114572524,39.21213624338624,72.0736965911072,39.33881178948856,27.646657428878015
2016-06-16,39.1,29.6,34.2,38,18.1,951.7,25.84,16,34.2,38.0,5.027777777777778,299.0740740740741,0.16,23.425553611915536,41.05964912280702,72.43241760019555,40.67341113618873,28.02981735290228
2016-06-17,40.6,29.4,35.2,37,14.5,952.8,24.48,24,35.2,37.0,4.027777777777778,283.3333333333333,0.24,23.998992302976696,42.104615384615386,69.94416236498273,41.741117122355654,28.740217689006762
2016-06-18,40.5,30.6,35.4,40,18.7,953.7,23.31,50,35.4,40.0,5.194444444444444,269.79166666666663,0.5,24.8393447952127,40.3621083106267,64.4628027829628,40.19930519313155,28.99996301877423
2016-06-19,39.3,30.7,34.4,45,17.2,954.4,22.01,78,34.4,45.0,4.777777777777778,254.74537037037038,0.78,25.080861201642506,38.373159327651514,57.51268398774846,38.03704652146529,28.671234706680057
2016-06-20,38.8,30.2,33.9,51,15.9,953.4,21.27,78,33.9,51.0,4.416666666666667,246.18055555555554,0.78,25.841658737720113,37.88681784660767,56.35043023525844,37.88028292372499,29.056524685725613
2016-06-21,37.1,28.1,32.2,59,13.4,953.4,18.59,100,32.2,59.0,3.7222222222222223,215.16203703703704,1.0,25.79966329489037,35.28353237791932,48.80817913176037,35.518850701110416,28.336470782007126
2016-06-22,35.5,25.4,29.5,74,12.1,954.5,15.89,97,29.5,74.0,3.3611111111111107,183.91203703703704,0.97,25.744086335640414,32.33200096899225,44.43366869287547,33.20949271138154,27.43726062874674
2016-06-23,39.1,27.5,32.7,56,15.6,954.9,23.1,62,32.7,56.0,4.333333333333333,267.3611111111111,0.62,25.71648835280514,37.64140625,59.910104434216805,37.76336935943999,28.799823096963596
2016-06-24,38.3,26.1,31.6,61,13.7,952.9,19.83,70,31.6,61.0,3.8055555555555554,229.51388888888886,0.7,25.602674182932546,35.83550867507887,54.13733592749645,36.114526976709186,28.248973663068554
2016-06-25,38.2,29.3,33.2,53,14.7,954.0,20.87,47,33.2,53.0,4.083333333333333,241.55092592592592,0.47,25.61000947872968,38.28586582568808,60.297485672551886,38.360439904842636,28.904179800248393
2016-06-26,37.5,27.0,32.2,59,7.8,953.9,21.65,62,32.2,59.0,2.1666666666666665,250.57870370370367,0.62,25.79966329489037,38.23137112403101,56.415911226764706,38.78469566671963,28.92603853122946
2016-06-27,36.2,28.0,31.1,66,11.2,953.0,21.48,78,31.1,66.0,3.1111111111111107,248.61111111111111,0.78,25.97591105263992,35.7742294520548,53.71349598326742,36.606078351872185,28.447983627258903
2016-06-28,33.8,25.6,29.4,76,10.4,953.6,18.75,72,29.4,76.0,2.888888888888889,217.01388888888889,0.72,25.95296325311993,33.80140845070422,50.37268239793974,35.15134725727012,27.867355967324794
2016-06-29,35.7,26.1,31.1,68,13.7,954.3,22.59,54,31.1,68.0,3.8055555555555554,261.4583333333333,0.54,26.299652394496466,36.51886829652997,59.29143549334111,37.30248993017636,28.82353033545352
2016-06-30,36.8,28.5,32.7,59,5.6,952.6,22.71,49,32.7,59.0,1.5555555555555554,262.84722222222223,0.49,26.247143760236813,40.267995233050854,58.60624010531865,40.409558441018675,29.696599678775943
2016-07-01,33.0,26.7,29.4,76,20.5,950.8,9.83,94,29.4,76.0,5.694444444444445,113.77314814814814,0.94,25.95296325311993,30.809604978354976,39.34472534261545,30.359176908768873,27.268995272854948
2016-07-02,33.1,26.4,28.5,80,11.7,950.6,13.32,99,28.5,80.0,3.2499999999999996,154.16666666666666,0.99,25.689639242127175,30.859217171717173,40.978577130800375,31.97380392944776,27.004590903832458
2016-07-03,30.4,24.6,26.7,89,11.8,951.0,11.3,88,26.7,89.0,3.2777777777777777,130.78703703703704,0.88,25.22945330531144,28.911968680089487,38.64917479775261,30.143948549279564,26.113011049735903
2016-07-04,33.4,25.1,28.2,82,16.2,950.8,17.59,90,28.2,82.0,4.5,203.58796296296296,0.9,25.693122286849434,31.146667884990254,46.109356698716795,31.614336922294825,27.034519177792653
2016-07-05,34.4,25.6,29.4,76,22.2,950.1,20.56,48,29.4,76.0,6.166666666666666,237.96296296296293,0.48,25.95296325311993,33.44892205638474,56.78119618159616,33.76177519595325,27.796858688460897
2016-07-06,34.0,27.7,30.0,67,21.1,950.8,19.67,79,30.0,67.0,5.861111111111112,227.66203703703704,0.79,25.123787463513242,33.17038309889173,51.38329340429675,32.750738537042935,27.220727844237615
2016-07-07,34.0,27.3,30.5,65,14.8,951.7,21.78,84,30.5,65.0,4.111111111111112,252.08333333333334,0.84,25.263416012171163,34.51181402439025,52.89081959447503,34.66303494278504,27.636754013397862
2016-07-08,34.7,27.0,30.1,68,17.8,951.3,20.03,54,30.1,68.0,4.944444444444445,231.8287037037037,0.54,25.37431100178583,34.354510009310985,55.83657486147672,34.41906338432263,27.64291970311228
2016-07-09,34.3,26.1,29.7,75,10.5,950.2,19.92,62,29.7,75.0,2.9166666666666665,230.55555555555557,0.62,26.085494578473792,34.723684210526315,53.39117290877488,36.03560647250091,28.174583047036915
2016-07-10,34.7,26.0,30.0,73,12.1,950.0,18.54,77,30.0,73.0,3.3611111111111107,214.58333333333331,0.77,26.061655262353888,33.945909468438536,50.216296997523045,34.97172705688905,28.03234057733543
2016-07-11,32.2,26.1,28.4,80,8.9,950.6,15.51,97,28.4,80.0,2.4722222222222223,179.51388888888889,0.97,25.59363562057946,31.493111059479553,42.62775533207332,33.166106536855956,27.05416714630153
2016-07-12,31.7,25.5,28.3,80,9.4,951.6,14.74,98,28.3,80.0,2.611111111111111,170.60185185185185,0.98,25.49763198333287,31.157892335766423,41.84662839086491,32.7030269630676,26.90992085548629
2016-07-13,32.2,25.3,27.8,85,7.9,951.9,15.67,98,27.8,85.0,2.1944444444444446,181.36574074074073,0.98,25.73868501656289,31.014165057915058,41.85183614121968,33.160542707784806,26.999912523177038
2016-07-14,31.7,25.2,27.6,85,13.3,952.1,13.14,98,27.6,85.0,3.6944444444444446,152.08333333333334,0.98,25.544103978138544,29.830231629392973,40.24951095625755,30.704398914787213,26.606919110575575
2016-07-15,29.9,25.4,26.8,88,16.8,952.6,7.97,100,26.8,88.0,4.666666666666667,92.24537037037037,1.0,25.1875657723066,27.9928280651341,34.643148891868634,27.71278729975846,25.90986165364144
2016-07-16,26.6,24.9,25.4,93,17.5,953.1,4.01,100,25.4,93.0,4.861111111111111,46.41203703703703,1.0,24.49776170623187,25.98832159624413,29.47168655621732,24.93794230401368,24.886097513611134
2016-07-17,28.5,24.4,26.2,87,16.9,954.6,6.57,99,26.2,87.0,4.694444444444444,76.04166666666667,0.99,24.46050420859876,27.190284742120344,32.80399941335645,26.374831302196267,25.1804098944432
2016-07-18,31.8,25.0,28.1,75,23.3,955.1,19.4,60,28.1,75.0,6.472222222222222,224.537037037037,0.6,24.57143787451921,31.525141242937856,52.45902919320753,30.979352155537416,26.31503476075102
2016-07-19,31.9,25.3,28.5,71,20.5,954.6,19.16,31,28.5,71.0,5.694444444444445,221.75925925925924,0.31,24.349745691739013,32.880465367965364,56.98432213319904,32.53639126688834,26.47091505781038
2016-07-20,33.2,25.6,29.1,69,19.5,954.4,24.37,36,29.1,69.0,5.416666666666667,282.06018518518516,0.36,24.603439031141413,34.65094444444445,63.18997292969459,34.61974044158444,27.062596210687875
2016-07-21,34.0,25.8,29.6,66,16.6,953.9,24.51,48,29.6,66.0,4.611111111111112,283.68055555555554,0.48,24.597480942618375,35.20802023121387,61.528100608737816,35.209876698237046,27.219840706075637
2016-07-22,33.3,25.3,29.3,66,16.6,953.1,24.3,19,29.3,66.0,4.611111111111112,281.25,0.19,24.321794310333587,35.92075505780347,66.2095368164866,35.938009737951255,27.139407028794203
2016-07-23,33.2,25.5,29.2,68,9.9,954.1,22.1,70,29.2,68.0,2.75,255.78703703703704,0.7,24.541501939102925,34.56327658303465,53.779627276276244,35.19615975891907,27.011706673978978
2016-07-24,33.2,25.5,28.6,77,10.5,955.5,18.31,71,28.6,77.0,2.9166666666666665,211.92129629629628,0.71,25.342308774150922,32.916502192982456,49.40654491286813,34.103456812727735,27.182916580502134
2016-07-25,32.9,25.7,29.1,77,7.4,955.4,19.83,74,29.1,77.0,2.055555555555556,229.51388888888886,0.74,25.81825771684835,34.22340059055118,49.951277323979696,35.82785882656922,27.82746051990408
2016-07-26,33.8,25.9,28.7,81,13.6,955.6,17.2,99,28.7,81.0,3.7777777777777777,199.07407407407405,0.99,26.028892032542053,31.563264767932488,44.717050304410066,32.55649777508612,27.402877376365932
2016-07-27,29.7,24.4,25.7,92,9.8,956.2,8.6,100,25.7,92.0,2.7222222222222223,99.53703703703702,1.0,24.658421696935893,27.31121103117506,33.859202417239885,28.8584261837322,25.293137394090135
2016-07-28,29.0,24.2,25.7,89,6.9,955.3,8.29,100,25.7,89.0,1.9166666666666667,95.94907407407406,1.0,24.246824957031254,27.434019410977243,33.15977160380413,29.48214234197259,25.029581352117326
2016-07-29,28.8,23.9,25.5,91,10.5,953.9,8.6,100,25.5,91.0,2.9166666666666665,99.53703703703702,1.0,24.323913545750028,27.071637426900583,33.74051345958401,28.22884513941294,24.991066967405136
2016-07-30,28.5,23.9,25.7,91,10.8,953.8,9.7,100,25.7,91.0,3.0,112.2685185185185,1.0,24.521376139950984,27.45419560185185,34.964576389095726,28.644579406821073,25.22580241833606
2016-07-31,30.6,24.2,26.7,87,10.9,953.7,10.89,99,26.7,87.0,3.0277777777777777,126.04166666666667,0.99,24.949418219821645,28.682212370242215,37.076633190067014,29.903226539355867,25.871035227923592
2016-08-01,32.6,24.6,27.5,83,12.4,952.0,16.95,97,27.5,83.0,3.4444444444444446,196.18055555555554,0.97,25.160850471226638,30.49110814144737,43.62766499061519,31.446446688675444,26.460816958148122
2016-08-02,28.7,24.5,25.7,91,12.4,950.6,8.96,98,25.7,91.0,3.4444444444444446,103.70370370370371,0.98,24.521376139950984,27.265789473684208,34.569913003754266,27.954628877613,25.188121192702532
2016-08-03,30.9,24.0,26.8,85,13.8,950.7,16.83,95,26.8,85.0,3.8333333333333335,194.79166666666663,0.95,24.765779261151295,29.694310141509433,43.320481630635015,30.273266685699923,25.95490751110779
2016-08-04,29.6,24.3,26.7,83,13.1,951.4,13.1,98,26.7,83.0,3.638888888888889,151.62037037037035,0.98,24.386563570473644,28.937741157556268,39.38648275750552,29.306523598996034,25.528142730842802
2016-08-05,31.0,24.0,27.1,85,12.6,952.2,16.57,93,27.1,85.0,3.5,191.7824074074074,0.93,25.057651136297814,30.117752587145972,43.52947220374995,31.07473096229612,26.273906312837667
2016-08-06,31.7,25.5,28.0,82,16.7,952.5,18.41,90,28.0,82.0,4.638888888888888,213.0787037037037,0.9,25.500065426147007,31.039595341018252,46.719395274162025,31.370617929233998,26.857964866506556
2016-08-07,30.0,25.0,27.1,85,13.1,952.7,14.42,84,27.1,85.0,3.638888888888889,166.89814814814815,0.84,25.057651136297814,29.901312968917473,42.709845675011195,30.71833813114087,26.230618389191967
2016-08-08,29.8,25.0,26.6,87,15.6,952.6,13.55,94,26.6,87.0,4.333333333333333,156.8287037037037,0.94,24.85163544493022,28.826407490079365,40.323690445036505,28.965554941134368,25.82142630946703
2016-08-09,29.7,24.4,26.5,87,13.5,951.0,14.3,89,26.5,87.0,3.75,165.50925925925927,0.89,24.75385265639836,29.12450396825397,41.46405856023506,29.771445767601712,25.802597653129645
2016-08-10,30.5,24.4,26.2,89,10.6,951.7,12.69,98,26.2,89.0,2.944444444444444,146.875,0.98,24.738139294674188,28.557189685314686,38.319593098243104,29.913109413080036,25.64813544333487
2016-08-11,27.7,23.7,24.9,94,14.2,954.1,4.93,100,24.9,94.0,3.944444444444444,57.060185185185176,1.0,24.136797527531552,25.697424948240165,29.860422373436506,25.473229102100845,24.52524325892012
2016-08-12,30.7,24.0,26.3,86,16.2,955.4,11.77,96,26.3,86.0,4.5,136.22685185185185,0.96,24.418918228401733,28.164156920077975,38.149477493092604,27.83276000871516,25.356074143896805
2016-08-13,30.6,24.5,27.1,84,14.5,954.9,14.8,99,27.1,84.0,4.027777777777778,171.2962962962963,0.99,24.915816589202976,29.495512820512822,41.24366474135502,29.844542308917568,26.050174176544644
2016-08-14,29.9,24.0,27.0,81,16.0,954.2,12.95,83,27.0,81.0,4.444444444444445,149.88425925925924,0.83,24.392339172789733,29.321001838235293,41.3972751830629,29.06057889026987,25.63883778859987
2016-08-15,31.3,23.8,27.3,73,17.9,953.5,22.96,58,27.3,73.0,4.972222222222221,265.74074074074076,0.58,23.52226357266964,32.03003714020427,56.207974140222404,31.67939769165386,25.601591928909603
2016-08-16,30.9,23.1,26.7,74,21.3,952.2,20.27,40,26.7,74.0,5.916666666666667,234.60648148148147,0.4,23.10250493226827,30.99813401187447,55.576145570190704,30.215265334682368,25.041380254962682
2016-08-17,29.7,22.5,26.3,76,16.7,952.6,13.52,93,26.3,76.0,4.638888888888888,156.48148148148147,0.93,23.010713610116714,28.47134966378482,40.180484242916634,27.380225211983305,24.431769459838662
2016-08-18,27.1,24.2,25.5,82,16.8,953.3,6.4,99,25.5,82.0,4.666666666666667,74.07407407407408,0.99,23.086849488339208,26.467432950191572,31.974323423724968,24.896003129378272,24.004281231875762
2016-08-19,30.2,23.9,26.4,85,13.0,952.8,14.43,99,26.4,85.0,3.611111111111111,167.01388888888889,0.99,24.376616560436773,28.848639112903225,40.189540846713214,29.353335201227388,25.473359414886385
2016-08-20,28.8,24.9,26.6,82,20.9,951.9,11.3,97,26.6,82.0,5.805555555555555,130.78703703703704,0.97,24.148665699966468,28.15834940017138,37.8965576933868,26.743378323377314,25.195735870010804
2016-08-21,26.3,23.4,24.9,83,18.6,952.3,7.38,97,24.9,83.0,5.166666666666667,85.41666666666666,0.97,22.644414466252805,25.98171106557377,32.52453582546531,23.878785503797797,23.537432339491716
2016-08-22,28.5,24.0,25.8,85,14.5,954.2,10.7,91,25.8,85.0,4.027777777777778,123.84259259259258,0.91,23.792872074640186,27.669070512820515,37.107544329267625,27.422097203429267,24.768824554812234
2016-08-23,30.5,23.8,26.4,85,17.3,955.0,17.22,55,26.4,85.0,4.805555555555555,199.30555555555554,0.55,24.376616560436773,30.084047450424926,49.33489932183312,30.125347498882938,25.720441082390725
2016-08-24,28.4,23.8,25.7,87,16.5,953.8,9.37,91,25.7,87.0,4.583333333333333,108.44907407407406,0.91,23.971589852731327,27.241862922705312,35.73097474502748,26.523953503180888,24.79848548145299
2016-08-25,29.2,24.1,26.2,80,15.6,956.5,15.61,78,26.2,80.0,4.333333333333333,180.67129629629628,0.78,23.481551896184165,29.152039930555553,44.09278209900464,28.796269005855642,24.887494313440026
2016-08-26,31.0,22.7,27.0,80,9.8,957.6,20.47,40,27.0,80.0,2.7222222222222223,236.92129629629628,0.4,24.24958325050458,33.136091127098325,55.00302344674583,34.237316580035454,26.30192650077287
2016-08-27,30.8,23.9,26.6,85,13.7,958.2,16.56,70,26.6,85.0,3.8055555555555554,191.66666666666663,0.7,24.57119793956796,30.137066246056783,46.43135345347082,30.792570317628137,25.887251806908928
2016-08-28,29.7,24.0,25.8,90,13.8,958.2,9.96,85,25.8,90.0,3.8333333333333335,115.27777777777779,0.85,24.48267917408527,27.675982704402518,36.88222266932257,28.034483213724123,25.253071962740187
2016-08-29,29.5,23.8,25.9,89,9.8,956.3,10.13,99,25.9,89.0,2.7222222222222223,117.24537037037037,0.99,24.443350731602298,27.81683528177458,35.523660247584814,29.202715649751553,25.263712568476524
2016-08-30,29.5,24.0,26.4,87,10.3,954.9,13.76,78,26.4,87.0,2.861111111111111,159.25925925925924,0.78,24.656069854189994,29.48951707891637,41.79709915700113,30.890625897943437,25.79715231371627
2016-08-31,30.3,23.7,26.5,86,13.6,955.1,13.82,82,26.5,86.0,3.7777777777777777,159.9537037037037,0.82,24.61399483200513,29.187829641350213,41.853059515392886,29.73869666323982,25.71736231067363
2016-09-01,29.4,23.7,25.9,88,14.8,955.3,12.47,84,25.9,88.0,4.111111111111112,144.3287037037037,0.84,24.305347097339506,28.19693851626016,39.75686130812397,28.317987211299922,25.243130671389686
2016-09-02,30.6,23.3,26.7,81,20.0,955.2,19.0,42,26.7,81.0,5.555555555555555,219.9074074074074,0.42,24.103535256806623,30.81458333333333,53.6978429858832,30.515973593133715,25.705391346431306
2016-09-03,30.0,22.7,26.2,75,19.8,955.2,20.71,11,26.2,75.0,5.5,239.69907407407408,0.11,22.77348945226576,31.593229166666667,60.356648239166475,31.124885455670668,24.880088449919366
2016-09-04,30.2,22.0,25.8,73,18.7,957.1,22.11,7,25.8,73.0,5.194444444444444,255.90277777777777,0.07,22.11148424067438,31.855900885558583,62.6796963194833,31.400438492567975,24.42921914558378
2016-09-05,28.9,22.0,25.3,74,21.7,957.7,17.62,31,25.3,74.0,6.027777777777778,203.9351851851852,0.31,21.7817085502552,29.206617338371117,52.34639264734341,27.812877107558542,23.618519452852865
2016-09-06,28.9,22.8,25.6,74,22.0,958.3,17.65,27,25.6,74.0,6.111111111111111,204.2824074074074,0.27,22.06473667767596,29.575846354166668,53.18302091203083,28.290323601868295,23.920484945206503
2016-09-07,29.4,22.3,25.7,73,16.5,957.9,19.47,16,25.7,73.0,4.583333333333333,225.3472222222222,0.16,22.017432121655677,31.108333333333334,57.39513558778464,30.677247258725085,24.203869151825643
2016-09-08,30.0,22.2,26.0,72,13.2,958.8,18.91,22,26.0,72.0,3.6666666666666665,218.86574074074073,0.22,22.156656047614486,31.61895699786325,55.65333549667241,31.610988184339345,24.43345063290279
2016-09-09,30.4,22.7,26.4,72,14.1,959.7,21.25,6,26.4,72.0,3.9166666666666665,245.94907407407405,0.06,22.531685447391485,33.08889537902388,61.79151800262332,33.12562030403316,25.029958888978815
2016-09-10,30.8,22.6,26.5,70,15.5,959.0,20.76,26,26.5,70.0,4.305555555555555,240.27777777777777,0.26,22.33524740405102,32.1160447761194,58.18617930022191,31.793142581732194,24.707882138059595
2016-09-11,30.5,22.5,26.2,70,14.1,958.1,19.54,20,26.2,70.0,3.9166666666666665,226.1574074074074,0.2,22.05578203692977,31.90677570093458,57.09232451185352,31.706148289756488,24.440402566037754
2016-09-12,30.7,21.8,26.2,70,13.9,958.2,21.05,9,26.2,70.0,3.861111111111111,243.63425925925927,0.09,22.05578203692977,32.7643776123302,60.85927895424811,32.6716879816045,24.611922948316877
2016-09-13,31.7,23.2,27.1,69,11.0,959.6,20.72,24,27.1,69.0,3.0555555555555554,239.81481481481478,0.24,22.746499062207175,33.64942528735632,58.22091435665027,33.88651962851558,25.362434401016287
2016-09-14,32.1,22.8,27.3,72,10.4,959.7,20.15,14,27.3,72.0,2.888888888888889,233.21759259259255,0.14,23.375500375298156,34.17334947183099,58.958905136036435,34.66354939739071,25.927520157074905
2016-09-15,32.2,22.8,27.4,77,9.4,958.4,20.73,8,27.4,77.0,2.611111111111111,239.93055555555554,0.08,24.20002956797565,34.965693430656934,60.37616248565001,35.81325365579623,26.673159383714342
2016-09-16,32.7,23.0,28.5,68,10.4,957.6,20.72,7,28.5,68.0,2.888888888888889,239.81481481481478,0.07,23.893760340091756,35.8337734741784,61.733870835354026,36.18446414994488,26.74238693289991
2016-09-17,33.5,22.6,28.2,65,7.3,956.4,21.58,3,28.2,65.0,2.0277777777777777,249.76851851851848,0.03,23.157333399111423,36.95177042160738,61.81086675963479,36.84215117193069,26.420487463699473
2016-09-18,32.5,23.0,28.0,67,7.9,957.3,20.82,8,28.0,67.0,2.1944444444444446,240.9722222222222,0.08,23.279438046588027,36.03861003861004,60.2584054894121,36.212382353808984,26.30332864033363
2016-09-19,33.1,23.0,28.1,68,8.9,957.0,19.65,16,28.1,68.0,2.4722222222222223,227.43055555555551,0.16,23.523621795488314,35.100464684014874,58.09063997595672,35.494631494498826,26.296628193644793
2016-09-20,33.7,24.2,28.6,66,12.3,956.2,20.9,18,28.6,66.0,3.416666666666667,241.89814814814812,0.18,23.678524689661266,35.13843509350935,60.86310404159673,35.28080013957858,26.462654301464752
2016-09-21,34.0,23.6,28.5,67,12.8,957.6,20.04,10,28.5,67.0,3.555555555555556,231.94444444444443,0.1,23.740526252874986,34.938717532467535,60.902617328863585,35.08928429632451,26.456111883506
2016-09-22,32.8,23.6,28.0,74,11.2,959.5,20.92,10,28.0,74.0,3.1111111111111107,242.12962962962965,0.1,24.328955274900295,35.08975456621005,61.39726466412759,35.745235628041335,26.848219605672217
2016-09-23,32.3,23.4,27.6,77,8.2,957.6,20.66,9,27.6,77.0,2.2777777777777777,239.12037037037035,0.09,24.390409609073856,35.444425890585244,59.73936426720735,36.308166546860136,26.922171904468748
2016-09-24,32.2,23.7,27.6,73,7.9,956.3,20.04,16,27.6,73.0,2.1944444444444446,231.94444444444443,0.16,23.804418897503357,35.015057915057916,57.73387858052945,35.65655992402893,26.426104811263937
2016-09-25,31.7,23.5,27.4,73,8.7,957.1,18.52,9,27.4,73.0,2.4166666666666665,214.35185185185185,0.09,23.61631536735258,34.30020287141073,56.86849544539342,34.970653317212,26.13146133142895
2016-09-26,32.8,23.5,27.9,67,8.0,958.5,19.38,8,27.9,67.0,2.2222222222222223,224.30555555555554,0.08,23.187220335658015,35.35384615384615,58.2698619269413,35.612412302132256,26.09182346572984
2016-09-27,34.4,23.1,28.6,62,9.4,958.9,20.45,10,28.6,62.0,2.611111111111111,236.68981481481478,0.1,23.054390848921077,35.98575881995134,60.64535489012303,35.98888322390767,26.19522535823502
2016-09-28,35.0,24.0,29.1,56,15.1,957.9,20.14,10,29.1,56.0,4.194444444444445,233.10185185185185,0.1,22.534731517294983,35.121210976837865,61.79576328573677,34.507448651750224,25.70855425747406
2016-09-29,34.0,22.9,28.6,56,12.3,957.8,19.88,11,28.6,56.0,3.416666666666667,230.09259259259258,0.11,22.09281763637554,35.0585396039604,60.519925655995905,34.59032913116494,25.336680266254955
2016-09-30,32.7,22.4,27.7,71,9.1,957.9,19.32,12,27.7,71.0,2.5277777777777777,223.61111111111111,0.12,23.602081480597732,34.68062730627306,57.971392281419355,35.22458164397447,26.227582497673023
2016-10-01,32.5,23.9,28.4,69,11.7,959.3,18.09,32,28.4,69.0,3.2499999999999996,209.375,0.32,23.953511032842023,33.72954545454545,54.8142771087451,34.08963303958971,26.353366813898507
2016-10-02,32.2,25.2,27.9,78,10.8,960.9,15.9,94,27.9,78.0,3.0,184.02777777777777,0.94,24.822248995183966,30.94796006944444,43.26444900815682,31.91368257048195,26.35516631051766
2016-10-03,33.1,25.1,28.5,75,9.4,959.7,17.01,81,28.5,75.0,2.611111111111111,196.875,0.81,24.949952480058986,32.347684762773724,46.34604849090721,33.49639482001368,26.784503688596036
2016-10-04,33.7,25.3,28.6,73,10.0,958.0,18.29,61,28.6,73.0,2.7777777777777777,211.68981481481478,0.61,24.744935379106586,33.32899925595238,50.72801225520112,34.23916302357455,26.847254616565085
2016-10-05,30.2,23.9,26.3,84,9.4,957.6,13.71,81,26.3,84.0,2.611111111111111,158.68055555555554,0.81,24.1394973509012,29.401220346715327,41.13884622377316,30.705577074238708,25.407892214973902
2016-10-06,30.0,23.8,26.4,80,8.4,959.2,12.5,83,26.4,80.0,2.3333333333333335,144.67592592592592,0.83,23.67355983399696,29.285298295454545,39.57759328408429,30.477082375363494,25.068551542888784
2016-10-07,32.2,22.4,26.9,78,11.9,959.9,18.51,16,26.9,78.0,3.3055555555555554,214.23611111111111,0.16,23.86759952564578,32.832692307692305,56.45390817581074,33.537209800815226,25.963858129490507
2016-10-08,32.5,22.7,27.2,70,11.1,959.6,18.23,26,27.2,70.0,3.083333333333333,210.99537037037035,0.26,22.987332485069818,32.877298109965636,54.73378476851468,33.17979422470948,25.386592361542
2016-10-09,33.5,23.1,27.5,62,15.6,958.7,18.87,15,27.5,62.0,4.333333333333333,218.40277777777777,0.15,22.058253544033487,32.91131882440476,58.05275125419939,32.25242785262687,24.77304124570439
2016-10-10,32.1,22.7,27.2,61,13.7,959.0,18.64,18,27.2,61.0,3.8055555555555554,215.74074074074073,0.18,21.633446225901935,32.773869610935854,56.880354030512024,32.22447348226978,24.418186280318523
2016-10-11,32.7,21.5,26.3,59,14.1,959.5,19.83,8,26.3,59.0,3.9166666666666665,229.51388888888886,0.08,20.519340885019734,32.47757009345794,59.37170141527287,31.74598932343474,23.4890526382054
2016-10-12,32.5,21.1,26.0,54,15.8,959.4,20.35,6,26.0,54.0,4.388888888888889,235.53240740740742,0.06,19.486506883509886,32.083425788954635,60.356101621702805,30.907082380440194,22.657239976247848
2016-10-13,32.7,20.5,26.1,53,15.1,961.2,19.9,6,26.1,53.0,4.194444444444445,230.32407407407405,0.06,19.418121504940313,32.17471047331319,59.722373238986904,31.0217577133516,22.637627148120856
2016-10-14,32.9,20.1,26.2,48,17.5,962.0,19.84,7,26.2,48.0,4.861111111111111,229.62962962962962,0.07,18.70709261457007,31.817840375586854,59.69957915920645,30.15885585831748,22.07853290531642
2016-10-15,33.1,21.0,26.3,43,11.2,962.7,20.19,5,26.3,43.0,3.1111111111111107,233.68055555555557,0.05,17.959554139494486,33.322420804794525,59.79338495580282,32.17427696500122,21.866172058605045
2016-10-16,32.4,19.9,25.9,45,12.3,963.5,17.56,22,25.9,45.0,3.416666666666667,203.2407407407407,0.22,17.961965069066526,31.272799779977994,53.56141693721861,29.91546918903419,21.417935504342164
2016-10-17,32.8,20.7,26.0,42,12.5,962.8,19.35,11,26.0,42.0,3.4722222222222223,223.95833333333334,0.11,17.54150589450779,32.24513319672131,57.76241982876917,30.885279283560227,21.328080765499717
2016-10-18,33.1,17.6,24.8,41,14.0,961.6,20.15,0,24.8,41.0,3.888888888888889,233.21759259259255,0.0,16.388430359814723,31.35924479166667,59.86998761983733,29.853651193891352,20.22375021020364
2016-10-19,33.0,18.7,25.3,37,15.5,961.0,20.01,0,25.3,37.0,4.305555555555555,231.59722222222223,0.0,16.108607837921102,31.522014925373135,60.20253873008187,29.71093597571855,20.1104284716194
2016-10-20,32.2,19.6,25.6,38,13.9,960.1,19.93,0,25.6,38.0,3.861111111111111,230.67129629629628,0.0,16.524407135238604,32.107967607105536,60.14163814823439,30.527582570784734,20.54867851608813
2016-10-21,32.0,18.4,25.0,43,11.6,960.9,19.67,0,25.0,43.0,3.222222222222222,227.66203703703704,0.0,16.88310795553934,31.922156531531535,58.862039882759916,30.74207770618091,20.702606875183847
2016-10-22,32.4,18.5,25.3,44,12.4,962.0,19.42,3,25.3,44.0,3.4444444444444446,224.76851851851853,0.03,17.296206228594944,31.854516173245614,58.46439036242464,30.604322837711475,21.008247594665583
2016-10-23,32.5,19.8,25.7,45,17.7,961.9,19.1,1,25.7,45.0,4.916666666666666,221.0648148148148,0.01,17.794457260446006,31.245197245564892,59.10699606552731,29.367443169120516,21.27515953142518
2016-10-24,31.9,20.1,25.8,46,18.2,961.3,17.96,11,25.8,46.0,5.055555555555555,207.87037037037038,0.11,18.04236778317972,30.683805248618786,56.07154747294766,28.592893383118763,21.346418497949557
2016-10-25,31.5,20.1,25.7,47,14.8,961.5,18.02,8,25.7,47.0,4.111111111111112,208.5648148148148,0.08,18.12049152636163,31.193902439024388,56.329879206125156,29.6448966522177,21.493124556258017
2016-10-26,32.3,20.7,25.8,45,15.0,963.4,17.29,12,25.8,45.0,4.166666666666667,200.11574074074073,0.12,17.87821119292244,30.9302398989899,54.797915533992466,29.190765223226656,21.280795814843685
2016-10-27,32.4,18.1,24.6,33,10.2,965.9,19.36,0,24.6,33.0,2.833333333333333,224.07407407407405,0.0,14.844985081952526,31.75130023640662,57.68358782379522,30.373782981019012,19.201749604648093
2016-10-28,31.5,16.1,23.8,35,9.4,964.3,19.24,0,23.8,35.0,2.611111111111111,222.68518518518516,0.0,14.573566699711947,31.11447688564477,56.57982893013417,29.884842635474563,18.804392066927313
2016-10-29,30.9,16.5,23.2,39,10.9,963.8,18.8,0,23.2,39.0,3.0277777777777777,217.59259259259258,0.0,14.760325951009367,29.976239907727795,55.97155168527223,28.76279295815413,18.647476147252117
2016-10-30,30.6,16.7,23.9,39,9.7,965.6,18.68,5,23.9,39.0,2.694444444444444,216.2037037037037,0.05,15.325809144685824,30.749052346570394,55.24684100425924,29.58971524526558,19.267876870594158
2016-10-31,30.1,15.6,23.3,44,7.2,968.0,18.44,0,23.3,44.0,2.0,213.42592592592592,0.0,15.630519296336022,30.922354497354497,53.85782466399655,30.00992584936031,19.455834406906114
2016-11-01,30.0,16.5,22.6,49,8.9,967.3,18.31,0,22.6,49.0,2.4722222222222223,211.92129629629628,0.0,15.78936149936126,29.690303593556383,54.03592217918771,29.038241648780385,19.25061376826416
2016-11-02,29.5,17.2,23.0,48,8.8,967.1,18.08,0,23.0,48.0,2.4444444444444446,209.25925925925924,0.0,15.983506215627013,30.0273631840796,53.964728817463424,29.30904523702341,19.49392698775483
2016-11-03,29.2,16.3,22.4,53,8.6,967.2,18.0,0,22.4,53.0,2.388888888888889,208.33333333333331,0.0,16.19128528096999,29.448872180451126,53.27436510170372,28.986561009567872,19.463674132769217
2016-11-04,28.7,14.7,22.3,49,6.9,964.6,17.9,1,22.3,49.0,1.9166666666666667,207.1759259259259,0.01,15.532715408016074,29.750845046854085,51.931625932263955,29.13502774424422,19.05306979498207
2016-11-05,30.5,14.9,22.1,47,13.4,962.0,17.81,0,22.1,47.0,3.7222222222222223,206.13425925925924,0.0,15.072419927165559,28.0083067940552,54.131750164433754,26.583670244390493,18.36235530782693
2016-11-06,30.8,14.0,22.1,45,15.1,962.5,17.88,0,22.1,45.0,4.194444444444445,206.94444444444443,0.0,14.779276049879407,27.72688821752266,54.447871785431346,25.879657687174905,18.100870878420118
2016-11-07,29.6,16.7,22.3,40,15.2,964.4,18.1,0,22.3,40.0,4.222222222222222,209.49074074074073,0.0,14.188876988333067,27.978965863453816,54.955506775573156,25.987089496604753,17.75800706452391
2016-11-08,29.3,14.5,21.4,46,11.9,965.5,18.01,0,21.4,46.0,3.3055555555555554,208.44907407407408,0.0,14.336843355400514,27.674386845039017,53.61484033706978,26.55047697243263,17.710667717788162
2016-11-09,30.3,14.1,21.4,39,13.0,965.9,18.07,0,21.4,39.0,3.611111111111111,209.1435185185185,0.0,13.30620727712714,27.471908602150535,53.927160399793365,25.913184831611616,16.948726814419103
2016-11-10,30.2,15.2,21.7,39,10.5,965.0,17.81,0,21.7,39.0,2.9166666666666665,206.13425925925924,0.0,13.548562361699084,28.209502923976608,53.16764340617772,27.089711094883008,17.295894237984683
2016-11-11,29.4,14.4,21.4,41,11.5,964.4,17.6,0,21.4,41.0,3.194444444444444,203.7037037037037,0.0,13.606700137897263,27.61468926553672,52.88405610927646,26.37822208001203,17.187627949635427
2016-11-12,28.8,17.1,22.4,42,11.2,965.7,17.12,1,22.4,42.0,3.1111111111111107,198.14814814814815,0.01,14.578175600405984,28.47676940639269,52.718837728660446,27.240146485817842,18.140076801562728
2016-11-13,28.5,15.7,21.5,44,10.7,967.1,16.95,2,21.5,44.0,2.972222222222222,196.18055555555554,0.02,14.13137867653921,27.59048344947735,51.47385284112454,26.530231223678083,17.560061763472916
2016-11-14,27.4,15.3,20.7,40,10.8,966.7,17.12,0,20.7,40.0,3.0,198.14814814814815,0.0,12.887974043630539,26.89212962962963,51.39883840248882,25.76425233888467,16.470007756467304
2016-11-15,26.7,13.8,19.7,46,9.3,966.4,17.08,5,19.7,46.0,2.5833333333333335,197.68518518518516,0.05,12.905130860996376,26.054166666666667,49.36709728539432,25.432575273614706,16.214424936030795
2016-11-16,26.5,13.0,19.4,53,9.7,967.7,16.82,0,19.4,53.0,2.694444444444444,194.67592592592592,0.0,13.574885053251641,25.725210589651024,49.54196226227606,25.30484212435028,16.587461655206354
2016-11-17,27.0,12.2,19.2,51,10.0,968.0,16.93,0,19.2,51.0,2.7777777777777777,195.94907407407405,0.0,13.14174284332914,25.498363095238094,49.66274002476683,24.970925608483284,16.218892609378017
2016-11-18,27.5,12.0,19.3,46,10.3,966.0,16.95,0,19.3,46.0,2.861111111111111,196.18055555555554,0.0,12.568254429265235,25.538957597173145,49.873675531470724,24.77824377342088,15.835569619920292
2016-11-19,27.8,12.1,19.6,44,9.8,963.6,16.87,0,19.6,44.0,2.7222222222222223,195.25462962962962,0.0,12.548927403412687,25.921193045563548,49.81539029613316,25.1710739189412,15.928487791501592
2016-11-20,28.2,13.8,20.5,45,12.0,964.1,16.71,0,20.5,45.0,3.333333333333333,193.40277777777777,0.0,13.439168747879389,26.302083333333336,50.892481308322715,25.030690581878954,16.717834790182238
2016-11-21,28.1,13.8,20.5,51,11.8,964.7,16.5,0,20.5,51.0,3.2777777777777777,190.9722222222222,0.0,14.264905521277758,26.267617449664428,50.51562642784609,25.230050126045068,17.288957354827318
2016-11-22,28.6,12.3,20.0,51,10.2,964.2,16.51,0,20.0,51.0,2.833333333333333,191.08796296296296,0.0,13.832920997894394,26.098552009456263,49.70447076280345,25.441686301953787,16.902755100417327
2016-11-23,27.9,13.0,19.8,48,10.2,964.1,16.49,0,19.8,48.0,2.833333333333333,190.85648148148147,0.0,13.259862502093931,25.891164302600473,49.51372116319004,25.141121847733796,16.440136611985846
2016-11-24,27.6,11.7,19.3,54,8.9,965.9,16.19,0,19.3,54.0,2.4722222222222223,187.38425925925927,0.0,13.616623480201216,25.56936183395291,48.15821327349482,25.297021062766156,16.575508802931434
2016-11-25,28.3,14.2,20.3,41,14.8,965.7,16.02,0,20.3,41.0,4.111111111111112,185.41666666666666,0.0,12.706708938562091,25.387652439024393,50.04906947234139,23.168926588400357,16.002226744798342
2016-11-26,29.4,15.9,21.1,38,15.3,965.3,16.04,0,21.1,38.0,4.25,185.64814814814812,0.0,12.913125001753347,26.11751751751752,50.757535568915955,23.718795309977867,16.372691004730846
2016-11-27,29.1,15.0,20.9,45,12.5,965.6,15.92,0,20.9,45.0,3.4722222222222223,184.25925925925924,0.0,13.774197229887555,26.33715846994535,50.047125573562994,24.850633007377603,16.999369754910358
2016-11-28,28.7,14.4,20.6,46,13.5,964.8,15.74,0,20.6,46.0,3.75,182.17592592592592,0.0,13.663098739475135,25.805026455026457,49.67830683888195,24.06940576570565,16.785174408637886
2016-11-29,28.5,12.8,20.5,47,7.9,965.5,15.74,0,20.5,47.0,2.1944444444444446,182.17592592592592,0.0,13.717696912546216,26.830437580437582,47.95993317241329,26.302003016166314,17.018475354869867
2016-11-30,27.4,13.3,20.0,54,9.7,966.3,15.42,0,20.0,54.0,2.694444444444444,178.4722222222222,0.0,14.22990455601073,25.798736462093864,47.81305526966952,25.271297628089815,17.120680481626284
2016-12-01,26.4,13.9,19.9,63,10.6,966.9,15.19,0,19.9,63.0,2.944444444444444,175.81018518518516,0.0,15.303151870852993,25.432488344988343,47.64167293852569,25.050099276951116,17.788703978594764
2016-12-02,25.8,12.9,19.1,67,7.5,968.0,15.29,0,19.1,67.0,2.0833333333333335,176.96759259259258,0.0,15.071960900431353,25.34591503267974,45.903949709497624,25.76006657566396,17.529555636837895
2016-12-03,25.0,11.4,18.4,60,7.0,969.5,15.7,0,18.4,60.0,1.9444444444444444,181.71296296296293,0.0,13.572004067260561,24.941666666666663,45.66436435916194,25.200463520693926,16.328736180415724
2016-12-04,24.1,10.5,17.4,55,7.0,969.9,15.67,0,17.4,55.0,1.9444444444444444,181.36574074074073,0.0,12.073018070324082,23.929166666666667,44.801554013834505,24.12986920889629,14.97694598256019
2016-12-05,25.2,9.2,17.0,56,7.8,967.8,15.54,0,17.0,56.0,2.1666666666666665,179.8611111111111,0.0,11.840148614356906,23.274224806201552,44.74957657049009,23.444425863990816,14.642948991290144
2016-12-06,25.9,10.2,18.1,54,8.3,967.8,15.43,0,18.1,54.0,2.305555555555556,178.58796296296296,0.0,12.565278665341832,24.211375158428392,45.722633044762574,24.102379299101973,15.447970097424962
2016-12-07,26.0,10.7,18.1,61,6.7,967.2,15.36,0,18.1,61.0,1.8611111111111112,177.77777777777777,0.0,13.424171024141291,24.57773279352227,44.6968145854575,24.917996517608646,16.122466275603358
2016-12-08,25.9,11.3,18.4,62,7.1,966.2,15.32,0,18.4,62.0,1.972222222222222,177.3148148148148,0.0,13.81733895733398,24.757901726427622,45.14128941987519,25.072532866430066,16.46371761541931
2016-12-09,26.1,14.0,19.2,58,10.9,964.4,15.04,0,19.2,58.0,3.0277777777777777,174.07407407407405,0.0,14.038555638193802,24.620991926182235,46.91535403023113,23.95456024082131,16.671187331972106
2016-12-10,26.5,12.9,19.2,62,10.1,963.9,14.71,0,19.2,62.0,2.8055555555555554,170.25462962962962,0.0,14.541826325740878,24.652995255041517,46.154302842651475,24.32215683137558,17.02987747902692
2016-12-11,26.6,13.3,19.3,60,9.4,964.0,14.84,0,19.3,60.0,2.611111111111111,171.75925925925924,0.0,14.38074222879158,24.941727493917277,46.21347614500678,24.70363739595456,16.98486505893756
2016-12-12,25.2,13.7,19.3,60,10.5,964.6,13.47,21,19.3,60.0,2.9166666666666665,155.90277777777777,0.21,14.38074222879158,23.706304824561403,41.94900422940606,22.882672666494198,16.737780525066384
2016-12-13,24.0,13.7,18.8,64,10.6,965.3,10.29,43,18.8,64.0,2.944444444444444,119.0972222222222,0.43,14.42659150541602,21.742034527972027,34.57580532945718,20.420445803547565,16.327020959385617
2016-12-14,24.4,15.4,19.0,61,7.9,967.1,11.88,43,19.0,61.0,2.1944444444444446,137.5,0.43,14.236090581600536,22.75072393822394,36.28197280975144,22.397162353494583,16.415408194765163
2016-12-15,24.3,12.0,17.7,57,11.3,967.1,15.02,2,17.7,57.0,3.138888888888889,173.84259259259258,0.02,12.580350714082051,22.986476109215015,45.530812525912495,22.17199466008005,15.173540721700439
2016-12-16,24.1,10.8,17.2,49,8.6,968.0,15.06,10,17.2,49.0,2.388888888888889,174.30555555555554,0.1,11.1696503989572,22.802678571428572,43.32767166024087,22.449019111021766,14.099290993555755
2016-12-17,23.7,10.1,16.9,62,7.5,967.4,14.63,52,16.9,62.0,2.0833333333333335,169.3287037037037,0.52,12.458918445888916,21.322467320261435,36.85095369965427,21.34751736104,14.675736376174529
2016-12-18,23.8,10.2,16.8,61,8.2,967.6,14.95,12,16.8,61.0,2.2777777777777777,173.0324074074074,0.12,12.251392522648146,22.387229643765902,42.41040250541511,22.546321877062354,14.733420694606881
2016-12-19,24.6,9.0,16.3,53,9.8,967.7,15.26,0,16.3,53.0,2.7222222222222223,176.62037037037035,0.0,10.871221517744988,22.01792565947242,44.612152405542815,21.64242533109659,13.643440194315977
2016-12-20,25.2,10.4,16.6,46,12.4,967.0,15.39,0,16.6,46.0,3.4444444444444446,178.125,0.0,10.294307364666608,21.8734375,45.75107271986809,20.41373937430913,13.240702655266626
2016-12-21,26.2,10.6,17.3,50,13.4,967.0,15.5,0,17.3,50.0,3.7222222222222223,179.39814814814815,0.0,11.37792818192397,22.44198513800425,46.65762702867511,20.775540334860967,14.18294675494763
2016-12-22,26.1,11.4,17.8,45,11.7,966.5,15.26,0,17.8,45.0,3.2499999999999996,176.62037037037035,0.0,11.177695631786813,23.15213243546577,46.345057162686544,21.86148087802589,14.234813429343923
2016-12-23,26.0,10.2,17.7,49,10.3,964.3,15.12,0,17.7,49.0,2.861111111111111,174.99999999999997,0.0,11.597409172849375,23.26537102473498,45.67023812157527,22.512720834812125,14.541260625941558
2016-12-24,25.9,10.0,17.6,54,10.6,961.3,15.0,0,17.6,54.0,2.944444444444444,173.61111111111111,0.0,12.127216080381338,23.063286713286715,45.48191405975638,22.37910887192709,14.86170859892428
2016-12-25,23.1,12.1,16.6,53,19.9,964.2,15.49,0,16.6,53.0,5.527777777777778,179.2824074074074,0.0,11.132868780510087,20.85736587510994,46.489567737936,16.96089913089736,13.624481321379049
2016-12-26,23.2,11.1,16.1,66,13.3,967.2,15.13,0,16.1,66.0,3.6944444444444446,175.11574074074073,0.0,12.191344308501602,21.13527689030884,45.07785583051162,19.969227737912124,14.370996394012888
2016-12-27,23.8,8.5,16.2,56,8.4,967.2,15.32,0,16.2,56.0,2.3333333333333335,177.3148148148148,0.0,11.13304575231714,22.24482323232323,44.0575864481134,22.358745355371788,13.862096673086644
2016-12-28,24.9,8.8,16.8,57,8.7,966.0,15.15,0,16.8,57.0,2.4166666666666665,175.34722222222223,0.0,11.781465394469727,22.71058052434457,44.40645339124626,22.716754376200548,14.469141880997721
2016-12-29,25.6,12.1,18.4,54,10.4,966.2,14.91,29,18.4,54.0,2.888888888888889,172.56944444444443,0.29,12.828115574433461,23.07578125,42.34360551989289,22.13655948767488,15.434837152103421
2016-12-30,24.3,10.6,17.0,71,11.3,966.2,15.02,10,17.0,71.0,3.138888888888889,173.84259259259258,0.1,13.60193030490209,22.072881114903296,43.97098291667015,21.711133968829177,15.635927436412121
2016-12-31,23.4,11.6,16.8,77,11.2,965.2,14.85,1,16.8,77.0,3.1111111111111107,171.875,0.01,14.10977564972585,22.071029537671233,44.629135884858954,22.053161660466177,15.971048862342343
2017-01-01,23.0,11.6,16.5,76,11.3,965.4,14.62,5,16.5,76.0,3.138888888888889,169.21296296296293,0.05,13.70928155969403,21.567726109215016,43.54354470115419,21.39479796354633,15.560042313628825
2017-01-02,22.5,11.7,16.4,75,11.5,967.8,14.9,5,16.4,75.0,3.194444444444444,172.4537037037037,0.05,13.499740539118196,21.529766949152542,43.966426454650104,21.284791525152308,15.395771767213247
2017-01-03,22.0,10.6,15.7,78,9.8,968.0,14.96,1,15.7,78.0,2.7222222222222223,173.14814814814815,0.01,13.175394222075024,21.277488009592325,43.51676953904018,21.777278050571876,15.048273557370981
2017-01-04,22.3,11.1,16.4,76,11.0,965.9,15.13,3,16.4,76.0,3.0555555555555554,175.11574074074073,0.03,13.614367855740053,21.75310704022988,44.468783910556965,21.775855532541485,15.520678907064013
2017-01-05,23.5,10.4,16.9,72,12.1,964.4,15.27,0,16.9,72.0,3.3611111111111107,176.7361111111111,0.0,13.624636382953312,22.184468438538204,45.73058408144652,21.731565115723075,15.66413915577496
2017-01-06,23.2,10.3,16.7,68,14.7,961.8,14.16,22,16.7,68.0,4.083333333333333,163.88888888888889,0.22,12.974502055964148,20.71452599388379,41.404513472205394,18.63890025009068,14.89505663795166
2017-01-07,21.4,12.4,16.7,59,15.3,960.9,14.84,36,16.7,59.0,4.25,171.75925925925924,0.36,11.927377242156123,20.506556556556557,40.69367733263135,17.745286855748784,14.120475380820597
2017-01-08,18.1,12.2,15.1,70,18.5,963.5,8.1,54,15.1,70.0,5.138888888888888,93.74999999999999,0.54,11.71540331566208,16.787499999999998,27.700628070896244,10.930503320302556,13.068282320963455
2017-01-09,19.6,9.7,14.0,62,14.5,964.5,14.28,16,14.0,62.0,4.027777777777778,165.27777777777777,0.16,9.83261233208348,18.21076923076923,40.13636648799178,15.816600737951928,11.924982478612282
2017-01-10,17.9,8.1,12.3,51,12.6,965.7,16.28,1,12.3,51.0,3.5,188.42592592592592,0.01,7.180162933658588,17.814229302832246,43.77345425354855,16.527683597259458,9.818959914127461
2017-01-11,16.7,5.0,10.6,45,11.3,966.0,16.35,0,10.6,45.0,3.138888888888889,189.23611111111111,0.0,5.146789155357649,16.412713310580205,42.40009576687595,15.569694391804585,7.945295070866395
2017-01-12,17.0,4.4,10.5,52,9.1,965.5,16.48,0,10.5,52.0,2.5277777777777777,190.74074074074073,0.0,5.7187114397041015,16.834563345633455,41.73804649636486,17.208896281580706,8.420010676919562
2017-01-13,18.3,5.2,11.0,55,9.0,965.9,16.39,0,11.0,55.0,2.5,189.69907407407408,0.0,6.440679330723622,17.323302469135804,41.93545749429467,17.78046800529058,9.073136025333696
2017-01-14,18.6,5.6,11.6,55,13.9,967.0,15.6,20,11.6,55.0,3.861111111111111,180.55555555555554,0.2,6.968722017954548,16.184639498432603,39.73664573058369,13.822460976935938,9.275033312254703
2017-01-15,20.8,8.3,13.8,59,11.5,967.0,15.26,16,13.8,59.0,3.194444444444444,176.62037037037035,0.16,9.331811136955544,18.757344632768362,41.05535744799954,17.811696461720906,11.663736722422554
2017-01-16,20.6,9.7,14.2,54,18.7,966.2,16.35,1,14.2,54.0,5.194444444444444,189.23611111111111,0.01,9.148352855115377,18.81746423705722,45.93577896688481,15.138064801590142,11.587339845992208
2017-01-17,18.3,5.7,11.5,62,11.4,967.2,16.53,0,11.5,62.0,3.1666666666666665,191.31944444444446,0.0,7.568524717386611,17.35671768707483,43.42442505578214,17.00930401493264,9.919310839585593
2017-01-18,19.6,6.8,12.4,66,10.4,969.8,16.46,7,12.4,66.0,2.888888888888889,190.50925925925927,0.07,8.791040504476305,18.225960974178406,42.74876920240763,18.31511837439503,11.038920547969095
2017-01-19,21.1,8.2,13.9,55,15.6,971.8,16.66,16,13.9,55.0,4.333333333333333,192.82407407407408,0.16,8.992863638500726,18.651736111111113,43.9547293491928,16.032997164411412,11.41535176917273
2017-01-20,21.4,8.5,14.4,48,17.1,971.0,15.66,61,14.4,48.0,4.75,181.25,0.61,8.663559201079703,17.629967948717947,36.5895074108667,12.99540774674876,11.030485030499381
2017-01-21,21.6,10.0,15.0,57,8.4,969.3,11.73,73,15.0,57.0,2.3333333333333335,135.76388888888889,0.73,10.18368251568083,17.938979640151516,29.592399156913984,16.969514083006004,12.216373689006884
2017-01-22,23.5,12.6,16.8,61,12.7,970.5,14.7,26,16.8,61.0,3.5277777777777777,170.13888888888889,0.26,12.251392522648146,21.139372964169382,41.566287942186705,19.624378038037097,14.483849358687579
2017-01-23,25.1,12.0,17.8,68,10.1,969.3,16.29,2,17.8,68.0,2.8055555555555554,188.54166666666666,0.02,13.992415793726618,23.778314056939504,47.31284761631565,23.871305997868777,16.330353866996536
2017-01-24,26.7,13.6,19.4,75,13.5,967.9,16.09,13,19.4,75.0,3.75,186.22685185185185,0.13,16.338666625660974,24.37491732804233,47.58645733850915,23.68125746918278,18.252050103571147
2017-01-25,25.2,16.4,19.4,77,20.7,967.2,11.34,61,19.4,77.0,5.75,131.25,0.61,16.584765620821184,21.521366279069767,35.31177626132961,17.241887706024702,17.85360919038878
2017-01-26,18.5,13.7,16.1,87,15.5,966.5,7.47,68,16.1,87.0,4.305555555555555,86.45833333333333,0.68,14.584360516073275,17.633022388059704,26.5628580754788,13.828986055299994,15.345656838863231
2017-01-27,19.0,10.0,13.7,75,19.2,967.6,16.25,14,13.7,75.0,5.333333333333333,188.0787037037037,0.14,10.94468695674626,17.93177083333333,43.591051340408626,14.417834386527366,12.61763503638905
2017-01-28,20.3,8.2,13.5,74,10.7,968.8,17.51,6,13.5,74.0,2.972222222222222,202.66203703703704,0.06,10.649103920819961,19.664597851335657,45.51458936261838,20.052866310637533,12.737292314841104
2017-01-29,22.5,10.0,15.2,73,9.3,967.0,17.51,35,15.2,73.0,2.5833333333333335,202.66203703703704,0.35,12.141830247982483,20.711961996336996,42.20892470840698,21.139445178813453,14.161673572855136
2017-01-30,23.3,9.8,16.2,74,9.7,965.3,17.77,3,16.2,74.0,2.694444444444444,205.67129629629628,0.03,13.196426153477002,22.78222397713598,48.094078792058895,23.42286731769906,15.413943102861097
2017-01-31,24.3,11.0,17.3,73,12.2,964.8,17.44,3,17.3,73.0,3.3888888888888884,201.85185185185185,0.03,14.116973057549405,23.225220750551877,49.1765083840246,23.04008232492352,16.256925290394957
2017-02-01,22.8,12.4,17.1,74,12.3,966.4,16.79,8,17.1,74.0,3.416666666666667,194.3287037037037,0.08,14.045529059269434,22.64125412541254,47.324220948751076,22.324888443347547,16.070121166571113
2017-02-02,23.7,11.7,16.9,74,10.8,968.4,17.82,40,16.9,74.0,3.0,206.25,0.4,13.85683971203342,22.05625,43.74431769936234,21.980399255429145,15.801037798423392
2017-02-03,24.7,11.2,17.4,74,9.8,967.3,17.22,87,17.4,74.0,2.7222222222222223,199.30555555555554,0.87,14.328562881989804,21.045571043165467,36.14833766317338,20.65682402799425,15.979108226025955
2017-02-04,26.5,13.7,19.4,71,19.7,963.6,14.76,83,19.4,71.0,5.472222222222222,170.83333333333331,0.83,15.844980231732318,21.785775862068963,36.715525898279,17.70931842883565,17.388641334626417
2017-02-05,24.8,14.0,19.2,64,17.6,963.2,15.92,16,19.2,64.0,4.888888888888889,184.25925925925924,0.16,14.791551593195251,23.48558052434457,47.087163038644064,20.990389059626455,16.97120222010559
2017-02-06,22.2,12.0,16.4,41,17.5,965.8,19.12,10,16.4,41.0,4.861111111111111,221.2962962962963,0.1,9.515742285647127,21.729812206572767,50.698549718618494,18.811879414398124,12.646982041267542
2017-02-07,22.2,9.7,15.2,44,11.6,965.9,18.88,82,15.2,44.0,3.222222222222222,218.5185185185185,0.82,8.884191058002456,19.120045045045046,37.165441396188214,17.081497272462876,11.562942749610727
2017-02-08,23.3,9.3,16.0,53,10.5,964.6,18.46,62,16.0,53.0,2.9166666666666665,213.65740740740742,0.62,10.609573714349953,20.65548245614035,40.37066466870942,19.680945657083896,13.157798091273035
2017-02-09,22.4,10.9,16.0,53,13.4,965.6,18.94,28,16.0,53.0,3.7222222222222223,219.21296296296296,0.28,10.609573714349953,21.403529723991507,46.94033807231972,19.945388810640154,13.307407544843267
2017-02-10,22.4,9.8,15.2,49,10.8,965.8,19.52,0,15.2,49.0,3.0,225.9259259259259,0.0,9.458597673489415,22.260185185185183,50.88722005487688,22.07011259227956,12.593055408479625
2017-02-11,22.6,9.4,15.5,48,10.3,965.7,19.54,1,15.5,48.0,2.861111111111111,226.1574074074074,0.01,9.599860804878091,22.656323616018845,50.81704409257537,22.54399865869016,12.801167286618433
2017-02-12,22.6,10.6,16.0,57,13.1,968.7,19.27,0,16.0,57.0,3.638888888888889,223.0324074074074,0.0,11.07134173221363,22.454314040728832,51.694337926070034,21.69819454394287,13.840802020695307
2017-02-13,24.8,12.2,17.2,51,13.2,971.0,19.78,4,17.2,51.0,3.6666666666666665,228.9351851851852,0.04,11.413780989334786,23.671821581196582,52.798098779657096,22.681860894205602,14.444011008773666
2017-02-14,26.0,9.8,17.5,45,8.7,971.6,20.03,7,17.5,45.0,2.4166666666666665,231.8287037037037,0.07,10.926417342088227,25.040944912609238,51.47277203557968,24.920756893050132,14.406681121983606
2017-02-15,27.9,11.4,19.2,41,9.5,970.8,19.43,5,19.2,41.0,2.638888888888889,224.88425925925924,0.05,11.80670723552037,26.375852272727272,52.5825687425405,25.783298807762776,15.459865519409714
2017-02-16,29.2,13.9,20.8,41,11.6,969.1,17.67,42,20.8,41.0,3.222222222222222,204.51388888888889,0.42,13.115797115763382,25.712478885135138,46.60800288776596,24.094402988542075,16.403553758061392
2017-02-17,30.5,14.2,21.9,43,10.2,968.1,18.26,83,21.9,43.0,2.833333333333333,211.3425925925926,0.83,14.316153244984832,25.845811170212766,41.751878804915464,24.273178504987396,17.380469505531938
2017-02-18,30.6,15.5,22.3,46,9.8,968.0,19.66,16,22.3,46.0,2.7222222222222223,227.54629629629628,0.16,15.09480106009699,29.077278177458034,53.828020526604064,28.24811844053831,18.6118163775595
2017-02-19,31.8,17.2,24.0,41,18.0,965.3,19.65,28,24.0,41.0,5.0,227.43055555555551,0.28,15.73391339157996,28.889756944444443,54.541184855384756,26.381234209112918,19.19169076299486
2017-02-20,30.2,18.5,23.6,35,26.4,959.1,19.96,5,23.6,35.0,7.333333333333333,231.0185185185185,0.05,14.416408246934775,28.165737612612613,57.91183151605327,24.795844015045258,18.084633295376864
2017-02-21,25.8,14.3,19.3,27,18.4,958.9,21.18,0,19.3,27.0,5.111111111111111,245.13888888888889,0.0,9.815047231463744,25.361126373626377,57.61787222476829,22.701608921656387,13.872758336749897
2017-02-22,26.9,12.4,18.8,25,9.7,962.2,21.35,0,18.8,25.0,2.694444444444444,247.1064814814815,0.0,9.127705979578035,26.82873044524669,55.967652608709784,26.141898753479133,13.635140274753963
2017-02-23,26.6,12.7,19.0,32,15.6,965.5,21.38,0,19.0,32.0,4.333333333333333,247.45370370370367,0.0,10.362517078416174,25.628224206349206,57.54829929424761,23.75320884022739,14.279406796161163
2017-02-24,27.0,12.7,19.1,25,17.3,967.5,21.53,0,19.1,25.0,4.805555555555555,249.1898148148148,0.0,9.343880327143196,25.453281397544856,57.967368896823245,23.087289645596403,13.541372508509209
2017-02-25,28.3,13.6,20.6,27,16.5,966.0,21.02,0,20.6,27.0,4.583333333333333,243.287037037037,0.0,10.770539484260443,26.946618357487925,58.25677772535056,24.75975199473147,14.988701310479895
2017-02-26,27.8,14.2,20.6,30,15.5,963.9,21.61,0,20.6,30.0,4.305555555555555,250.11574074074073,0.0,11.269722208929592,27.319527363184083,59.06804802535379,25.461013892026664,15.412711018887531
2017-02-27,28.7,13.4,20.7,34,12.0,964.7,21.09,0,20.7,34.0,3.333333333333333,244.0972222222222,0.0,11.982840243917831,28.022916666666667,57.78739207025757,26.85849050134059,16.062571504075816
2017-02-28,30.8,14.6,22.6,41,11.9,964.6,20.91,22,22.6,41.0,3.3055555555555554,242.01388888888889,0.22,14.588497379749239,29.083382107023414,55.47255716163221,27.802103220667874,18.28862458722915
2017-03-01,30.2,18.4,23.3,37,16.6,963.5,18.03,25,23.3,37.0,4.611111111111112,208.68055555555557,0.25,14.514503069026983,28.049593569364163,52.1568605787416,25.444748075034433,18.10007086219172
2017-03-02,28.2,18.4,22.1,49,19.0,962.8,18.65,24,22.1,49.0,5.277777777777778,215.85648148148147,0.24,15.361617738390247,26.7204954954955,52.29269636945122,23.9948931623819,18.307231515972276
2017-03-03,27.8,16.3,21.1,42,15.7,961.6,19.8,30,21.1,42.0,4.361111111111111,229.16666666666666,0.3,13.508061063836063,26.302151335311574,52.059246169094536,24.03636785434578,16.82607301174756
2017-03-04,27.2,15.0,20.4,30,16.1,961.1,22.18,0,20.4,30.0,4.472222222222222,256.71296296296293,0.0,11.118672665944027,27.17541544477028,59.826139762111154,25.26339394879611,15.258153955114874
2017-03-05,27.9,13.2,20.2,29,14.7,961.9,22.46,1,20.2,29.0,4.083333333333333,259.9537037037037,0.01,10.806257963523421,27.318915647298674,59.787482907160154,25.711325853760734,15.048163703926129
2017-03-06,28.0,13.2,20.5,35,10.2,961.6,22.37,12,20.5,35.0,2.833333333333333,258.912037037037,0.12,11.980398766810247,28.26736111111111,56.98532537862587,27.40140588214861,16.089751358989396
2017-03-07,28.8,15.3,21.6,32,17.9,959.6,20.13,42,21.6,32.0,4.972222222222221,232.9861111111111,0.42,12.359127734073116,26.214293175487466,51.06295591503374,23.045375776360142,16.054248048948676
2017-03-08,27.5,16.6,21.7,39,17.9,958.6,19.41,32,21.7,39.0,4.972222222222221,224.65277777777777,0.32,13.548562361699084,26.4308495821727,51.79030221997618,23.523178412011998,16.9401635696239
2017-03-09,27.9,16.7,21.7,45,14.7,958.2,19.44,36,21.7,45.0,4.083333333333333,225.0,0.36,14.444250861025392,26.777981651376145,51.01728378297372,24.76553893902352,17.636571932993004
2017-03-10,24.7,14.0,17.8,72,18.5,957.1,18.0,25,17.8,72.0,5.138888888888888,208.33333333333331,0.25,14.468471934458353,22.29486301369863,47.847846106871316,19.85556171963441,16.366902956860574
2017-03-11,23.8,11.4,17.2,54,16.5,959.3,22.5,3,17.2,54.0,4.583333333333333,260.41666666666663,0.03,11.776765033362754,23.89157608695652,57.49564290021709,22.410341834118952,14.742050740745231
2017-03-12,24.4,10.3,17.3,39,12.4,963.7,23.62,0,17.3,39.0,3.4444444444444446,273.3796296296296,0.0,9.993933773206454,25.393475877192984,59.127982777052864,24.781647798157383,13.804448816683115
2017-03-13,24.6,11.2,17.8,42,11.3,964.5,23.45,0,17.8,42.0,3.138888888888889,271.412037037037,0.0,10.79155403543705,26.13688850967008,58.92342251702536,25.742385904525403,14.561465526739951
2017-03-14,26.6,12.1,18.9,43,10.5,966.0,22.58,45,18.9,43.0,2.9166666666666665,261.34259259259255,0.45,11.831936567448913,25.296016081871343,50.48531152759216,24.484546744109192,15.23155881358851
2017-03-15,28.7,15.2,21.2,41,11.7,965.4,23.14,44,21.2,41.0,3.2499999999999996,267.8240740740741,0.44,13.44306613053682,27.530387205387207,53.472942683909366,26.302601496759863,17.036223732453216
2017-03-16,30.4,13.9,22.2,36,20.3,962.6,22.4,16,22.2,36.0,5.638888888888889,259.25925925925924,0.16,13.47789060470469,27.80487380330722,58.896838375067205,25.098076131133734,17.215498183954725
2017-03-17,29.4,15.9,22.1,40,18.6,961.8,23.69,8,22.1,40.0,5.166666666666667,274.18981481481484,0.08,14.026265311930306,28.572677595628416,62.012143395720784,26.509326726030633,17.7429212374769
2017-03-18,29.4,15.8,22.6,41,14.2,961.6,21.19,41,22.6,41.0,3.944444444444444,245.25462962962962,0.41,14.588497379749239,28.049679736024846,53.11789260500035,26.163966404639314,18.08188411302944
2017-03-19,27.5,17.0,21.3,59,16.2,963.0,15.54,46,21.3,59.0,4.5,179.8611111111111,0.46,16.044404164777816,24.944554093567252,44.18600423473879,22.474654766720075,18.34999373405792
2017-03-20,31.2,16.7,23.6,41,12.5,964.5,24.26,0,23.6,41.0,3.4722222222222223,280.78703703703707,0.0,15.40665317100282,31.88551912568306,64.68141798492212,30.774019503045018,19.521761044838584
2017-03-21,33.0,16.6,25.1,33,12.3,964.6,23.89,1,25.1,33.0,3.416666666666667,276.5046296296296,0.01,15.231976687106496,33.271943756875686,65.05111610734485,31.886703557026003,19.826772432349685
2017-03-22,34.7,19.2,27.2,34,13.6,963.2,23.96,0,27.2,34.0,3.7777777777777777,277.31481481481484,0.0,17.052589085525955,35.09820675105485,67.13458616592067,33.65533545991836,21.676453710079137
2017-03-23,35.5,21.9,28.1,32,14.0,961.9,23.9,1,28.1,32.0,3.888888888888889,276.6203703703703,0.01,17.35029457905603,35.84104817708334,67.61264466204108,34.358237160431486,22.12341584075589
2017-03-24,35.0,21.6,28.0,32,13.4,962.0,24.02,6,28.0,32.0,3.7222222222222223,278.00925925925924,0.06,17.273510706069015,35.729365711252655,66.76986447912105,34.24348173079241,22.03733063649884
2017-03-25,34.8,21.3,28.0,32,14.8,962.9,23.82,15,28.0,32.0,4.111111111111112,275.69444444444446,0.15,17.273510706069015,34.99742759146341,65.15445969965629,33.40432409947116,21.890943012540994
2017-03-26,36.4,22.3,29.3,30,15.3,963.9,24.36,0,29.3,30.0,4.25,281.9444444444444,0.0,17.839865687704382,36.92012012012012,69.46177278872466,35.46174785389587,22.80193000541709
2017-03-27,38.4,23.5,30.4,27,17.9,963.3,24.78,0,30.4,27.0,4.972222222222221,286.80555555555554,0.0,17.972621869369593,37.590111420612814,70.98566276321696,36.21080881986481,23.138857592681276
2017-03-28,39.3,22.7,31.3,27,16.5,962.4,24.75,0,31.3,27.0,4.583333333333333,286.4583333333333,0.0,18.63397718426415,38.77282608695652,71.56444126524332,37.49078325920745,23.928349246376207
2017-03-29,39.0,24.5,31.4,19,18.7,961.3,25.62,0,31.4,19.0,5.194444444444444,296.52777777777777,0.0,16.562844843651007,38.67179836512261,72.87358886970947,37.3945716042594,22.46835106358023
2017-03-30,39.1,22.9,30.9,25,15.9,960.9,25.28,0,30.9,25.0,4.416666666666667,292.5925925925926,0.0,17.84541684252959,38.66794493608653,71.95884091012925,37.30384676981592,23.315380776988018
2017-03-31,37.6,22.8,30.4,19,14.6,961.8,25.7,7,30.4,19.0,4.055555555555555,297.4537037037037,0.07,15.891206491875916,38.324495143149285,70.81558735229873,36.7499918757244,21.828743572942997
2017-04-01,38.7,23.8,30.9,18,15.6,960.0,25.35,16,30.9,18.0,4.333333333333333,293.40277777777777,0.16,15.933792928010806,38.13028273809524,69.23507001086529,36.55249085966013,21.869711597226612
2017-04-02,38.2,23.5,30.7,21,18.2,958.0,24.61,3,30.7,21.0,5.055555555555555,284.83796296296293,0.03,16.65392246816077,37.67538271178637,70.46639047637404,36.22582178238364,22.26282227006981
2017-04-03,39.2,23.7,31.2,21,19.8,958.4,23.96,18,31.2,21.0,5.5,277.31481481481484,0.18,16.998362974529012,37.20848765432099,67.41411862546346,35.69972441252799,22.460551613034507
2017-04-04,38.0,24.8,31.2,24,16.3,959.2,23.49,17,31.2,24.0,4.527777777777778,271.87499999999994,0.17,17.804374173295265,37.727377915451896,66.92672457917536,36.21883240143244,23.128537504397066
2017-04-05,37.3,22.8,30.3,29,23.3,957.1,22.04,12,30.3,29.0,6.472222222222222,255.09259259259258,0.12,18.36713629540242,35.525383373688456,65.03973312405759,33.90975666290613,22.99207208151939
2017-04-06,35.1,25.9,30.0,25,26.9,956.4,26.25,0,30.0,25.0,7.472222222222221,303.8194444444444,0.0,17.197066863198156,36.08992204899777,72.23217175330143,35.080263751323976,22.255931214038263
2017-04-07,33.5,20.5,27.1,12,15.1,959.7,26.87,0,27.1,12.0,4.194444444444445,310.9953703703704,0.0,11.704392198386806,35.55606747230615,71.28934715083568,33.95970491762671,18.014288033331994
2017-04-08,33.9,19.5,26.9,10,14.4,962.4,27.43,0,26.9,10.0,4.0,317.47685185185185,0.0,10.94619723914079,35.718801440329216,71.8212252765818,34.13233428019493,17.496098355464397
2017-04-09,33.5,21.0,27.0,15,20.9,963.7,27.01,0,27.0,15.0,5.805555555555555,312.61574074074076,0.0,12.533576055252276,34.23275492716367,71.54997669001744,32.623113127954596,18.320054224109327
2017-04-10,34.7,19.8,27.2,15,20.7,962.7,26.88,0,27.2,15.0,5.75,311.1111111111111,0.0,12.660300461814927,34.43514211886305,71.52176645776234,32.83053913123199,18.469238747043057
2017-04-11,37.7,20.3,28.9,17,20.7,960.9,26.93,0,28.9,17.0,5.75,311.6898148148148,0.0,14.326137659175341,36.14860034453057,72.80120065252214,34.71256769214939,20.148016430328852
2017-04-12,39.0,22.0,30.9,15,19.5,960.2,26.83,0,30.9,15.0,5.416666666666667,310.5324074074074,0.0,15.004524797612653,38.352777777777774,74.13511007667273,37.07619027927277,21.26372291388441
2017-04-13,40.2,22.9,31.8,15,15.9,959.7,27.12,0,31.8,15.0,4.416666666666667,313.88888888888886,0.0,15.574695903461375,40.13333333333333,75.09874150790898,38.71764562421681,22.10895379908963
2017-04-14,41.4,22.7,32.3,17,14.1,958.3,26.72,2,32.3,17.0,3.9166666666666665,309.25925925925924,0.02,16.547170349319188,40.88411214953271,74.39690703311521,39.40041061879048,22.98984167442997
2017-04-15,42.3,24.5,33.3,15,21.0,956.8,26.07,5,33.3,15.0,5.833333333333333,301.7361111111111,0.05,16.52494641390837,40.0890625,73.93969781051823,39.21490537455543,22.915274989735856
2017-04-16,41.8,24.2,33.3,14,15.5,957.2,26.99,0,33.3,14.0,4.305555555555555,312.38425925925924,0.0,16.171839246228163,41.692412935323375,75.99280597476826,40.345923014572605,22.98877005942439
2017-04-17,42.7,25.4,34.1,15,24.6,958.4,26.12,10,34.1,15.0,6.833333333333334,302.31481481481484,0.1,17.031730122073377,40.16758607198748,73.49216109147852,39.80940336296029,23.365728299848858
2017-04-18,42.2,28.4,34.4,15,24.8,958.2,26.14,12,34.4,15.0,6.888888888888889,302.5462962962963,0.12,17.221771198171737,40.380237538940804,73.37273758823875,40.106904573349134,23.571287346508377
2017-04-19,41.1,27.1,33.5,17,17.7,956.1,27.35,0,33.5,17.0,4.916666666666666,316.5509259259259,0.0,17.331015976486373,41.480275443510735,76.71373075213904,40.49015603728183,23.77776627224261
2017-04-20,41.7,26.3,34.1,22,15.5,954.6,25.72,22,34.1,22.0,4.305555555555555,297.68518518518516,0.22,19.29469512906767,41.217786069651744,71.05076223358299,40.162558936837556,25.159843804277717
2017-04-21,42.4,29.5,35.2,19,23.8,954.9,25.91,22,35.2,19.0,6.611111111111111,299.88425925925924,0.22,19.114935517105224,40.94658592503988,71.99914972082917,40.75023756613347,25.089772046981633
2017-04-22,41.0,29.3,34.2,19,22.0,956.4,27.06,0,34.2,19.0,6.111111111111111,313.1944444444444,0.0,18.44335196146161,41.246875,76.72925618016421,40.847535501436724,24.579721373023126
2017-04-23,38.8,27.4,32.3,22,19.8,957.1,23.91,17,32.3,22.0,5.5,276.7361111111111,0.17,18.039949410382857,38.328893849206345,68.35251116050341,37.055890064606714,23.523743357109268
2017-04-24,36.7,26.3,31.1,24,20.4,958.0,21.85,20,31.1,24.0,5.666666666666666,252.89351851851853,0.2,17.733089597368878,36.43447265625,64.24686746028658,34.778371414255474,22.810057249408214
2017-04-25,36.6,25.3,30.2,26,23.9,958.9,23.61,25,30.2,26.0,6.638888888888888,273.26388888888886,0.25,17.585761957114087,35.335926312649164,64.8436155054772,33.65528475055125,22.397218632509695
2017-04-26,37.1,21.2,29.9,21,16.6,959.0,25.74,15,29.9,21.0,4.611111111111112,297.91666666666663,0.15,16.102810092634726,37.06808164739884,69.22876706786428,35.480570066232936,21.67558339432408
2017-04-27,38.9,23.6,31.1,17,16.3,959.9,27.08,10,31.1,17.0,4.527777777777778,313.42592592592587,0.1,15.763300692277774,38.91280369290573,72.7378954197062,37.46045257465426,21.92687122317559
2017-04-28,39.1,24.2,31.3,19,21.4,959.2,25.75,36,31.3,19.0,5.944444444444444,298.0324074074074,0.36,16.49568172654894,36.88243443316413,66.46196330439125,35.354819089401595,22.053464095217084
2017-04-29,37.2,25.3,30.8,24,17.7,958.9,22.6,61,30.8,24.0,4.916666666666666,261.5740740740741,0.61,17.51923515010221,35.38304154995332,58.09000578722436,33.36959616907654,22.420072915062214
2017-04-30,38.9,24.6,31.7,22,21.9,958.3,26.62,28,31.7,22.0,6.083333333333333,308.10185185185185,0.28,17.62169204047876,37.67671261487051,69.25314287306037,36.441234484187525,23.040526951309232
2017-05-01,38.8,23.5,31.0,22,17.2,960.4,28.38,0,31.0,22.0,4.777777777777778,328.4722222222222,0.0,17.13371922469165,39.3984375,76.25644831817931,38.16964968168541,22.973290957284156
2017-05-02,39.2,22.3,31.5,18,14.8,961.4,27.69,37,31.5,18.0,4.111111111111112,320.4861111111111,0.37,16.331344995169065,38.66696836890244,68.56423365021942,37.094683665987574,22.315335170398832
2017-05-03,39.0,26.7,32.7,18,21.6,960.1,20.46,63,32.7,18.0,6.0,236.80555555555554,0.63,17.126431542962596,36.386631944444446,56.984728897329205,34.503694387800564,22.535828468962706
2017-05-04,39.2,24.8,32.9,18,20.0,960.9,25.75,11,32.9,18.0,5.555555555555555,298.0324074074074,0.11,17.258943777390453,39.570435855263156,72.20802936404147,38.5281548101902,23.285347815225947
2017-05-05,40.0,24.6,32.7,19,12.8,960.1,23.14,83,32.7,19.0,3.555555555555556,267.8240740740741,0.83,17.435951490572183,37.27822646103896,55.97900668633895,35.53905806046748,22.930811335608322
2017-05-06,41.3,27.7,34.4,16,17.5,959.5,24.65,40,34.4,16.0,4.861111111111111,285.30092592592587,0.4,17.575432638066452,40.18638497652582,66.90588892173321,38.98168229955918,23.780079841951682
2017-05-07,42.3,28.6,35.3,15,28.6,959.5,24.0,36,35.3,15.0,7.944444444444445,277.77777777777777,0.36,17.791885581539777,39.69914163090129,67.02010266489486,39.75745358589999,23.9241482332581
2017-05-08,42.6,29.8,35.6,16,27.2,958.8,23.49,40,35.6,16.0,7.555555555555555,271.87499999999994,0.4,18.34762014743999,39.93075221238938,66.11380893415793,39.86557114515859,24.389484545685868
2017-05-09,42.2,28.6,35.3,16,23.1,956.9,24.3,40,35.3,16.0,6.416666666666667,281.25,0.4,18.154575292340397,40.22700729927007,67.07566636693394,39.650299856089994,24.283604164492292
2017-05-10,41.1,27.1,34.9,17,18.2,957.5,25.11,24,34.9,17.0,5.055555555555555,290.625,0.24,18.245474392981762,41.25842541436464,70.65357018616402,40.354319026794066,24.51351715796016
2017-05-11,41.1,25.9,34.1,23,14.1,958.7,25.74,21,34.1,23.0,3.9166666666666665,297.91666666666663,0.21,19.58640350943906,41.575759345794395,71.12238698641721,40.4713011162124,25.43563432576622
2017-05-12,41.9,27.3,34.3,21,16.7,959.0,26.81,6,34.3,21.0,4.638888888888888,310.30092592592587,0.06,19.13381938847941,42.10670629202689,75.49107496569462,41.23140122620293,25.245014830340963
2017-05-13,42.2,26.8,34.9,21,19.8,957.9,25.07,19,34.9,21.0,5.5,290.162037037037,0.19,19.547119784713768,41.1523010361552,71.45579612923194,40.508081748918016,25.40344405653068
2017-05-14,41.7,29.5,35.9,16,30.3,956.3,24.25,21,35.9,16.0,8.416666666666666,280.6712962962963,0.21,18.540663693321772,40.58076043823326,70.12322046607926,41.291969003677735,24.68461667297189
2017-05-15,42.1,29.9,35.9,20,22.0,954.9,26.54,11,35.9,20.0,6.111111111111111,307.1759259259259,0.11,19.914653717171927,42.431328125,75.35848073807443,42.37929093132153,26.016523227020347
2017-05-16,41.0,29.6,35.0,21,22.0,954.2,25.89,12,35.0,21.0,6.111111111111111,299.65277777777777,0.12,19.616002779981866,41.33765625,73.69221630818231,41.01179110267856,25.498733195987306
2017-05-17,37.3,27.2,32.4,29,17.6,955.2,23.1,20,32.4,29.0,4.888888888888889,267.3611111111111,0.2,19.939057179963175,38.48321629213483,66.88715293151608,37.26060641696657,24.893983284401187
2017-05-18,38.4,26.4,33.0,28,18.6,956.2,24.9,27,33.0,28.0,5.166666666666667,288.1944444444444,0.27,20.138039641229756,39.13003756830601,68.41957827295636,38.0653493254342,25.222635262522033
2017-05-19,41.7,27.7,34.4,24,23.7,956.7,26.18,27,34.4,24.0,6.583333333333333,303.00925925925924,0.27,20.0854211894161,40.056899480415666,70.83521234258211,39.661032462369306,25.5111747286744
2017-05-20,39.7,26.2,32.9,28,20.1,955.6,24.16,37,32.9,28.0,5.583333333333334,279.6296296296296,0.37,20.063863714696424,38.2834208223972,65.68487554970574,37.121304878,24.991388764766935
2017-05-21,38.6,27.0,32.0,34,20.6,955.4,23.33,46,32.0,34.0,5.722222222222222,270.0231481481481,0.46,20.796158258206116,36.84782491364421,62.443046594154566,35.512458774617194,25.126875763473123
2017-05-22,37.2,25.1,30.6,46,15.5,957.5,24.31,41,30.6,46.0,4.305555555555555,281.3657407407407,0.41,22.084638985767914,36.60946828358209,63.28165910731144,35.6931805152788,25.84114094675396
2017-05-23,39.0,25.7,32.0,37,18.0,957.9,25.73,19,32.0,37.0,5.0,297.8009259259259,0.19,21.448634050566564,38.737745949074075,70.10784915592234,37.800037979945145,25.96159302521141
2017-05-24,40.4,26.8,33.7,34,18.4,956.2,24.91,30,33.7,34.0,5.111111111111111,288.31018518518516,0.3,22.12196528373731,39.759266254578755,68.44033130661626,39.00667201965323,26.80722894953187
2017-05-25,40.7,28.1,34.7,26,20.3,954.9,25.95,9,34.7,26.0,5.638888888888889,300.3472222222222,0.09,20.860387387865455,41.44016808093995,74.14469397278344,40.99782952594985,26.360304787693806
2017-05-26,42.8,27.5,35.7,25,29.4,953.7,24.18,15,35.7,25.0,8.166666666666666,279.8611111111111,0.15,21.30313688252327,40.615282172995784,70.95791560267156,41.31412097309132,26.605252252365446
2017-05-27,44.8,31.7,36.9,23,28.7,952.2,24.01,17,36.9,23.0,7.972222222222221,277.89351851851853,0.17,21.56052387005337,41.80032789079229,71.39965570933083,42.82489160367262,27.142432287195817
2017-05-28,43.3,29.3,35.8,28,25.2,952.1,25.29,11,35.8,28.0,7.0,292.7083333333333,0.11,22.214931341989363,41.5626953125,73.4797187280152,41.935252323603265,27.44299100189255
2017-05-29,38.7,28.2,32.8,45,18.5,952.2,23.97,17,32.8,45.0,5.138888888888888,277.43055555555554,0.17,23.74085889265944,39.05928938356164,68.82254634296442,38.602651357982,27.710459101573935
2017-05-30,37.6,25.8,31.9,46,16.2,951.3,25.14,6,31.9,46.0,4.5,290.97222222222223,0.06,23.17940226734295,39.32744883040935,71.49488302160893,38.770893624982236,27.28107135322194
2017-05-31,38.6,25.7,31.3,52,21.7,952.2,23.67,30,31.3,52.0,6.027777777777778,273.9583333333333,0.3,23.77498137444426,36.5790459697733,65.01855311775455,36.074281910458275,27.08829615606564
2017-06-01,37.1,25.3,31.0,57,12.7,954.9,24.8,20,31.0,57.0,3.5277777777777777,287.037037037037,0.2,24.38571126794271,38.57328990228013,67.54527070259923,38.49963016188468,27.884655868015926
2017-06-02,39.7,26.9,33.0,48,14.8,955.3,26.77,3,33.0,48.0,4.111111111111112,309.83796296296293,0.03,24.49455441523487,41.37412665142276,74.88321209494194,41.14557899499395,28.72101342094896
2017-06-03,41.8,28.3,35.3,33,19.6,954.0,27.39,1,35.3,33.0,5.444444444444445,317.01388888888886,0.01,23.12612819912983,42.85015791223404,77.88588668712487,42.78414138243452,28.288321321837692
2017-06-04,42.2,31.9,36.4,32,27.8,953.8,26.07,10,36.4,32.0,7.722222222222222,301.7361111111111,0.1,23.7230735140401,42.03284661572052,74.84592173498538,43.11815143827871,28.652720782972175
2017-06-05,40.6,31.9,36.1,38,24.3,954.4,25.25,7,36.1,38.0,6.75,292.2453703703704,0.07,24.950166900698918,42.10035707249803,74.40068945449889,42.828305982450786,29.495188244988846
2017-06-06,39.8,31.0,35.2,40,23.9,955.3,26.84,1,35.2,40.0,6.638888888888888,310.64814814814815,0.01,24.67674953401559,41.839270087509945,76.86093319612212,42.41308126876998,29.1615786913129
2017-06-07,36.7,30.4,33.0,48,23.2,956.7,21.75,18,33.0,48.0,6.444444444444444,251.7361111111111,0.18,24.49455441523487,38.00417172330097,65.7858200258965,37.8438581564456,28.047022435324603
2017-06-08,37.1,27.5,31.7,54,25.1,955.9,23.59,14,31.7,54.0,6.972222222222222,273.0324074074074,0.14,24.480147686866417,37.00227668213457,67.7181556638318,37.01529594116471,27.706558717233406
2017-06-09,34.9,25.5,30.0,60,14.5,955.0,20.93,40,30.0,60.0,4.027777777777778,242.24537037037035,0.4,23.99551861231944,35.36666666666667,58.87124112504148,35.16178089782553,26.870196361956943
2017-06-10,38.0,25.9,32.4,47,19.2,953.9,23.84,16,32.4,47.0,5.333333333333333,275.9259259259259,0.16,23.793118498058224,38.5415770609319,68.5153817486468,38.101087669169345,27.60349836082714
2017-06-11,38.7,25.8,32.1,40,18.8,953.1,26.18,13,32.1,40.0,5.222222222222222,303.00925925925924,0.13,22.15649797086815,39.028866621376814,71.83145124347539,38.286651614078856,26.525321903883068
2017-06-12,39.0,25.8,32.9,36,14.5,952.5,23.79,22,32.9,36.0,4.027777777777778,275.3472222222222,0.22,21.94648633368325,39.68625,67.64423072119087,38.79605355628156,26.589790433578273
2017-06-13,39.8,27.6,33.6,35,18.2,952.4,23.75,15,33.6,35.0,5.055555555555555,274.88425925925924,0.15,22.273916506214203,39.92157861418048,69.48195292762324,39.20946132496072,26.936057277186038
2017-06-14,39.8,29.0,34.2,37,23.3,954.7,24.43,18,34.2,37.0,6.472222222222222,282.7546296296296,0.18,23.202011548974426,39.80716807909605,70.1376080531129,39.6219437149084,27.622841700101308
2017-06-15,39.8,27.2,33.5,41,19.2,954.6,24.7,16,33.5,41.0,5.333333333333333,285.8796296296296,0.16,23.506043114572524,39.86312724014337,70.45567004245527,39.43492316011874,27.77685562822944
2017-06-16,39.9,28.3,33.2,39,15.7,953.4,25.38,15,33.2,39.0,4.361111111111111,293.75,0.15,22.838328208969273,40.456583827893176,71.18929326132047,39.807276430560925,27.398146511857128
2017-06-17,37.7,27.4,32.4,48,19.1,953.6,24.59,16,32.4,48.0,5.305555555555556,284.60648148148147,0.16,23.98390371690943,38.751864330637915,69.48509124398487,38.39287171329609,27.779105467964186
2017-06-18,37.3,27.4,31.9,54,17.0,953.0,22.11,20,31.9,54.0,4.722222222222222,255.90277777777777,0.2,24.655361150589517,37.82232142857143,65.20324735847538,37.61827685466481,28.01321709112695
2017-06-19,38.5,29.9,33.4,47,24.2,951.5,23.31,18,33.4,47.0,6.722222222222221,269.79166666666663,0.18,24.639762654375797,38.63600414691943,68.04935216503009,38.70469953716573,28.315034687446943
2017-06-20,37.9,29.3,32.7,47,20.6,951.7,23.62,20,32.7,47.0,5.722222222222222,273.3796296296296,0.2,24.047112157571473,38.436722797927466,67.76037601923827,38.082237003362934,27.790323069885524
2017-06-21,34.9,25.3,30.6,56,19.3,952.3,21.36,42,30.6,56.0,5.361111111111112,247.2222222222222,0.42,23.860468349617566,35.31246648793566,59.721328277938596,34.68611558165126,26.82482114231943
2017-06-22,34.2,23.3,28.0,69,19.6,953.8,19.79,60,28.0,69.0,5.444444444444445,229.0509259259259,0.6,23.58212313060536,31.837821365248224,52.90577619658649,31.07610199040846,25.675050464473397
2017-06-23,34.2,25.5,29.6,63,17.3,953.7,22.2,25,29.6,63.0,4.805555555555555,256.9444444444444,0.25,24.12057378597085,35.332117563739374,62.73542091587876,35.111311796254675,26.91082516292747
2017-06-24,35.8,26.5,31.3,58,7.3,951.2,23.36,20,31.3,58.0,2.0277777777777777,270.3703703703703,0.2,24.82365987191484,39.956126482213435,63.965817445143614,39.734511138887676,28.49778720678307
2017-06-25,37.5,28.1,33.2,49,10.1,950.5,23.71,18,33.2,49.0,2.8055555555555554,274.4212962962963,0.18,24.857248159473908,41.198257710557534,67.55554027448625,40.95571768539258,28.959725253743244
2017-06-26,39.0,29.5,33.8,50,17.6,951.7,23.27,23,33.8,50.0,4.888888888888889,269.3287037037037,0.23,25.563769211904606,39.8258514747191,67.6883954427015,39.90430573217131,29.23980874327704
2017-06-27,38.0,26.5,31.0,67,15.0,951.9,22.27,65,31.0,67.0,4.166666666666667,257.7546296296296,0.65,26.045958850685395,35.74502840909091,57.098111208494004,36.27886255219864,28.48117687729796
2017-06-28,31.5,26.1,27.9,83,19.8,951.8,11.29,98,27.9,83.0,5.5,130.67129629629628,0.98,25.547993564602095,29.48672288359788,38.97363964402871,29.011426974697248,26.57094007194104
2017-06-29,32.6,25.2,27.7,83,10.5,951.6,16.92,100,27.7,83.0,2.9166666666666665,195.83333333333334,1.0,25.354422047395737,30.792105263157893,43.09679957933372,32.213784923276826,26.67651648580859
2017-06-30,32.9,25.9,28.6,76,16.1,949.7,18.41,93,28.6,76.0,4.472222222222222,213.0787037037037,0.93,25.193674653801775,31.608721285434996,46.74926277711552,31.7204865583164,26.817316514748242
2017-07-01,31.7,26.3,28.8,76,11.6,949.0,16.06,95,28.8,76.0,3.222222222222222,185.87962962962962,0.95,25.383496907472296,31.767166385135138,44.17811555417586,32.68668416748604,27.00188111225763
2017-07-02,32.4,26.4,28.8,79,7.7,949.7,17.24,97,28.8,79.0,2.138888888888889,199.537037037037,0.97,25.829746604942713,32.398654345006484,44.13697245996531,34.26338715024694,27.440553492461195
2017-07-03,32.9,25.1,28.8,78,20.8,951.1,16.88,98,28.8,78.0,5.777777777777778,195.37037037037035,0.98,25.681432076728765,31.111211340206186,44.83356471460513,30.833782486750568,27.079244721751373
2017-07-04,33.3,25.7,28.8,71,25.6,951.0,17.09,81,28.8,71.0,7.111111111111112,197.80092592592592,0.81,24.630119434285195,31.22941274847095,47.35800977404443,30.29690560009087,26.366966153693824
2017-07-05,32.7,25.8,28.9,65,23.1,951.7,24.43,75,28.9,65.0,6.416666666666667,282.7546296296296,0.75,23.7983164037411,32.76981701135442,55.78955001866382,31.979828153365833,26.102784884889655
2017-07-06,34.3,25.8,29.6,61,20.5,953.1,25.2,10,29.6,61.0,5.694444444444445,291.66666666666663,0.1,23.798486142267418,36.07727272727273,69.2095999206166,35.82313935061316,26.834394845041736
2017-07-07,34.7,26.3,30.2,58,19.5,954.3,23.97,35,30.2,58.0,5.416666666666667,277.43055555555554,0.35,23.843215744861187,35.693124999999995,63.729972793215666,35.2312926862074,26.848876021402827
2017-07-08,35.7,27.1,31.2,54,21.6,954.5,22.34,71,31.2,54.0,6.0,258.5648148148148,0.71,24.04211346968491,34.990325126262626,56.36720426494708,34.21196528912921,26.947544454031963
2017-07-09,35.8,27.8,31.6,52,20.6,954.0,23.71,87,31.6,52.0,5.722222222222222,274.4212962962963,0.87,24.03539380622744,35.21510956390328,55.129697853780044,34.37444484733829,27.02779757713986
2017-07-10,36.1,27.6,31.4,52,23.8,954.2,24.75,89,31.4,52.0,6.611111111111111,286.4583333333333,0.89,23.861785552798093,34.82310855263158,55.397276126438214,33.942733020741194,26.80787159748498
2017-07-11,34.8,27.0,30.7,54,21.6,953.9,22.73,92,30.7,54.0,6.0,263.0787037037037,0.92,23.6040784442519,33.92869318181818,52.56587015979528,32.80191439978726,26.378593547339964
2017-07-12,33.3,26.9,29.1,67,14.8,954.1,14.48,79,29.1,67.0,4.111111111111112,167.59259259259258,0.79,24.293831343589233,31.882139227642277,45.271765335596854,31.55742962831334,26.292109786040914
2017-07-13,32.5,24.7,28.4,75,15.5,953.1,15.01,57,28.4,75.0,4.305555555555555,173.72685185185185,0.57,24.855323855858476,31.73711131840796,48.03906679790447,31.83966871611277,26.586148962782527
2017-07-14,33.6,26.8,29.7,68,18.7,952.0,17.96,47,29.7,68.0,5.194444444444444,207.87037037037038,0.47,25.00417385523266,33.599693460490464,54.12148442287946,33.407888623267084,27.192860390760956
2017-07-15,33.9,26.6,29.4,74,15.2,952.2,17.91,62,29.4,74.0,4.222222222222222,207.29166666666666,0.62,25.649744393153046,33.2773531626506,51.548880186529345,33.77334856693462,27.550291707737255
2017-07-16,33.4,25.9,28.9,78,13.3,952.3,17.06,80,28.9,78.0,3.6944444444444446,197.45370370370367,0.8,25.77689678087221,32.30654952076677,47.48745508494102,33.19774919432275,27.3951376507639
2017-07-17,33.2,25.8,29.0,79,10.9,952.4,19.63,81,29.0,79.0,3.0277777777777777,227.19907407407405,0.81,26.021218455811564,33.20986519607843,49.6179536824219,34.65234752367476,27.756825958283777
2017-07-18,32.8,25.7,28.9,80,11.2,952.5,16.0,74,28.9,80.0,3.1111111111111107,185.18518518518516,0.74,26.073653572194104,32.4958904109589,46.97384042620672,33.94821016315504,27.64073558272765
2017-07-19,32.8,26.9,29.7,76,13.2,951.7,15.81,83,29.7,76.0,3.6666666666666665,182.98611111111111,0.83,26.237696194732717,32.787890625,46.519971640843096,33.78236817946167,27.893965461312902
2017-07-20,33.2,25.0,28.8,78,15.9,950.3,19.02,95,28.8,78.0,4.416666666666667,220.13888888888889,0.95,25.681432076728765,31.868307522123896,47.145050947713514,32.28111728433902,27.230663958134915
2017-07-21,30.9,25.1,27.7,81,19.2,950.4,16.81,85,27.7,81.0,5.333333333333333,194.56018518518516,0.85,25.066214423203,30.406583221326166,45.708481168942626,30.124572921236304,26.39766674050733
2017-07-22,29.7,24.8,26.5,87,20.4,949.6,11.35,94,26.5,87.0,5.666666666666666,131.36574074074073,0.94,24.75385265639836,28.13180881076389,38.16969984107345,27.190269647813068,25.60405862163163
2017-07-23,29.1,24.6,26.0,89,20.3,948.5,10.55,90,26.0,89.0,5.638888888888889,122.10648148148148,0.9,24.541613599096525,27.57813859878155,37.32407294192717,26.52160977343254,25.29475723912388
2017-07-24,28.2,24.0,25.7,85,19.4,948.5,10.89,94,25.7,85.0,5.388888888888888,126.04166666666667,0.94,23.69558127578561,27.307536764705883,36.996971941354786,25.9109649626578,24.6184142459911
2017-07-25,28.6,23.1,26.0,79,17.0,949.0,11.28,86,26.0,79.0,4.722222222222222,130.55555555555554,0.86,23.14913382254549,27.91357142857143,38.46088586822765,26.762155830365405,24.387107961496127
2017-07-26,31.1,25.1,28.0,77,20.2,951.4,16.89,72,28.0,77.0,5.611111111111111,195.48611111111111,0.72,24.771169481998566,30.94764397905759,47.90124822098517,30.459875919734728,26.329347433210515
2017-07-27,32.5,25.4,28.8,75,21.2,953.1,19.83,41,28.8,75.0,5.888888888888888,229.51388888888886,0.41,25.233838244655963,32.989213966836736,56.547678613473465,32.996828343212364,27.14152956462652
2017-07-28,31.5,25.9,27.7,78,19.2,953.5,16.65,67,27.7,78.0,5.333333333333333,192.70833333333331,0.67,24.631319237513463,30.800428427419355,48.09349196530951,30.397583363430865,26.172009151743293
2017-07-29,28.8,25.0,26.2,86,20.5,953.1,7.15,97,26.2,86.0,5.694444444444445,82.75462962962963,0.97,24.321379905439475,27.196279761904762,33.515183844978424,25.63088696186238,25.084221886188587
2017-07-30,26.6,24.6,25.5,87,18.7,954.6,4.42,99,25.5,87.0,5.194444444444444,51.157407407407405,0.99,23.77602401285465,26.133543369663943,30.023377591977294,24.34882372498037,24.419925482931045
2017-07-31,26.4,23.9,25.0,93,16.1,954.6,4.99,100,25.0,93.0,4.472222222222222,57.754629629629626,1.0,24.101007368427396,25.762157869012707,30.047036928941225,24.932335699379305,24.52313673170172
2017-08-01,29.7,24.2,26.5,83,16.2,954.9,10.37,95,26.5,83.0,4.5,120.02314814814814,0.95,24.192991694633342,28.158214546783626,37.08749091800041,27.578247395186597,25.21673709560006
2017-08-02,31.1,24.8,27.6,76,18.6,954.6,16.34,95,27.6,76.0,5.166666666666667,189.12037037037035,0.95,24.244562328999702,30.041512978142077,43.739462987505306,29.274540291753773,25.739496225928207
2017-08-03,30.6,25.6,27.6,75,20.8,952.7,15.91,95,27.6,75.0,5.777777777777778,184.1435185185185,0.95,24.098294206648845,29.842469394329896,43.336004307595886,28.699873964658618,25.59729982352017
2017-08-04,30.5,24.9,27.5,72,19.8,951.5,16.48,94,27.5,72.0,5.5,190.74074074074073,0.94,23.563014577483234,29.906966490299823,43.92360256299935,28.653010189070816,25.225503502298224
2017-08-05,30.9,24.0,27.6,71,14.4,952.8,16.87,89,27.6,71.0,4.0,195.25462962962962,0.89,23.50862336127921,30.610175540123457,44.968592134274445,30.248619607376707,25.338071460920137
2017-08-06,32.0,25.0,28.3,71,13.3,954.0,15.78,92,28.3,71.0,3.6944444444444446,182.63888888888889,0.92,24.162829761981545,31.135862619808307,44.05826456604149,31.1371210319687,25.97115335734874
2017-08-07,30.2,26.1,27.9,79,10.7,954.8,13.5,98,27.9,79.0,2.972222222222222,156.25,0.98,24.968122480716538,30.398911149825782,40.59944777277468,31.422618428693355,26.34746796646673
2017-08-08,31.2,25.2,27.4,84,16.1,954.9,13.17,96,27.4,84.0,4.472222222222222,152.43055555555554,0.96,25.206936061870618,29.49200879765396,40.459166783299224,29.58139784407674,26.283257002840223
2017-08-09,29.2,24.3,26.1,87,18.1,954.2,7.96,100,26.1,87.0,5.027777777777778,92.12962962962962,1.0,24.36272136514309,27.248430286241923,33.99032881340611,26.209487150524268,25.11359101284855
2017-08-10,28.5,24.4,26.2,86,18.0,953.6,6.92,100,26.2,86.0,5.0,80.09259259259258,1.0,24.321379905439475,27.201157407407408,33.0867423569091,26.07015088567522,25.085197415289116
2017-08-11,30.8,25.0,27.6,76,27.4,953.6,15.48,97,27.6,76.0,7.611111111111111,179.16666666666666,0.97,24.244562328999702,29.429157488986785,42.49437922989506,27.913410099068916,25.61702512809715
2017-08-12,30.4,25.3,27.6,75,24.9,953.6,15.86,99,27.6,75.0,6.916666666666666,183.5648148148148,0.99,24.098294206648845,29.5447601010101,42.64386464935319,28.048302680629586,25.537757964856215
2017-08-13,31.0,25.3,27.3,74,20.7,954.9,14.6,89,27.3,74.0,5.75,168.98148148148147,0.89,23.66855934013624,29.481040051679585,42.6349012829275,28.109395532134723,25.194199548431286
2017-08-14,30.6,25.0,27.2,76,13.3,957.5,16.25,59,27.2,76.0,3.6944444444444446,188.0787037037037,0.59,23.864916898426504,31.012649760383386,48.05955218614724,31.25379214304456,25.627971780975226
2017-08-15,30.8,24.9,27.8,73,17.3,957.0,16.6,47,27.8,73.0,4.805555555555555,192.12962962962965,0.47,23.992522349092237,31.54734419263456,50.851868402425055,31.16818387655744,25.88423448289148
2017-08-16,32.7,25.0,28.4,71,18.7,955.1,20.96,38,28.4,71.0,5.194444444444444,242.59259259259258,0.38,24.25628773704041,33.21880108991826,58.134518561523635,33.010365027196855,26.463161633911938
2017-08-17,33.2,24.9,28.7,69,19.6,953.9,22.62,69,28.7,69.0,5.444444444444445,261.80555555555554,0.69,24.232051732060896,32.804637632978725,55.00911879319932,32.34621750515998,26.39336373903837
2017-08-18,33.8,24.9,29.1,67,16.1,954.0,21.31,80,29.1,67.0,4.472222222222222,246.6435185185185,0.8,24.293831343589233,33.00579178885631,52.03675939395629,32.740195756413605,26.51684029828372
2017-08-19,30.5,26.0,28.1,77,15.0,955.0,12.84,91,28.1,77.0,4.166666666666667,148.61111111111111,0.91,24.86635940692182,30.308901515151515,41.31742500691928,30.294755209516953,26.278231887875577
2017-08-20,32.2,25.7,28.7,77,16.6,954.6,18.98,53,28.7,77.0,4.611111111111112,219.67592592592592,0.53,25.437498596460173,32.89987355491329,53.59611504061246,33.29921582116876,27.25622372850478
2017-08-21,32.9,26.2,29.3,74,14.4,953.4,19.88,42,29.3,74.0,4.0,230.09259259259258,0.42,25.555402432577807,34.34925411522634,56.70615160080723,35.00788303000156,27.688632525849734
2017-08-22,33.2,26.3,28.6,79,12.6,954.1,18.95,58,28.6,79.0,3.5,219.3287037037037,0.58,25.638274690223927,33.18009940087146,52.39539762572093,34.249554821933344,27.442812163331038
2017-08-23,32.5,25.4,28.3,80,8.5,955.7,18.39,83,28.3,80.0,2.361111111111111,212.84722222222223,0.83,25.49763198333287,32.52883254716981,46.956955429954576,34.18761452979848,27.18410889776697
2017-08-24,30.1,25.2,27.7,84,12.8,955.5,12.77,86,27.7,84.0,3.555555555555556,147.80092592592592,0.86,25.498055404356524,30.16174918831169,41.32420641548066,31.1279690407871,26.650988620711903
2017-08-25,32.1,25.3,27.4,82,16.2,954.0,15.69,73,27.4,82.0,4.5,181.5972222222222,0.73,24.920894482148817,30.434585160818713,45.91076423535628,30.58794547924136,26.271543169667915
2017-08-26,31.1,24.2,27.0,83,10.3,952.7,16.33,63,27.0,83.0,2.861111111111111,189.0046296296296,0.63,24.676921270731526,31.117362338044757,46.98435699614282,32.41199352524318,26.19731735712102
2017-08-27,32.1,24.2,27.7,81,11.8,952.6,20.11,47,27.7,81.0,3.2777777777777777,232.75462962962962,0.47,25.066214423203,33.0775692114094,54.55282079235451,34.18959407050359,26.93186393852398
2017-08-28,30.0,24.7,27.0,82,17.9,952.9,16.88,62,27.0,82.0,4.972222222222221,195.37037037037035,0.62,24.53478021458787,30.379526462395543,48.4565474991125,30.24160881020724,25.950251442690615
2017-08-29,29.4,24.9,26.5,84,25.6,952.3,12.4,79,26.5,84.0,7.111111111111112,143.5185185185185,0.79,24.33357724908168,28.292335626911314,40.756600822115104,26.769941585568112,25.34197119973944
2017-08-30,29.2,24.4,26.3,86,21.3,953.3,13.82,86,26.3,86.0,5.916666666666667,159.9537037037037,0.86,24.418918228401733,28.387945292620866,41.34731528595438,27.380871094514433,25.400831818405383
2017-08-31,29.3,23.8,26.0,84,16.6,955.4,8.69,99,26.0,84.0,4.611111111111112,100.5787037037037,0.99,23.84837739176672,27.321185573217726,34.6579180677212,26.36754508604308,24.75810128888025
2017-09-01,29.0,24.0,26.0,79,20.7,956.4,9.6,76,26.0,79.0,5.75,111.1111111111111,0.76,23.14913382254549,27.60206718346253,37.59755966917663,25.704718776690115,24.32480711247435
2017-09-02,29.4,23.6,26.1,80,16.1,956.4,18.82,46,26.1,80.0,4.472222222222222,217.82407407407408,0.46,23.38554790225918,30.526747311827958,52.3167079287727,30.45713500361055,25.085232993947017
2017-09-03,29.8,23.9,26.5,80,13.5,956.8,13.46,64,26.5,80.0,3.75,155.78703703703704,0.64,23.769563777978732,29.526719576719575,43.58270545736201,29.686427579519776,25.194038559929027
2017-09-04,31.7,24.8,27.7,78,16.0,958.3,19.77,18,27.7,78.0,4.444444444444445,228.81944444444443,0.18,24.631319237513463,33.21185661764706,59.05185626256872,33.610138790518576,26.654294789788832
2017-09-05,31.5,24.5,27.6,73,16.1,958.5,21.02,11,27.6,73.0,4.472222222222222,243.287037037037,0.11,23.804418897503357,33.667906891495605,61.789192220952145,33.745549723949814,26.156674606551473
2017-09-06,31.7,24.6,27.1,74,12.5,958.4,16.75,37,27.1,74.0,3.4722222222222223,193.86574074074073,0.37,23.47987461506948,31.762312158469946,51.44839721752129,32.0715045636006,25.498374662242625
2017-09-07,31.6,24.6,27.4,75,13.1,958.8,17.87,35,27.4,75.0,3.638888888888889,206.8287037037037,0.35,23.909036610277735,32.337952170418006,53.5121918250461,32.72085871155513,25.943916061278017
2017-09-08,32.0,24.8,28.3,70,13.0,959.2,18.18,22,28.3,70.0,3.611111111111111,210.41666666666666,0.22,24.01203546541296,33.73689516129032,56.46722277070319,34.00405407194094,26.385803858047133
2017-09-09,33.9,24.7,29.0,65,10.8,957.7,20.61,12,29.0,65.0,3.0,238.54166666666666,0.12,23.889885307176648,36.007161458333336,61.347420365447874,36.231835294575866,26.82435200669032
2017-09-10,34.3,26.0,29.7,64,9.7,958.1,19.05,29,29.7,64.0,2.694444444444444,220.48611111111111,0.29,24.371576639422027,35.82505640794224,57.04265453521998,36.21760619602794,27.195114929183866
2017-09-11,34.2,26.1,29.5,66,14.6,959.8,19.46,34,29.5,66.0,4.055555555555555,225.23148148148147,0.34,24.50558542150506,34.660979038854805,57.57373376032069,34.73671420160663,27.036105602824502
2017-09-12,32.7,25.3,28.6,73,9.2,960.2,18.6,27,28.6,73.0,2.5555555555555554,215.27777777777777,0.27,24.744935379106586,34.76153492647059,55.67648449591155,35.66553509849273,27.133761750668725
2017-09-13,33.4,24.8,28.3,74,7.5,959.7,18.0,66,28.3,74.0,2.0833333333333335,208.33333333333331,0.66,24.611981820324157,33.226470588235294,48.641016351679696,34.393810126990445,26.703681391873964
2017-09-14,32.0,24.8,27.9,75,7.9,959.0,12.07,80,27.9,75.0,2.1944444444444446,139.69907407407408,0.8,24.382180462483262,30.812644787644786,40.69886928293391,32.05053388279301,26.02005528126724
2017-09-15,34.2,24.9,29.0,67,12.3,957.9,18.02,67,29.0,67.0,3.416666666666667,208.5648148148148,0.67,24.201613885208644,33.11967134213421,50.33125326261944,33.32675487661918,26.46506398807289
2017-09-16,34.4,26.6,29.7,58,11.7,957.6,16.05,80,29.7,58.0,3.2499999999999996,185.76388888888889,0.8,23.397558165604792,33.077525252525255,46.99749464683276,32.793262730402255,25.963795766428404
2017-09-17,35.7,25.9,30.0,51,13.3,957.3,21.09,60,30.0,51.0,3.6944444444444446,244.0972222222222,0.6,22.47238051638069,34.91313897763578,55.7010454013336,34.18764116776002,25.713294156993637
2017-09-18,36.7,24.9,30.1,43,13.7,956.7,21.61,40,30.1,43.0,3.8055555555555554,250.11574074074073,0.4,21.10603290237476,35.780862250262885,59.68931941885097,34.67939386790856,24.94039548171491
2017-09-19,36.7,24.5,29.8,45,13.0,956.0,22.06,60,29.8,45.0,3.611111111111111,255.32407407407405,0.6,21.2283247072928,34.9888440860215,56.5491724574772,33.941809682215386,24.83759611230926
2017-09-20,37.6,24.5,30.2,57,16.6,955.4,21.62,31,30.2,57.0,4.611111111111112,250.23148148148147,0.31,23.675631832802935,35.70003010597302,61.463709669882064,35.232632513757494,26.732948304156658
2017-09-21,35.9,25.3,30.0,58,20.5,955.1,18.48,89,30.0,58.0,5.694444444444445,213.88888888888889,0.89,23.664952801281405,32.775,48.679261253849916,31.54320463126743,26.120466960896984
2017-09-22,31.2,25.4,28.0,67,16.0,955.6,7.33,99,28.0,67.0,4.444444444444445,84.83796296296296,0.99,23.279438046588027,29.13408394607843,35.22283269513571,27.699552180620177,24.922423421827308
2017-09-23,36.5,24.2,29.7,49,23.6,957.5,20.96,30,29.7,49.0,6.555555555555555,242.59259259259258,0.3,21.86318827127212,34.16113782051282,60.29686865149711,32.8601310048438,25.106459353993046
2017-09-24,36.4,23.9,29.8,49,20.6,959.8,18.73,16,29.8,49.0,5.722222222222222,216.7824074074074,0.16,21.948733506267132,34.450151122625215,59.60909249500327,33.16522503948103,25.234143678912037
2017-09-25,35.6,26.4,30.4,48,18.4,958.7,19.64,15,30.4,48.0,5.111111111111111,227.3148148148148,0.15,22.281724541027522,35.59888965201465,61.50979859471323,34.55079193068116,25.756985109122194
2017-09-26,35.2,25.4,30.1,45,15.4,959.1,17.77,16,30.1,45.0,4.277777777777778,205.67129629629628,0.16,21.479579978563237,35.19867764471058,58.41918453472363,34.02308557551573,25.08544151393638
2017-09-27,37.1,25.6,30.9,39,17.1,959.4,19.25,21,30.9,39.0,4.75,222.80092592592592,0.21,20.980444082585425,36.012995607787275,60.47475447587783,34.64305581651435,24.978909979367252
2017-09-28,37.7,25.3,31.2,29,23.2,958.6,19.92,31,31.2,29.0,6.444444444444444,230.55555555555557,0.31,19.04082159903506,35.4557645631068,60.02138127662113,33.68413709404034,23.539728031945902
2017-09-29,38.2,25.5,30.9,30,23.2,958.0,19.65,11,30.9,30.0,6.444444444444444,227.43055555555551,0.11,19.04807780805941,35.5948953276699,62.37494956187686,33.93997387509583,23.542633531175568
2017-09-30,38.3,23.8,30.9,28,11.2,959.8,20.74,1,30.9,28.0,3.1111111111111107,240.04629629629628,0.01,18.58032599965651,38.26169377853881,64.7618385302033,36.76897070921078,23.748566955467318
2017-10-01,37.6,24.0,30.8,27,13.5,959.9,20.85,5,30.8,27.0,3.75,241.31944444444446,0.05,18.266558598263,37.52247023809524,64.69046457631794,36.01034820701076,23.371085066403147
2017-10-02,37.8,25.3,31.2,27,13.5,959.0,20.68,3,31.2,27.0,3.75,239.35185185185185,0.03,18.560493670901064,37.93604497354497,65.06069728448387,36.46917858731433,23.69955456433974
2017-10-03,38.2,24.2,30.8,24,12.6,960.0,20.76,0,30.8,24.0,3.5,240.27777777777777,0.0,17.51923515010221,37.866993464052285,65.16526000600516,36.28191405286264,22.916863297882003
2017-10-04,37.9,23.3,30.5,32,13.7,961.0,20.47,0,30.5,32.0,3.8055555555555554,236.92129629629628,0.0,19.193080922825935,37.22647213459516,64.68833189244003,35.83131948682885,23.93045107289719
2017-10-05,36.8,23.7,29.8,44,14.7,961.1,19.91,1,29.8,44.0,4.083333333333333,230.4398148148148,0.01,21.043916879959003,36.110668323139656,63.301655387825804,35.03141380008617,24.932875480599233
2017-10-06,36.7,23.8,29.8,36,11.8,961.1,20.12,0,29.8,36.0,3.2777777777777777,232.87037037037038,0.0,19.493057192136256,36.832997762863535,63.30610756033104,35.54552468288212,23.991739587068086
2017-10-07,37.1,22.8,29.6,31,16.2,960.2,20.22,0,29.6,31.0,4.5,234.02777777777774,0.0,18.28597277183745,35.758625730994154,63.85751649907252,34.123059295586685,22.911906086485047
2017-10-08,36.8,22.6,29.3,32,14.6,959.3,20.05,0,29.3,32.0,4.055555555555555,232.0601851851852,0.0,18.271694001462816,35.706569529652356,63.254326890991706,34.134087284117896,22.86149970695444
2017-10-09,36.2,22.4,29.2,37,12.8,959.4,19.6,1,29.2,37.0,3.555555555555556,226.85185185185185,0.01,19.21701966036674,35.79564393939394,62.133621992859446,34.45336134790252,23.53104255013551
2017-10-10,36.2,23.0,29.2,39,12.5,959.1,17.58,12,29.2,39.0,3.4722222222222223,203.4722222222222,0.12,19.607205632016825,34.84385245901639,57.64433137800097,33.51234120364678,23.613814434215058
2017-10-11,35.3,22.7,29.0,39,10.5,959.2,16.96,11,29.0,39.0,2.9166666666666665,196.2962962962963,0.11,19.445646995509986,34.857894736842105,56.308415229202694,33.63550329683675,23.48353184422541
2017-10-12,34.9,23.4,29.1,37,9.6,959.2,13.58,41,29.1,37.0,2.6666666666666665,157.17592592592592,0.41,19.137318186375424,33.174615036231884,48.00822975949109,31.823405670206796,22.941045737709175
2017-10-13,36.5,22.5,29.4,32,15.8,957.8,19.23,15,29.4,32.0,4.388888888888889,222.56944444444443,0.15,18.34847671227443,34.8819249260355,60.07117155310476,33.1162907956246,22.760318683799202
2017-10-14,37.3,22.8,29.9,23,14.6,957.6,19.28,0,29.9,23.0,4.055555555555555,223.14814814814815,0.0,16.625060579611958,36.06053169734151,62.59183341652994,34.29067249430446,21.839648745196676
2017-10-15,37.3,23.1,29.6,26,17.9,957.9,19.04,0,29.6,26.0,4.972222222222221,220.37037037037035,0.0,17.149129109560928,35.12460538532962,62.178945270674035,33.215676455601745,21.989311453758575
2017-10-16,37.5,22.6,29.0,22,14.8,958.7,19.29,0,29.0,22.0,4.111111111111112,223.26388888888886,0.0,15.739474003915102,35.126143292682926,61.92372285112111,33.24916146690604,20.942860461277157
2017-10-17,36.4,20.6,28.2,25,11.7,959.8,19.08,0,28.2,25.0,3.2499999999999996,220.83333333333331,0.0,15.900337211156703,34.89191919191919,60.51367036712185,33.165988508830196,20.92861988619353
2017-10-18,35.8,21.2,27.5,32,12.6,960.7,18.86,0,27.5,32.0,3.5,218.287037037037,0.0,16.889589943684047,33.92020697167756,59.81939533532045,32.29554541109325,21.356754354914344
2017-10-19,34.0,20.8,26.9,41,10.4,960.5,18.66,0,26.9,41.0,2.888888888888889,215.9722222222222,0.0,18.106516440520544,33.74419014084507,58.52474656549117,32.55076342202724,22.113399536533397
2017-10-20,35.1,22.5,28.2,44,8.7,960.3,16.83,4,28.2,44.0,2.4166666666666665,194.79166666666663,0.04,19.71141009819642,34.63469101123595,55.760464631431375,33.65532075144984,23.544925270984685
2017-10-21,36.1,22.1,28.3,32,14.7,959.4,18.26,0,28.3,32.0,4.083333333333333,211.3425925925926,0.0,17.50386204924672,34.11676860346585,59.83101673369697,32.340161274350116,21.906057155165875
2017-10-22,35.9,19.9,27.6,25,22.0,958.5,17.82,3,27.6,25.0,6.111111111111111,206.25,0.03,15.468084644061616,32.171015625,58.32721067715141,29.522669381935916,20.02186237584313
2017-10-23,34.0,19.1,26.1,28,11.8,960.3,18.21,0,26.1,28.0,3.2777777777777777,210.76388888888889,0.0,15.0196673863968,32.46535234899329,57.58597542052257,30.750828711818343,19.61683764027642
2017-10-24,34.5,20.4,26.5,20,12.6,963.0,18.28,0,26.5,20.0,3.5,211.57407407407408,0.0,13.518941834580975,32.72276688453159,58.16512349572196,30.8114644885115,18.657812661113
2017-10-25,33.3,18.0,25.5,27,11.3,965.0,18.04,0,25.5,27.0,3.138888888888889,208.79629629629628,0.0,14.371747937844976,31.91353811149033,56.739311834386854,30.224009746505654,18.99293117878955
2017-10-26,32.8,18.3,25.1,36,9.4,965.4,17.67,0,25.1,36.0,2.611111111111111,204.51388888888889,0.0,15.7732097599356,31.817609489051097,55.27710575152389,30.499673063740016,19.91476872976514
2017-10-27,31.2,18.2,24.6,44,9.8,964.7,13.73,36,24.6,44.0,2.7222222222222223,158.91203703703704,0.36,16.71321864534637,28.81860011990408,44.93159110993105,27.49095429278727,19.922973075723277
2017-10-28,33.1,20.4,26.2,29,13.4,964.3,17.11,7,26.2,29.0,3.7222222222222223,198.0324074074074,0.07,15.298021498070906,31.677425026539275,55.3474807929702,29.69297069034046,19.66410005395749
2017-10-29,32.6,18.0,25.0,36,10.0,965.9,17.06,1,25.0,36.0,2.7777777777777777,197.45370370370367,0.01,15.694062113648062,31.31499255952381,54.35833407590479,29.943826905986406,19.748841991458406
2017-10-30,32.2,18.2,24.5,44,11.7,966.5,16.75,1,24.5,44.0,3.2499999999999996,193.86574074074073,0.01,16.629934459321756,30.345345819304153,53.93584688442843,29.048138462684566,20.160023285386057
2017-10-31,31.3,17.7,24.3,42,10.9,964.7,16.92,0,24.3,42.0,3.0277777777777777,195.83333333333334,0.0,16.14216659762408,30.398615916955016,53.976722818780786,29.15259026793831,19.809239801727855
2017-11-01,32.5,18.6,24.6,38,10.7,965.3,16.67,1,24.6,38.0,2.972222222222222,192.93981481481484,0.01,15.721914861382714,30.620125580720096,53.65052641470862,29.236457646050994,19.58936551911192
2017-11-02,33.3,18.0,25.3,31,14.8,964.5,16.56,0,25.3,31.0,4.111111111111112,191.66666666666663,0.0,15.011176663633027,30.559146341463414,54.864119953212025,28.373388884978077,19.149652932835803
2017-11-03,32.3,17.6,24.8,44,10.2,964.5,16.41,3,24.8,44.0,2.833333333333333,189.93055555555554,0.03,16.879786831887134,30.770689273049644,53.0183139987667,29.650449934706835,20.44998863693092
2017-11-04,30.0,18.6,24.2,55,12.6,966.2,15.04,8,24.2,55.0,3.5,174.07407407407405,0.08,18.057140894002597,29.11503267973856,50.341556688443916,27.977141568064745,20.88300516174953
2017-11-05,29.0,18.7,23.5,57,9.7,966.7,14.98,5,23.5,57.0,2.694444444444444,173.37962962962962,0.05,17.728635239074794,28.99244133574007,49.37529410793326,28.46479408295751,20.55853293450037
2017-11-06,29.7,17.4,23.4,51,7.4,966.0,15.99,0,23.4,51.0,2.055555555555556,185.06944444444443,0.0,16.770389660941003,29.95757874015748,50.444691348256015,29.37202891773388,20.070788510690196
2017-11-07,30.5,17.3,23.4,45,9.4,965.4,15.94,0,23.4,45.0,2.611111111111111,184.49074074074073,0.0,15.868100697653919,29.459914841849148,51.27643754031095,28.494287620276594,19.33965345672757
2017-11-08,30.3,16.4,23.2,43,10.3,965.3,15.85,0,23.2,43.0,2.861111111111111,183.44907407407405,0.0,15.39262612944463,29.034069493521788,51.26715185326026,27.874892659144805,18.901652189315598
2017-11-09,30.3,16.4,23.3,45,11.4,964.3,14.44,16,23.3,45.0,3.1666666666666665,167.12962962962962,0.16,15.784345338160353,28.006916099773242,47.51849701398555,26.52645601527199,18.980424956666894
2017-11-10,29.7,16.1,22.7,45,9.6,965.1,15.57,0,22.7,45.0,2.6666666666666665,180.20833333333331,0.0,15.28181185381451,28.576358695652175,50.203126383852464,27.597561493101274,18.682540036800592
2017-11-11,29.3,15.7,22.4,47,8.3,965.8,15.51,1,22.4,47.0,2.305555555555556,179.51388888888889,0.01,15.32642873225819,28.51234553231939,49.23170842280496,27.773528726150495,18.67096921904461
2017-11-12,29.1,16.3,21.9,47,9.4,963.6,15.36,0,21.9,47.0,2.611111111111111,177.77777777777777,0.0,14.903080421245285,27.73941605839416,49.15405751851745,26.8929963835257,18.170039506550534
2017-11-13,28.6,14.7,21.9,44,11.5,961.8,15.33,1,21.9,44.0,3.194444444444444,177.43055555555554,0.01,14.464522963345406,27.286069915254235,49.579216047357306,25.92114138784683,17.77238005739263
2017-11-14,27.9,15.2,21.6,44,15.2,961.2,13.89,23,21.6,44.0,4.222222222222222,160.76388888888889,0.23,14.214664854139134,25.456880647590364,44.935142222603645,22.723786727355293,17.201641527415468
2017-11-15,27.5,16.3,21.7,48,12.5,962.6,13.22,23,21.7,48.0,3.4722222222222223,153.00925925925927,0.23,14.877033315620917,25.695799180327867,43.72863472402838,23.81092959969359,17.723083157000215
2017-11-16,26.3,17.5,21.5,55,12.2,964.0,11.1,40,21.5,55.0,3.3888888888888884,128.4722222222222,0.4,15.681117353133601,24.56291390728477,38.613520037711794,22.644136937278027,18.039364928650475
2017-11-17,25.3,17.1,20.5,57,12.6,964.9,11.88,22,20.5,57.0,3.5,137.5,0.22,15.06574746869461,24.09926470588235,40.7884254002833,22.317430034473567,17.4158761692627
2017-11-18,25.4,15.9,19.9,63,12.4,965.5,11.93,24,19.9,63.0,3.4444444444444446,138.0787037037037,0.24,15.303151870852993,23.497313596491225,40.12143552178446,21.98740303808588,17.401669028895338
2017-11-19,25.7,16.4,20.0,46,15.6,966.6,13.69,10,20.0,46.0,4.333333333333333,158.44907407407405,0.1,13.15778744349236,24.03196304563492,44.86257926225443,21.2155219231361,16.016843819571633
2017-11-20,24.9,14.0,18.5,37,13.1,967.7,14.97,0,18.5,37.0,3.638888888888889,173.26388888888889,0.0,10.68849516341133,23.514067524115756,46.68715211538313,21.491972029688196,14.03476011921108
2017-11-21,24.3,11.8,17.3,39,12.0,966.1,15.09,0,17.3,39.0,3.333333333333333,174.65277777777777,0.0,9.993933773206454,22.539583333333333,45.73055951148132,20.96622581459812,13.233670307911185
2017-11-22,24.5,12.4,17.7,34,10.8,965.1,15.08,12,17.7,34.0,3.0,174.53703703703704,0.12,9.642791599403465,22.82702546296296,44.25774798829076,21.37688366177272,13.085359212175018
2017-11-23,24.6,11.0,17.2,32,9.3,964.1,14.79,2,17.2,32.0,2.5833333333333335,171.18055555555554,0.02,8.980189320100456,22.786881868131868,44.151286871054594,21.84393280639465,12.563508897696694
2017-11-24,24.9,10.7,17.3,32,9.9,965.5,14.7,0,17.3,32.0,2.75,170.13888888888889,0.0,9.05698667981987,22.788351254480286,44.536165088032874,21.673728124055568,12.627560926769966
2017-11-25,26.7,11.4,18.2,34,8.1,966.1,14.69,0,18.2,34.0,2.25,170.02314814814812,0.0,10.032808168383616,24.06286717752235,44.534733145220684,23.336891201575636,13.655539153373
2017-11-26,26.9,10.7,18.1,42,9.3,967.0,14.28,0,18.1,42.0,2.5833333333333335,165.27777777777777,0.0,11.038513186303442,23.54871794871795,44.29432228895388,22.730005392784673,14.246702820156
2017-11-27,27.7,12.4,19.1,33,11.4,965.1,14.49,0,19.1,33.0,3.1666666666666665,167.70833333333331,0.0,10.587888278687414,24.23392857142857,46.05644041059713,22.56758746511205,14.168307509366905
2017-11-28,26.9,13.4,19.9,37,9.4,964.1,14.28,0,19.9,37.0,2.611111111111111,165.27777777777777,0.0,11.804439117561124,25.32883211678832,45.80207584252747,24.207281372172744,15.31887380565045
2017-11-29,27.0,15.4,20.9,38,9.8,965.9,14.0,0,20.9,38.0,2.7222222222222223,162.03703703703704,0.0,12.752619330039053,26.145803357314147,46.3012957177678,24.87262670187165,16.245994202490166
2017-11-30,27.3,13.4,19.7,40,12.1,965.7,13.97,0,19.7,40.0,3.3611111111111107,161.6898148148148,0.0,12.074898192856754,24.53457918050941,45.826671817229055,22.75417005491809,15.32934457110161
2017-12-01,25.2,12.8,18.6,47,10.4,965.5,13.9,0,18.6,47.0,2.888888888888889,160.87962962962962,0.0,12.108941608444876,23.69829812206573,44.427766382528375,22.657277432540248,15.075918750324558
2017-12-02,24.9,12.3,17.9,51,10.3,966.3,13.71,69,17.9,51.0,2.861111111111111,158.68055555555554,0.69,12.018570395753212,21.205377650176676,35.35910694251231,19.582934312002156,14.444074807062584
2017-12-03,24.3,12.2,17.9,51,8.0,966.3,12.72,94,17.9,51.0,2.2222222222222223,147.22222222222223,0.94,12.018570395753212,20.600961538461537,30.80180293535551,19.453472903371836,14.323191584719556
2017-12-04,24.2,11.9,18.2,48,7.4,964.8,11.35,96,18.2,48.0,2.055555555555556,131.36574074074073,0.96,11.898016555768947,20.62043963254593,29.405288260931343,19.435987888592294,14.272699515547448
2017-12-05,21.1,15.2,17.7,60,11.9,965.1,5.43,95,17.7,60.0,3.3055555555555554,62.847222222222214,0.95,12.942983179430453,18.693154264214048,23.676764942526177,15.24762950296118,14.568719078444126
2017-12-06,20.6,14.6,17.5,58,10.1,965.0,5.08,90,17.5,58.0,2.8055555555555554,58.79629629629629,0.9,12.523248001357754,18.53573546856465,23.259800622310138,15.862995450544227,14.223420694663357
2017-12-07,23.3,13.8,18.3,39,11.0,965.6,12.79,23,18.3,39.0,3.0555555555555554,148.0324074074074,0.23,10.801821259745811,22.365786637931034,39.961578066133995,20.500553225975697,13.864432209408273
2017-12-08,25.5,12.1,17.7,35,10.8,965.8,13.86,0,17.7,35.0,3.0,160.41666666666666,0.0,9.78003581733012,22.71302083333333,43.73366047170225,21.23784656672138,13.158629238797749
2017-12-09,25.4,11.3,18.0,48,8.8,965.1,13.63,0,18.0,48.0,2.4444444444444446,157.75462962962962,0.0,11.727784597760493,23.297730099502488,42.96426068009595,22.726341513105076,14.668995238332844
2017-12-10,24.9,11.6,17.9,55,8.7,965.2,13.46,8,17.9,55.0,2.4166666666666665,155.78703703703704,0.08,12.51303463440129,22.941198501872655,41.6794250373822,22.569555559898888,15.137363944455434
2017-12-11,21.6,13.6,16.8,67,13.6,964.0,5.36,54,16.8,67.0,3.7777777777777777,62.03703703703704,0.54,12.95088990875508,18.089820675105486,25.073235357161423,14.23281085412288,14.363587071149652
2017-12-12,21.7,12.0,15.6,72,10.0,965.0,13.36,8,15.6,72.0,2.7777777777777777,154.62962962962962,0.08,12.405758719967004,20.37142857142857,40.05313704040026,20.28191355428351,14.318316818262618
2017-12-13,21.3,9.8,14.7,68,11.0,966.8,13.35,3,14.7,68.0,3.0555555555555554,154.51388888888889,0.03,11.123739492285713,19.42332974137931,40.139063760595775,18.84351953828773,13.141283592875862
2017-12-14,22.0,10.6,15.2,65,13.2,968.2,12.99,8,15.2,65.0,3.6666666666666665,150.34722222222223,0.08,11.253109626647152,19.36346153846154,39.777798377850615,17.621804890517232,13.269869046345313
2017-12-15,22.4,11.2,16.0,52,17.3,969.3,12.42,28,16.0,52.0,4.805555555555555,143.75,0.28,10.493443492023978,19.151912181303118,37.55444824870028,14.827194881079897,12.775792880677407
2017-12-16,22.0,10.0,14.9,47,14.0,970.9,13.56,3,14.9,47.0,3.888888888888889,156.94444444444443,0.03,8.97602677318883,19.2478515625,41.1876068108582,16.709612618094965,11.62278905373218
2017-12-17,24.0,8.4,14.5,43,12.8,971.3,13.8,0,14.5,43.0,3.555555555555556,159.72222222222223,0.0,8.188277893581487,19.16720779220779,41.46319135098702,17.11853688319895,11.015236083948597
2017-12-18,25.4,10.6,16.8,33,15.8,970.7,13.66,20,16.8,33.0,4.388888888888889,158.10185185185185,0.2,8.807527841009813,20.588831360946745,41.030518222517344,16.806357342258373,11.963035760896219
2017-12-19,26.9,12.1,18.3,32,11.7,969.8,11.2,95,18.3,32.0,3.2499999999999996,129.62962962962962,0.95,9.824951268366194,20.362289562289565,30.188628471249274,16.86409606938997,12.779923800314249
2017-12-20,25.4,12.8,17.8,42,9.8,970.6,11.04,97,17.8,42.0,2.7222222222222223,127.77777777777776,0.97,10.79155403543705,19.930395683453238,29.126543206849306,17.515616918750545,13.320166961496582
2017-12-21,25.8,12.2,18.2,50,12.6,970.7,13.26,56,18.2,50.0,3.5,153.4722222222222,0.56,12.151737817632874,21.45,37.006857328656906,19.006073192562447,14.616216472343012
2017-12-22,25.6,13.1,18.2,47,12.8,969.3,13.48,77,18.2,47.0,3.555555555555556,156.0185185185185,0.77,11.770253096087387,21.00377435064935,34.73814490110033,18.090852762156533,14.25993203739104
2017-12-23,24.6,11.9,16.9,43,13.0,966.0,13.89,13,16.9,43.0,3.611111111111111,160.76388888888889,0.13,10.175750580870089,21.263961693548385,42.03491499337241,19.051866128223047,13.065817745318737
2017-12-24,23.6,10.4,16.1,48,10.6,965.2,13.58,0,16.1,48.0,2.944444444444444,157.17592592592592,0.0,10.110566756679837,21.046095571095574,41.90946360745181,20.01135429231022,12.896615843894999
2017-12-25,24.6,9.9,16.6,49,11.1,967.4,13.6,0,16.6,49.0,3.083333333333333,157.4074074074074,0.0,10.656337592789262,21.46827033218786,42.4764255586561,20.27568604559044,13.413090381390056
2017-12-26,24.4,9.2,16.1,47,10.0,967.6,13.67,2,16.1,47.0,2.7777777777777777,158.21759259259258,0.02,9.992118962888288,21.134709821428572,41.65929949891603,20.275888834104105,12.831425238307517
2017-12-27,24.2,10.3,16.8,44,11.2,966.7,13.62,28,16.8,44.0,3.1111111111111107,157.63888888888886,0.28,10.21684201608262,20.978510273972603,39.43097052982057,19.257155017251414,13.027491466052354
2017-12-28,23.5,9.7,16.5,51,9.7,966.4,13.56,15,16.5,51.0,2.694444444444444,156.94444444444443,0.15,10.808988494527679,21.2168321299639,40.22648011028264,20.42110833901313,13.459658372162155
2017-12-29,23.3,10.2,16.3,52,9.9,966.8,13.53,0,16.3,52.0,2.75,156.5972222222222,0.0,10.753877430574239,21.351523297491042,41.78643838872301,20.675735293926788,13.428018860900176
2017-12-30,23.5,9.6,16.1,58,10.6,966.8,13.52,0,16.1,58.0,2.944444444444444,156.48148148148147,0.0,11.275337549429668,21.024242424242424,41.80820278739532,20.31043956480513,13.707584769449252
2017-12-31,22.0,9.6,15.6,50,11.5,965.5,13.47,9,15.6,50.0,3.194444444444444,155.90277777777777,0.09,9.916273085692524,20.142319915254237,40.49504589716656,18.698973115291444,12.529855143035613
2018-01-01,21.9,9.7,14.9,53,11.7,963.6,13.51,1,14.9,53.0,3.2499999999999996,156.36574074074073,0.01,9.650193694073291,19.614664001122335,40.96315829298243,18.287976440046656,12.168068386075772
2018-01-02,21.5,7.6,13.8,54,9.0,964.2,13.84,0,13.8,54.0,2.5,160.18518518518516,0.0,8.79789376884743,19.139506172839507,39.94967641274428,19.009827760849934,11.366426872761103
2018-01-03,21.2,7.4,13.5,57,10.5,964.7,14.08,0,13.5,57.0,2.9166666666666665,162.96296296296296,0.0,8.852183574658438,18.646198830409357,40.623846734287326,18.0720978377972,11.275768268342778
2018-01-04,21.1,10.6,14.6,48,11.8,964.6,14.12,0,14.6,48.0,3.2777777777777777,163.4259259259259,0.0,8.8337965816194,19.535682326621924,41.90160542126938,18.138851730334107,11.550794072457965
2018-01-05,21.7,7.6,13.9,57,9.7,963.7,13.95,0,13.9,57.0,2.694444444444444,161.45833333333331,0.0,9.207251181049116,19.145938628158845,40.47387814660516,18.861856165313057,11.664263552366151
2018-01-06,22.1,7.8,14.5,58,12.1,963.2,13.99,0,14.5,58.0,3.3611111111111107,161.92129629629628,0.0,9.849142345940074,19.341500553709857,41.66151819148297,18.10868452844347,12.212699752900022
2018-01-07,21.8,8.7,14.4,52,12.7,964.5,14.22,0,14.4,52.0,3.5277777777777777,164.58333333333334,0.0,9.104452633034647,19.224918566775244,42.08742802286031,17.580257447431215,11.658100556479301
2018-01-08,21.6,7.0,13.7,44,9.0,966.0,14.58,0,13.7,44.0,2.5,168.75,0.0,7.634808407688331,19.325,41.10095034964337,19.03042786644336,10.579365885381833
2018-01-09,22.0,7.1,13.6,48,9.2,968.0,14.57,0,13.6,48.0,2.5555555555555554,168.63425925925927,0.0,7.982606355955287,19.179810049019608,41.08469576039465,18.928139104628293,10.783786458972621
2018-01-10,23.3,7.1,14.6,43,10.7,968.2,14.61,0,14.6,43.0,2.972222222222222,169.0972222222222,0.0,8.271090414209835,19.902700348432056,42.45813347733883,18.90347117725881,11.230303359633297
2018-01-11,23.7,8.8,15.5,37,11.9,967.0,14.44,0,15.5,37.0,3.3055555555555554,167.12962962962962,0.0,8.297107125390772,20.53065774804905,43.18621100668537,18.85000179004758,11.464106537383351
2018-01-12,25.3,11.0,16.9,33,12.4,965.8,14.16,2,16.9,33.0,3.4444444444444446,163.88888888888889,0.02,8.884936514474509,21.70345394736842,43.69607800731171,19.655340859393345,12.25014634960584
2018-01-13,25.6,12.3,18.0,36,13.9,965.8,14.18,9,18.0,36.0,3.861111111111111,164.12037037037035,0.09,10.153480077797889,22.421989289446184,43.9969669944922,19.825804816692617,13.39183391234776
2018-01-14,26.0,11.6,17.8,33,14.7,965.8,14.72,0,17.8,33.0,4.083333333333333,170.37037037037038,0.0,9.581607451986896,22.48909276248726,45.915004544451676,19.75420419643311,12.984943768888279
2018-01-15,26.0,8.9,16.7,31,10.9,966.1,15.15,0,16.7,31.0,3.0277777777777777,175.34722222222223,0.0,8.460903217356137,22.160640138408304,45.089812161577015,20.81047710531799,12.024760279830955
2018-01-16,25.1,7.1,15.4,36,11.4,963.7,15.62,0,15.4,36.0,3.1666666666666665,180.787037037037,0.0,8.0954022837486,20.934297052154193,44.96192185996216,19.639209448877907,11.393641009054857
2018-01-17,25.5,10.3,16.9,45,13.6,963.6,14.5,2,16.9,45.0,3.7777777777777777,167.82407407407408,0.02,10.42385854122139,21.63200158227848,44.45314725130913,19.516708091742178,13.313101295310668
2018-01-18,26.3,11.8,18.6,53,8.6,965.2,14.79,1,18.6,53.0,2.388888888888889,171.18055555555554,0.01,12.877170551080507,24.362864191729322,45.13039529884651,24.061940507611922,15.74659222410222
2018-01-19,26.5,11.7,18.4,51,15.6,965.7,15.05,0,18.4,51.0,4.333333333333333,174.1898148148148,0.0,12.450560989811283,23.06579861111111,47.02254460267898,20.6605938463742,15.168552415090119
2018-01-20,24.9,11.4,16.9,42,12.7,965.4,15.76,0,16.9,42.0,3.5277777777777777,182.4074074074074,0.0,10.05067148379956,22.24744842562432,46.655665106236825,20.62584822731582,13.174959723784555
2018-01-21,24.3,8.1,15.8,43,10.1,963.8,15.6,0,15.8,43.0,2.8055555555555554,180.55555555555554,0.0,9.264832656066337,21.58291814946619,44.86940994812909,20.897362228400095,12.381966489139675
2018-01-22,24.8,10.1,16.7,54,15.6,962.1,15.22,5,16.7,54.0,4.333333333333333,176.15740740740742,0.05,11.338699976549279,21.30053943452381,45.324302730866805,18.815414421343224,13.867197870489257
2018-01-23,22.9,14.5,17.4,46,24.2,960.0,11.6,36,17.4,46.0,6.722222222222221,134.25925925925924,0.36,10.968075319979075,19.747946287519746,36.551441647322406,12.848935642515684,13.367241981489302
2018-01-24,21.5,10.2,15.0,53,15.9,963.4,15.85,1,15.0,53.0,4.416666666666667,183.44907407407405,0.01,9.737410373304641,19.845977753195672,45.58625507517951,17.248466315362535,12.285382811952383
2018-01-25,22.5,7.2,14.0,62,12.6,963.0,15.9,0,14.0,62.0,3.5,184.02777777777777,0.0,9.83261233208348,19.412581699346404,44.5944939929646,18.45676689134549,12.165344972327718
2018-01-26,23.8,8.9,15.3,55,11.2,963.2,15.98,4,15.3,55.0,3.1111111111111107,184.9537037037037,0.04,10.224933791528409,20.886615296803654,44.898297793532095,20.208526139315275,12.864776713430619
2018-01-27,23.8,8.5,15.8,58,10.8,963.1,16.08,3,15.8,58.0,3.0,186.1111111111111,0.03,11.007926932086793,21.52873263888889,45.47659800550241,21.099369931346427,13.591295380238533
2018-01-28,24.6,9.4,16.6,58,9.9,964.1,16.19,21,16.6,58.0,2.75,187.38425925925927,0.21,11.721020931526482,22.00996490442055,43.62536685431053,21.656692419527435,14.266707632952647
2018-01-29,26.0,10.1,17.5,53,11.1,965.8,16.13,27,17.5,53.0,3.083333333333333,186.68981481481478,0.27,11.917807394023587,22.494433705612828,43.79949876867096,21.476508956375262,14.591351916939075
2018-01-30,28.3,11.7,19.4,39,15.2,966.2,16.3,23,19.4,39.0,4.222222222222222,188.65740740740742,0.23,11.690485241111045,23.926073042168674,46.74454176966651,21.216933066164067,14.908554277211465
2018-01-31,28.5,15.1,20.6,36,15.8,965.5,16.36,14,20.6,36.0,4.388888888888889,189.35185185185185,0.14,12.21147187064463,25.28897928994083,49.054901350826015,22.54074762979005,15.665826167439407
2018-02-01,28.7,11.9,20.0,38,12.7,965.0,16.43,0,20.0,38.0,3.5277777777777777,190.162037037037,0.0,12.030338906693114,25.574782844733985,50.18828516926561,23.901321268075087,15.536193803631978
2018-02-02,27.7,13.9,20.2,37,15.1,962.8,16.53,0,20.2,37.0,4.194444444444445,191.31944444444446,0.0,12.04356714326844,25.40203927492447,50.82402172047017,23.06470718419439,15.530904855272802
2018-02-03,25.7,13.8,18.6,46,13.4,964.8,16.73,0,18.6,46.0,3.7222222222222223,193.63425925925927,0.0,11.978717896739223,24.150026539278134,49.68885621534082,22.560901002935957,15.075107835573082
2018-02-04,24.8,10.6,17.0,33,13.5,965.7,17.42,9,17.0,33.0,3.75,201.62037037037038,0.09,8.962345027103916,22.50135582010582,48.30479529716922,20.528303177572106,12.473912682993905
2018-02-05,24.1,11.3,16.8,35,11.0,967.1,12.17,96,16.8,35.0,3.0555555555555554,140.85648148148147,0.96,9.07275433418102,19.073132183908047,29.60872222918067,15.981827247276394,11.845554470708322
2018-02-06,23.9,14.5,18.7,36,12.7,967.5,11.31,99,18.7,36.0,3.5277777777777777,130.90277777777777,0.99,10.707562741269319,20.63795806188925,30.317993740205907,16.811307733423074,13.492885531266374
2018-02-07,24.8,12.2,17.8,30,10.9,964.9,17.07,33,17.8,30.0,3.0277777777777777,197.56944444444443,0.33,9.154968935364055,22.93748918685121,44.49415966384856,21.37980011384006,12.775976092125081
2018-02-08,23.8,11.3,16.8,40,10.0,963.5,15.89,29,16.8,40.0,2.7777777777777777,183.91203703703704,0.29,9.716923309236023,21.854296875000003,42.319572035414865,20.76908090605824,12.852705691465218
2018-02-09,25.1,9.7,16.9,35,10.4,963.6,17.85,0,16.9,35.0,2.888888888888889,206.59722222222223,0.0,9.151341729880492,23.447095070422534,49.44155614020997,22.685003222966884,12.78535822500085
2018-02-10,25.1,11.2,17.6,41,16.3,965.2,16.28,52,17.6,41.0,4.527777777777778,188.42592592592592,0.52,10.49759388341859,21.2586491739553,41.28041052460992,17.55352576335945,13.36004555318407
2018-02-11,24.1,14.7,18.4,49,22.2,964.4,13.63,71,18.4,49.0,6.166666666666666,157.75462962962962,0.71,12.196268635053972,20.67802394278607,36.122135007135284,14.598487531808118,14.512992833094994
2018-02-12,25.2,13.2,18.2,62,16.6,966.1,17.28,41,18.2,62.0,4.611111111111112,200.0,0.41,13.636216733367263,22.335838150289014,44.711560720200225,19.74908204378723,15.832519343414887
2018-02-13,24.8,13.0,17.5,65,12.5,971.4,16.53,54,17.5,65.0,3.4722222222222223,191.31944444444446,0.54,13.359281422461969,21.621209016393443,40.860869314330614,20.24709504196617,15.425738799002065
2018-02-14,25.2,11.6,18.1,47,14.7,972.3,18.23,7,18.1,47.0,4.083333333333333,210.99537037037035,0.07,11.685580788510645,23.703959607543325,50.86250252402772,21.8708775035525,14.730698473466118
2018-02-15,27.1,12.0,19.1,46,14.0,970.6,18.13,8,19.1,46.0,3.888888888888889,209.83796296296293,0.08,12.399815783943893,24.765625,51.24799516079031,23.097755761247384,15.542996048760724
2018-02-16,28.0,12.4,19.9,44,13.3,968.7,18.35,1,19.9,44.0,3.6944444444444446,212.38425925925927,0.01,12.798789933069049,25.976361155484557,53.11167649561634,24.540995926528414,16.144425184245243
2018-02-17,28.9,13.3,20.5,41,14.2,963.9,18.68,17,20.5,41.0,3.944444444444444,216.2037037037037,0.17,12.870344466836247,26.02930900621118,51.86325172037027,24.129094888226543,16.26510292802761
2018-02-18,28.3,13.8,20.6,44,11.2,962.5,18.48,46,20.6,44.0,3.1111111111111107,213.88888888888889,0.46,13.3817998372764,25.676198630136987,46.80161107059473,24.29628936654636,16.562499612120877
2018-02-19,28.3,14.1,20.7,47,10.7,963.9,18.36,48,20.7,47.0,2.972222222222222,212.49999999999997,0.48,13.887038175713382,25.76445993031359,46.31248758279736,24.584400754905154,16.943818709062086
2018-02-20,30.0,14.7,21.8,44,9.8,964.0,18.88,2,21.8,44.0,2.7222222222222223,218.5185185185185,0.02,14.381236997220451,28.803597122302158,54.34827464870665,27.969522077825083,18.007585322514746
2018-02-21,31.6,15.9,23.2,36,13.8,962.3,17.58,22,23.2,36.0,3.8333333333333335,203.4722222222222,0.22,14.269388988901962,28.325196540880505,51.638832710220015,26.256534079227677,17.973611600407473
2018-02-22,31.8,17.6,23.9,33,16.3,961.1,17.64,17,23.9,33.0,4.527777777777778,204.16666666666666,0.17,14.303192426083196,28.801785714285714,53.199771547161674,26.251334046320796,18.16259184111538
2018-02-23,32.5,17.2,24.1,40,15.9,960.9,17.86,49,24.1,40.0,4.416666666666667,206.71296296296293,0.49,15.652367566715203,28.243405850540807,49.034917100409416,25.649202558936075,19.015338466808803
2018-02-24,31.3,18.3,24.6,42,10.9,963.1,18.07,48,24.6,42.0,3.0277777777777777,209.1435185185185,0.48,16.38911022465245,29.549971164936565,49.215195313239974,28.11373337545352,19.842371390244026
2018-02-25,30.8,18.7,23.9,40,16.6,966.2,19.44,17,23.9,40.0,4.611111111111112,225.0,0.17,15.489758755843123,29.255130057803466,55.806060007355654,27.05324039536543,19.08385714065088
2018-02-26,30.2,16.5,22.9,42,15.9,965.4,19.96,17,22.9,42.0,4.416666666666667,231.0185185185185,0.17,14.989754703552642,28.511910029498523,55.72927295577148,26.48696365315966,18.48521029838655
2018-02-27,32.0,18.2,24.2,38,12.4,964.2,19.23,42,24.2,38.0,3.4444444444444446,222.56944444444443,0.42,15.400915691645206,29.405489309210523,51.514141028007714,27.658371927719017,19.081738845993748
2018-02-28,31.7,17.7,24.1,44,13.3,963.8,17.45,62,24.1,44.0,3.6944444444444446,201.96759259259258,0.62,16.29679709050738,28.107088658146964,46.4176301268256,26.067642146892652,19.43917569498456
2018-03-01,32.1,19.0,24.3,45,15.3,962.2,17.0,69,24.3,45.0,4.25,196.75925925925924,0.69,16.621896154353834,27.78317067067067,45.22421205381295,25.223495494434438,19.621961442181817
2018-03-02,32.9,18.7,25.5,34,17.8,961.4,20.42,4,25.5,34.0,4.944444444444445,236.3425925925926,0.04,15.72669571605049,31.32274208566108,60.47418133322145,29.17056520457479,19.82323541836756
2018-03-03,32.9,18.1,25.3,32,20.5,959.6,19.95,38,25.3,32.0,5.694444444444445,230.90277777777777,0.38,15.200309568126308,29.67215909090909,54.3974143293691,26.630964817643193,19.104648515870235
2018-03-04,29.4,17.6,22.9,49,22.2,960.3,15.85,42,22.9,49.0,6.166666666666666,183.44907407407405,0.42,16.046007100508316,26.144584369817576,46.48773982589313,22.316135833627754,18.751121844319336
2018-03-05,29.4,16.7,22.3,43,16.9,963.7,19.87,3,22.3,43.0,4.694444444444444,229.97685185185185,0.03,14.647376953550985,28.141675620821395,57.347632366305845,26.077993582739698,18.11149899164997
2018-03-06,29.9,15.3,22.4,33,14.8,965.0,21.04,17,22.4,33.0,4.111111111111112,243.5185185185185,0.17,13.142190000049776,28.513948170731705,56.77294710539951,26.564837716243314,17.142322634181184
2018-03-07,30.6,15.0,22.6,33,9.1,963.8,21.33,0,22.6,33.0,2.5277777777777777,246.87499999999997,0.0,13.296991806036186,30.79880073800738,58.564680153314214,29.694413333034756,17.727654411826805
2018-03-08,31.0,16.0,23.2,31,13.6,964.1,21.12,2,23.2,31.0,3.7777777777777777,244.44444444444446,0.02,13.411784998251047,30.09240506329114,59.72601914124766,28.461003217068384,17.72673051143396
2018-03-09,30.7,17.0,23.7,38,12.1,964.5,18.51,18,23.7,38.0,3.3611111111111107,214.23611111111111,0.18,14.999664857335173,29.52921511627907,53.657670322662796,27.968143794389043,18.775608423390434
2018-03-10,31.9,18.0,24.7,33,14.5,964.0,19.74,6,24.7,33.0,4.027777777777778,228.4722222222222,0.06,14.92238361000966,30.837115384615384,58.347838096576425,28.963076074326217,19.083091603929837
2018-03-11,32.6,18.0,25.3,33,12.0,963.2,21.44,1,25.3,33.0,3.333333333333333,248.14814814814815,0.01,15.386772612030164,32.70722222222223,61.632875809024256,31.247144885549293,19.842185272865564
2018-03-12,33.1,17.6,25.8,32,12.9,963.4,21.61,0,25.8,32.0,3.5833333333333335,250.11574074074073,0.0,15.584241237058073,33.08492448759439,62.60531976148178,31.53747639882438,20.10595376345953
2018-03-13,34.5,17.8,26.0,27,14.0,961.8,22.12,0,26.0,27.0,3.888888888888889,256.01851851851853,0.0,14.739197818427197,33.200520833333336,63.67425968587776,31.503216263782395,19.557542639565703
2018-03-14,32.8,20.3,25.9,23,17.4,960.2,20.41,6,25.9,23.0,4.833333333333333,236.22685185185185,0.06,13.804512077961967,31.725594397363466,60.447304502529505,29.45696152807489,18.59827733404607
2018-03-15,30.5,20.5,24.9,34,15.3,960.4,18.0,21,24.9,34.0,4.25,208.33333333333331,0.21,15.258726919731828,29.93941441441441,53.880542780632254,27.67188368851682,19.158991726695163
2018-03-16,32.0,18.6,24.6,31,16.7,960.6,19.59,15,24.6,31.0,4.638888888888888,226.7361111111111,0.15,14.478051880955213,30.039706412103747,56.87022304556922,27.681018563738608,18.6025775990894
2018-03-17,32.3,16.9,24.4,27,15.6,962.2,22.58,0,24.4,27.0,4.333333333333333,261.34259259259255,0.0,13.563345903632207,31.400248015873014,63.325336080135514,29.579474113821124,18.214391735717147
2018-03-18,32.8,17.8,24.9,27,12.9,963.3,22.48,14,24.9,27.0,3.5833333333333335,260.18518518518516,0.14,13.930803514200324,31.947734627831714,60.892555558424704,30.287618614847702,18.63110938550657
2018-03-19,33.2,18.8,25.4,29,13.0,964.8,16.95,55,25.4,29.0,3.611111111111111,196.18055555555554,0.55,14.699147830508892,29.529284274193547,47.884313419793784,27.15818593078596,18.735260336194933
2018-03-20,33.0,19.9,26.3,34,17.1,962.3,19.25,20,26.3,34.0,4.75,222.80092592592592,0.2,16.35064881421933,31.44155982905983,56.98480409439742,29.174006204408087,20.363766135765495
2018-03-21,31.8,19.9,25.7,26,21.3,960.2,21.51,12,25.7,26.0,5.916666666666667,248.95833333333334,0.12,14.310907037378698,31.059255725190837,60.913741564192776,28.48185823524376,18.799486071203255
2018-03-22,31.0,18.9,24.6,39,16.6,960.8,22.16,2,24.6,39.0,4.611111111111112,256.48148148148147,0.02,15.891288401879308,31.20476878612717,62.60677869586266,29.440108223876642,19.82485563854095
2018-03-23,30.7,18.1,24.1,37,14.5,962.1,22.87,0,24.1,37.0,4.027777777777778,264.6990740740741,0.0,15.152149156745043,31.430128205128206,63.40767018373782,29.930106088431728,19.30253005074717
2018-03-24,33.2,18.3,25.6,30,16.4,964.6,23.11,0,25.6,30.0,4.555555555555555,267.47685185185185,0.0,15.045777553256887,32.597940891472874,65.03877630064147,30.806039874259675,19.611632465574395
2018-03-25,34.1,19.7,26.7,28,18.6,966.0,23.29,0,26.7,28.0,5.166666666666667,269.56018518518516,0.0,15.464764161523732,33.328529143897995,66.17884485806906,31.432316482784444,20.161040741846215
2018-03-26,35.7,19.6,27.2,24,15.5,964.6,23.8,8,27.2,24.0,4.305555555555555,275.46296296296293,0.08,14.952891029466322,34.3044776119403,65.78647421396579,32.54060181650798,20.047919243014483
2018-03-27,36.6,19.0,28.1,18,14.4,961.2,23.83,10,28.1,18.0,4.0,275.81018518518516,0.1,14.078464707271209,35.37832433127572,66.05036282922856,33.61123344302285,19.74059016134499
2018-03-28,37.6,21.1,29.4,14,13.5,960.4,23.92,0,29.4,14.0,3.75,276.85185185185185,0.0,13.741652585564339,37.31005291005291,68.70429230479982,35.54423362445031,20.02116739190562
2018-03-29,37.4,20.7,29.3,21,16.6,960.5,23.89,0,29.3,21.0,4.611111111111112,276.5046296296296,0.0,15.689469469832357,36.492316955684004,68.89554515868599,34.85587375554841,21.21109202001945
2018-03-30,38.0,21.2,29.3,17,22.0,958.5,23.91,14,29.3,17.0,6.111111111111111,276.7361111111111,0.14,14.587447065972537,35.090703125,66.52817691859809,33.29050663229607,20.159353571180773
2018-03-31,37.9,20.8,29.3,21,19.6,958.5,24.08,0,29.3,21.0,5.444444444444445,278.7037037037037,0.0,15.689469469832357,35.971099290780145,69.2044333959854,34.34272989076591,21.10684848703868
2018-04-01,36.1,21.5,28.3,35,15.0,960.3,23.88,0,28.3,35.0,4.166666666666667,276.38888888888886,0.0,18.109534972050543,35.837878787878786,68.02101812700619,34.41389149766187,22.674250238011133
2018-04-02,37.2,22.1,29.6,33,16.6,961.1,22.05,17,29.6,33.0,4.611111111111112,255.20833333333331,0.17,18.714793793159977,35.67410585260116,63.81266748750721,34.0718245064093,23.195176825732215
2018-04-03,38.3,22.7,30.1,28,10.9,960.1,21.89,41,30.1,28.0,3.0277777777777777,253.35648148148147,0.41,17.986900171468292,36.37254541522491,59.361296840758655,34.796491291595096,22.875339203072787
2018-04-04,39.2,22.7,31.3,19,18.4,958.1,23.71,5,31.3,19.0,5.111111111111111,274.4212962962963,0.05,16.49568172654894,37.91551339285714,69.35144107765154,36.45866947482268,22.260079887155687
2018-04-05,39.0,23.0,31.3,22,15.3,956.5,22.79,31,31.3,22.0,4.25,263.77314814814815,0.31,17.342851221951506,37.324008383383386,63.71359803785509,35.678623246503,22.73479753204273
2018-04-06,37.3,23.9,29.3,37,19.8,958.2,19.69,71,29.3,37.0,5.5,227.89351851851853,0.71,19.29672106545178,32.79979332010582,52.11703578583695,30.417804299063082,22.99766340983741
2018-04-07,36.4,21.8,28.3,44,17.6,959.9,21.7,23,28.3,44.0,4.888888888888889,251.1574074074074,0.23,19.794692161276753,33.919294241573034,61.41001695918129,32.38878142972875,23.470143361208336
2018-04-08,37.1,22.2,28.7,40,21.0,960.3,20.94,20,28.7,40.0,5.833333333333333,242.36111111111111,0.2,19.392291787007604,33.73365384615384,61.167329171921835,31.897688010098676,23.19133502013609
2018-04-09,33.8,22.8,28.0,44,19.2,961.5,19.13,56,28.0,44.0,5.333333333333333,221.412037037037,0.56,19.54484581245647,31.856854838709676,52.77990859459652,29.642728490291223,22.852763036461464
2018-04-10,35.3,22.9,27.7,48,21.0,960.5,20.57,47,27.7,48.0,5.833333333333333,238.0787037037037,0.47,19.98375606769168,31.903004807692305,55.628132775420625,29.87504136166149,23.139230208922637
2018-04-11,35.9,22.9,28.5,39,17.0,959.2,21.82,24,28.5,39.0,4.722222222222222,252.54629629629628,0.24,19.041749286652653,34.21476190476191,61.54263045703061,32.56365622970933,23.02217688160924
2018-04-12,34.7,21.6,27.2,49,19.2,959.4,22.57,29,27.2,49.0,5.333333333333333,261.22685185185185,0.29,19.724543646031474,32.60360383064516,60.71650226185932,30.99168322803856,23.047901318351062
2018-04-13,35.4,21.6,28.2,35,11.6,960.7,24.16,25,28.2,35.0,3.222222222222222,279.6296296296296,0.25,18.030959768835544,35.63947072072072,63.48292557227785,34.24220357800504,22.569565982329024
2018-04-14,36.4,23.2,29.4,26,12.4,959.9,22.58,30,29.4,26.0,3.4444444444444446,261.34259259259255,0.3,17.00358390336754,35.97654879385965,61.76681115936094,34.306725353634874,22.03781849112921
2018-04-15,36.8,23.4,30.3,26,16.6,959.4,20.47,25,30.3,26.0,4.611111111111112,236.92129629629628,0.25,17.658533700722096,35.692356093448936,61.00768817721843,33.863416332476966,22.529444809195255
2018-04-16,39.3,24.7,31.6,23,21.6,960.0,19.93,54,31.6,23.0,6.0,230.67129629629628,0.54,17.823725136804043,35.42704650673401,56.911542687034625,33.379524243929794,22.72201689710963
2018-04-17,38.9,25.2,32.0,19,20.4,961.1,22.15,16,32.0,19.0,5.666666666666666,256.3657407407407,0.16,16.96582030032006,37.52788628472222,65.97317774339945,36.05254264586482,22.581651467168488
2018-04-18,38.5,24.9,31.5,18,16.4,961.1,24.57,0,31.5,18.0,4.555555555555555,284.375,0.0,16.331344995169065,38.940043604651166,71.46083626474098,37.50429607743683,22.369950217548578
2018-04-19,38.7,23.9,31.5,18,21.5,957.6,23.31,6,31.5,18.0,5.972222222222222,269.79166666666663,0.06,16.331344995169065,37.462737341772154,68.72633791405207,36.10207166242877,22.074488964972772
2018-04-20,37.6,24.3,31.1,18,33.2,956.6,24.22,13,31.1,18.0,9.222222222222223,280.324074074074,0.13,16.066310956296647,35.707279459635416,67.49073093668966,34.98408782294878,21.497873561334735
2018-04-21,34.9,22.0,28.2,13,19.9,960.1,25.33,1,28.2,13.0,5.527777777777778,293.17129629629625,0.01,12.684621850356049,35.127042106420404,69.95709149657387,33.45795981113173,18.724643716533315
2018-04-22,35.4,22.3,28.7,17,14.3,961.1,25.37,0,28.7,17.0,3.9722222222222223,293.63425925925924,0.0,14.19548172136411,36.88175954592363,70.30504557696025,35.2256755573164,20.183189114139605
2018-04-23,36.6,22.8,29.6,16,18.8,961.0,25.37,0,29.6,16.0,5.222222222222222,293.63425925925924,0.0,14.486439947204786,36.78127264492754,71.21728105078148,35.24554999813659,20.456762492028858
2018-04-24,38.6,22.3,30.9,13,16.5,959.8,25.08,0,30.9,13.0,4.583333333333333,290.2777777777777,0.0,14.338021629184677,38.47246376811594,71.72081248328436,36.9059458000749,20.82110789405246
2018-04-25,40.2,25.1,32.5,10,18.7,957.7,25.12,0,32.5,10.0,5.194444444444444,290.74074074074076,0.0,14.178952435587512,39.629881925522255,73.00301680380693,38.265929084697426,21.101243090015707
2018-04-26,41.1,27.7,34.0,14,20.2,956.3,24.11,1,34.0,14.0,5.611111111111111,279.0509259259259,0.01,16.607993947644918,40.5416257635253,72.5516885165298,39.61844449575413,23.133920916056503
2018-04-27,42.3,26.3,34.4,14,16.9,957.5,23.78,15,34.4,14.0,4.694444444444444,275.23148148148147,0.15,16.85722120498588,40.96533548233047,70.10898118567553,39.75065428947154,23.43312193995621
2018-04-28,41.9,27.4,34.0,22,24.4,957.7,19.3,36,34.0,22.0,6.777777777777777,223.37962962962962,0.36,19.22498802948529,37.88806996855346,60.69316343134574,36.815640583771554,24.43510561435039
2018-04-29,41.2,26.6,34.0,25,22.9,955.6,20.93,38,34.0,25.0,6.361111111111111,242.24537037037035,0.38,20.078554010668913,38.317772004889974,62.447831568152935,37.311566515269824,25.118542208446236
2018-04-30,42.1,26.4,33.8,25,25.3,953.7,18.26,31,33.8,25.0,7.027777777777778,211.3425925925926,0.31,19.934483633992976,37.51191782140108,59.88602876209967,36.455831950980524,24.836522108075297
2018-05-01,41.4,26.4,34.0,24,19.0,955.4,22.76,21,34.0,24.0,5.277777777777778,263.4259259259259,0.21,19.800296298891443,39.734853603603604,67.53003120361132,38.757502601654394,25.20717812994473
2018-05-02,40.5,25.4,31.7,43,27.8,956.4,21.47,22,31.7,43.0,7.722222222222222,248.49537037037035,0.22,22.430843242504395,36.04595614992722,63.476582553658545,35.38434785792631,26.08078149973852
2018-05-03,39.1,24.2,31.7,43,24.2,957.6,19.95,25,31.7,43.0,6.722222222222221,230.90277777777777,0.25,22.430843242504395,36.008908471563984,61.299924715700115,35.00861090528747,26.07337196406587
2018-05-04,41.2,26.0,32.8,37,18.0,957.5,21.93,10,32.8,37.0,5.0,253.81944444444443,0.1,22.086229132966576,38.828211805555554,67.26296160714895,37.95252780447891,26.506002754187715
2018-05-05,40.4,26.8,33.5,35,19.6,957.9,20.93,14,33.5,35.0,5.444444444444445,242.24537037037035,0.14,22.19534501710994,38.89253656914894,65.83577426160417,38.069054774032445,26.665248825806746
2018-05-06,40.2,27.0,33.7,26,23.4,958.2,21.13,14,33.7,26.0,6.499999999999999,244.56018518518516,0.14,20.132710023518037,38.64436896135266,66.11406832334626,37.81858536403749,25.191770808733157
2018-05-07,39.4,25.8,32.8,25,18.3,957.6,24.21,1,32.8,25.0,5.083333333333333,280.2083333333333,0.01,19.21412576965819,39.71257747933884,71.81817695133344,38.66511019246086,24.6724035346285
2018-05-08,35.9,26.1,29.9,30,25.3,957.3,17.81,31,29.9,30.0,7.027777777777778,206.13425925925924,0.31,18.29294800495354,33.5204412047729,56.14733577596178,31.192596290575356,22.49915184442206
2018-05-09,38.1,23.4,31.2,28,22.2,958.8,20.9,21,31.2,28.0,6.166666666666666,241.89814814814812,0.21,18.80285905724729,36.046989013266995,62.856581501966616,34.42113506987734,23.491399142726504
2018-05-10,40.0,24.1,32.3,28,16.1,960.0,20.96,15,32.3,28.0,4.472222222222222,242.59259259259258,0.15,19.618806281583602,38.22253176930596,64.73630521742592,36.88558242573859,24.607670750969714
2018-05-11,42.5,26.7,35.0,21,16.9,957.8,22.51,16,35.0,21.0,4.694444444444444,260.5324074074074,0.16,19.616002779981866,41.18111270296084,68.76625086556902,40.280768491358536,25.467424486579475
2018-05-12,42.4,29.8,35.7,17,20.3,957.0,21.73,17,35.7,17.0,5.638888888888889,251.50462962962962,0.17,18.768009326918556,41.107677872062666,68.13559557229223,40.44583857830604,24.929142103255522
2018-05-13,41.3,27.6,34.4,20,22.0,956.3,20.92,22,34.4,20.0,6.111111111111111,242.12962962962965,0.22,18.894145135303006,39.248645833333335,65.24420893681378,38.33955714485824,24.515630761378773
2018-05-14,41.5,25.2,33.2,31,20.7,957.0,22.41,12,33.2,31.0,5.75,259.375,0.12,21.027532767034998,38.87005813953488,67.8666761785745,37.9713530955651,25.813284564831473
2018-05-15,41.9,26.6,34.2,30,25.2,956.2,21.82,21,34.2,30.0,7.0,252.54629629629628,0.21,21.53994559990424,38.90893614969136,66.21479648660272,38.467654879799596,26.27974914987124
2018-05-16,41.2,26.6,33.7,32,17.8,955.6,21.6,11,33.7,32.0,4.944444444444445,250.0,0.11,21.650056804515202,39.63924581005587,67.3547187656772,38.77129227626834,26.452888925171816
2018-05-17,41.0,27.0,34.4,24,20.7,955.7,21.04,15,34.4,24.0,5.75,243.5185185185185,0.15,20.0854211894161,39.638479758828595,66.50815477121427,38.79248095501136,25.42749078435699
2018-05-18,40.6,27.7,34.1,23,16.7,954.9,19.68,16,34.1,23.0,4.638888888888888,227.77777777777777,0.16,19.58640350943906,39.535158501440925,64.31081205439267,38.36746288329689,25.027514156895528
2018-05-19,40.2,27.0,33.3,32,25.1,955.2,21.34,13,33.3,32.0,6.972222222222222,246.99074074074073,0.13,21.34293899424621,38.12233662026295,66.12885093648617,37.45848897108761,25.89452462002494
2018-05-20,39.8,27.5,34.0,29,14.2,956.5,20.11,17,34.0,29.0,3.944444444444444,232.75462962962962,0.17,21.136685392804846,39.95259122670807,64.50273760961943,38.94327829886983,26.186198020305007
2018-05-21,41.3,29.7,35.6,19,16.2,956.6,21.65,28,35.6,19.0,4.5,250.57870370370367,0.28,19.383565384796796,41.27099171539961,66.23089450050372,40.32394514356108,25.382694112437683
2018-05-22,43.1,28.3,36.2,16,13.3,955.9,23.04,7,36.2,16.0,3.6944444444444446,266.66666666666663,0.07,18.733705952547343,43.59936102236422,71.5326215961478,42.48535979344065,25.453466371255985
2018-05-23,43.1,29.7,36.7,17,15.3,954.4,22.49,9,36.7,17.0,4.25,260.30092592592587,0.09,19.42116574794608,43.41857795295295,71.08541333953627,42.651891146306866,25.94853161415285
2018-05-24,42.3,30.6,36.2,17,22.9,954.2,23.94,17,36.2,17.0,6.361111111111111,277.0833333333333,0.17,19.09458919677694,41.778927261613696,71.23382424850365,41.6540723277482,25.341997890066597
2018-05-25,42.5,28.6,35.7,17,16.8,954.8,22.91,17,35.7,17.0,4.666666666666667,265.162037037037,0.17,18.768009326918556,41.97473958333334,69.66348678330615,41.09604987257625,25.102554445509657
2018-05-26,43.4,30.2,36.5,11,20.0,954.1,24.23,2,36.5,11.0,5.555555555555555,280.4398148148148,0.02,16.928526494299696,43.07557565789474,74.43052075659557,42.50969207964785,24.115083677588736
2018-05-27,43.4,29.9,36.7,8,20.4,953.8,24.85,0,36.7,8.0,5.666666666666666,287.61574074074076,0.0,15.669169037774857,43.44099392361112,75.72254105660897,42.75904894264415,23.326617111164623
2018-05-28,43.4,29.2,36.6,10,16.4,951.7,24.41,0,36.6,10.0,4.555555555555555,282.52314814814815,0.0,16.545247496156502,43.99159399224806,75.06448980341048,42.916223462139,24.039992045759163
2018-05-29,44.1,29.1,36.9,14,25.8,950.5,22.85,15,36.9,14.0,7.166666666666667,264.4675925925926,0.15,18.41483030394884,41.92669568112633,70.51205357854525,42.2581863173095,24.965720348989453
2018-05-30,39.5,30.9,34.7,28,15.7,952.2,18.24,28,34.7,28.0,4.361111111111111,211.1111111111111,0.28,21.399017261916352,39.5486646884273,61.165041024298716,38.565531706265936,26.35904502102691
2018-05-31,41.5,27.8,35.1,29,14.2,953.8,21.39,9,35.1,29.0,3.944444444444444,247.56944444444443,0.09,21.96004281706021,41.70825892857143,68.27405282726363,40.96530822580665,27.223681757656433
2018-06-01,44.0,29.8,37.1,21,18.4,954.3,22.76,8,37.1,21.0,5.111111111111111,263.4259259259259,0.08,21.062520294548303,43.35274725274726,72.00120722074956,43.13433674480379,27.124313656733264
2018-06-02,42.8,28.2,35.6,28,23.0,954.8,22.2,7,35.6,28.0,6.388888888888888,256.9444444444444,0.07,22.066584034579506,41.04283536585366,70.10194485397415,40.9520164703917,27.215175897376383
2018-06-03,42.6,29.3,36.3,22,28.8,952.8,22.3,12,36.3,22.0,8.0,258.10185185185185,0.12,20.82822371018041,40.96568732193732,69.5567869963599,41.66848447301379,26.40289406151375
2018-06-04,43.3,28.3,36.5,23,18.2,952.2,23.85,4,36.5,23.0,5.055555555555555,276.0416666666667,0.04,21.278511390229195,43.22565607734807,73.62566743267342,42.9440699544304,27.190089188630047
2018-06-05,42.8,31.3,37.2,31,15.4,953.9,21.36,15,37.2,31.0,4.277777777777778,247.2222222222222,0.15,24.07359602230451,43.3620508982036,69.08209628494694,43.24400248134216,29.243927395253877
2018-06-06,41.8,31.8,35.6,41,29.5,955.2,21.07,33,35.6,41.0,8.194444444444445,243.86574074074073,0.33,25.224027196619883,39.458212719298245,64.22086874810151,40.358603119989965,29.108461581493565
2018-06-07,42.0,31.0,35.5,42,28.4,952.0,19.48,37,35.5,42.0,7.888888888888888,225.46296296296296,0.37,25.361038744071628,39.06416127873563,61.72941008220158,39.73389871312799,29.115559376597265
2018-06-08,40.4,29.5,34.9,43,36.7,949.2,19.04,36,34.9,43.0,10.194444444444445,220.37037037037035,0.36,25.08042782651309,37.87318708104814,60.204998926967505,39.08302328100711,28.62093689476879
2018-06-09,37.8,29.8,33.8,50,17.4,948.4,16.83,54,33.8,50.0,4.833333333333333,194.79166666666663,0.54,25.563769211904606,37.41520127118644,55.22239087702843,37.20131292013969,28.75767870257051
2018-06-10,36.9,27.7,32.0,60,20.5,949.5,19.16,27,32.0,60.0,5.694444444444445,221.75925925925924,0.27,25.7926344029309,36.48414502164502,60.36472968787041,36.58975122588624,28.551673086380635
2018-06-11,39.5,29.0,34.5,41,20.5,948.5,19.71,21,34.5,41.0,5.694444444444445,228.125,0.21,24.324133324853367,39.272849025974025,63.94853176128845,38.947032661596026,28.331463132592162
2018-06-12,41.3,31.1,36.0,38,29.1,947.0,23.34,5,36.0,38.0,8.083333333333334,270.13888888888886,0.05,24.86992455051604,41.032842356687894,71.74082831850757,42.23986286223755,29.215515656698805
2018-06-13,40.1,31.3,35.3,36,29.0,947.8,23.35,3,35.3,36.0,8.055555555555555,270.2546296296296,0.03,23.845874528219273,40.397462322695034,71.55037837724149,41.22418140868501,28.301604634292495
2018-06-14,38.5,29.2,33.8,39,25.9,949.4,23.32,2,33.8,39.0,7.194444444444444,269.9074074074074,0.02,23.32298889917933,39.27807517084282,70.82391840187279,39.328413904716236,27.561707263594094
2018-06-15,38.0,29.3,33.5,39,26.8,950.9,23.48,1,33.5,39.0,7.444444444444445,271.75925925925924,0.01,23.080658790160548,38.932152157738095,70.89882386233074,38.98451349814925,27.29289158466
2018-06-16,38.6,30.0,33.9,39,24.1,952.6,23.28,4,33.9,39.0,6.694444444444445,269.44444444444446,0.04,23.40376549826565,39.544893111638956,70.6632601926704,39.44717139324994,27.681614471113743
2018-06-17,38.5,31.1,34.4,36,24.9,952.6,21.8,11,34.4,36.0,6.916666666666666,252.3148148148148,0.11,23.13360785716743,39.40218531468531,67.90858387157823,39.277222253847896,27.513962562954262
2018-06-18,38.4,30.3,33.9,40,20.9,952.6,19.82,25,33.9,40.0,5.805555555555555,229.39814814814815,0.25,23.61987568416831,38.543985646958006,63.02065032001872,37.97116158227026,27.632710108309418
2018-06-19,39.2,28.1,33.4,42,19.1,953.1,20.51,15,33.4,42.0,5.305555555555556,237.38425925925927,0.15,23.63254952374226,38.72674921383648,65.04909570601086,38.15387751396054,27.62813450938688
2018-06-20,41.4,28.6,35.2,37,13.5,953.5,21.36,19,35.2,37.0,3.75,247.2222222222222,0.19,23.998992302976696,41.59246031746032,66.71854961529687,41.185829627507026,28.63778667557575
2018-06-21,42.2,31.2,36.1,30,19.0,953.1,19.99,35,36.1,30.0,5.277777777777778,231.3657407407407,0.35,22.97461914781029,40.74294763513514,63.567133927415966,40.31016671449226,27.84082293049423
2018-06-22,42.4,30.1,36.7,30,18.5,952.2,20.27,21,36.7,30.0,5.138888888888888,234.60648148148147,0.21,23.42766865544346,41.877411529680366,66.4609923763145,41.680864877099886,28.444850364746493
2018-06-23,41.5,31.8,36.4,33,22.7,952.0,18.72,40,36.4,33.0,6.305555555555555,216.66666666666663,0.4,23.97741315050389,40.23292383292383,61.45666080423206,40.154373124623326,28.47077397193749
2018-06-24,38.7,31.2,34.6,40,16.8,951.8,13.38,59,34.6,40.0,4.666666666666667,154.86111111111111,0.59,24.188962616042854,37.42354525862069,51.29912708820518,36.63402833432182,27.876982882954135
2018-06-25,37.8,30.1,33.1,49,28.5,950.2,13.65,69,33.1,49.0,7.916666666666666,157.98611111111111,0.69,24.771704231205288,35.1028561827957,48.92257948051804,34.55164210256015,27.670764198402843
2018-06-26,35.2,27.6,30.5,61,15.8,949.6,11.8,94,30.5,61.0,4.388888888888889,136.57407407407408,0.94,24.610372049918162,32.42739151873767,42.195051699696705,31.747935982789382,26.762738738690246
2018-06-27,31.5,25.1,27.7,80,14.8,950.3,13.09,88,27.7,80.0,4.111111111111112,151.50462962962962,0.88,24.92160982772833,30.027997967479674,41.539919794801506,30.186280981776356,26.220726472905763
2018-06-28,31.4,24.6,27.0,85,18.4,950.9,14.21,99,27.0,85.0,5.111111111111111,164.46759259259258,0.99,24.960360525495048,29.053585737179485,40.726569176057524,28.654437175179844,25.98296951528243
2018-06-29,30.7,24.5,26.9,85,17.3,950.9,16.18,80,26.9,85.0,4.805555555555555,187.2685185185185,0.8,24.86306990045894,29.764730878186967,45.07312571800054,29.761442876749648,26.04709510595865
2018-06-30,32.2,24.3,28.5,78,14.4,952.9,17.48,76,28.5,78.0,4.0,202.3148148148148,0.76,25.39503786562359,31.984310699588477,48.23545035837344,32.564740484556125,27.02338864585421
2018-07-01,33.2,27.4,30.2,65,22.0,953.1,19.24,88,30.2,65.0,6.111111111111111,222.68518518518516,0.88,24.9887102923233,33.005833333333335,49.68318035349671,32.383146827740596,27.113263871292975
2018-07-02,33.2,27.7,30.5,61,23.3,951.2,19.08,97,30.5,61.0,6.472222222222222,220.83333333333331,0.97,24.610372049918162,32.97835956416465,48.32812591271153,32.04901232120108,26.87293234777564
2018-07-03,34.7,27.3,30.7,62,20.2,950.4,19.51,83,30.7,62.0,5.611111111111111,225.8101851851852,0.83,24.956098584035058,33.812279123036646,51.19374311090672,33.270515924078396,27.30172483343187
2018-07-04,33.2,27.4,29.5,69,22.3,950.8,15.43,63,29.5,69.0,6.194444444444445,178.58796296296296,0.63,24.974825991331016,32.23199700165426,48.73810321940624,31.596993106772036,26.87877759426256
2018-07-05,35.1,27.6,30.7,60,21.7,952.2,20.07,36,30.7,60.0,6.027777777777778,232.29166666666666,0.36,24.624510350464316,35.01816750629723,59.11626328371608,34.6326596471533,27.310790746584466
2018-07-06,35.9,27.3,31.5,54,16.2,952.2,21.01,40,31.5,54.0,4.5,243.1712962962963,0.4,24.304934096076654,36.61939571150098,60.28605018882769,36.2454578732851,27.48733300955385
2018-07-07,36.7,28.9,32.5,50,17.7,951.5,20.99,24,32.5,50.0,4.916666666666666,242.93981481481478,0.24,24.446139343188545,37.889589169000935,63.604801724537424,37.52159614801758,27.94021537403217
2018-07-08,38.6,29.2,33.8,44,22.2,950.4,21.77,27,33.8,44.0,6.166666666666666,251.96759259259258,0.27,24.375129818858692,38.67952166252073,65.07178906124989,38.43738486926372,28.17849520570523
2018-07-09,39.1,31.5,34.8,41,20.8,950.0,21.07,74,34.8,41.0,5.777777777777778,243.86574074074073,0.74,24.56955947353208,38.3637081185567,57.59736634250578,37.90090367660958,28.351433255183796
2018-07-10,39.6,30.3,34.2,50,15.0,950.3,20.22,72,34.2,50.0,4.166666666666667,234.02777777777774,0.72,25.90765415754013,38.28484848484849,56.5056658689129,38.33723522595122,29.212327607247786
2018-07-11,37.8,27.4,31.3,66,20.4,949.9,18.39,98,31.3,66.0,5.666666666666666,212.84722222222223,0.98,26.159701357622595,33.844189453125004,48.334289865698,33.766765863463675,28.210628840960815
2018-07-12,33.5,26.3,28.9,80,15.7,949.6,15.38,99,28.9,80.0,4.361111111111111,178.00925925925927,0.99,26.073653572194104,31.300748021760633,43.41401450468038,31.851854260769077,27.401707104887997
2018-07-13,32.3,25.6,28.3,82,11.0,950.1,14.19,97,28.3,82.0,3.0555555555555554,164.2361111111111,0.97,25.789650694767,30.924946120689654,41.73154780262246,32.33667555527644,27.067744710474827
2018-07-14,31.6,25.2,27.8,85,11.4,949.7,12.83,99,27.8,85.0,3.1666666666666665,148.49537037037035,0.99,25.73868501656289,30.09561720521542,39.87828935690101,31.49319454569891,26.81620295263711
2018-07-15,31.3,25.5,28.0,86,11.7,949.1,15.3,94,28.0,86.0,3.2499999999999996,177.08333333333334,0.94,26.07706758877919,30.844065656565657,42.92792775070973,32.42798213531485,27.222760443458565
2018-07-16,32.6,25.8,28.7,85,13.6,949.5,16.29,98,28.7,85.0,3.7777777777777777,188.54166666666666,0.98,26.61429900404851,31.43862737341772,44.0673215408828,32.85685885574817,27.787734777517503
2018-07-17,32.7,25.3,29.1,81,18.3,950.0,18.01,99,29.1,81.0,5.083333333333333,208.44907407407408,0.99,26.413962649804134,31.709920224977044,45.941881190340894,32.183631995694945,27.741757899858303
2018-07-18,32.1,26.1,28.9,82,12.0,950.8,16.79,93,28.9,82.0,3.333333333333333,194.3287037037037,0.93,26.368820830749858,32.01897569444444,45.24782994732249,33.52079796177432,27.75196972041379
2018-07-19,30.1,25.7,27.5,89,10.9,950.9,10.55,100,27.5,89.0,3.0277777777777777,122.10648148148148,1.0,26.015555052667278,29.40131199538639,37.4118044185559,31.179151161212975,26.84115093594437
2018-07-20,32.0,25.3,27.7,87,10.2,950.2,13.36,100,27.7,87.0,2.833333333333333,154.62962962962962,1.0,25.927245226360405,30.167494089834513,39.99475074678861,32.02747194092714,26.952570476419186
2018-07-21,30.6,24.8,27.0,90,13.3,950.9,10.32,100,27.0,90.0,3.6944444444444446,119.44444444444444,1.0,25.664660270202106,28.717252396166135,36.91696819275427,29.72290041316181,26.4087126683747
2018-07-22,28.8,24.7,26.1,90,12.8,950.8,7.61,100,26.1,90.0,3.555555555555556,88.07870370370371,1.0,24.778174619736458,27.38686417748918,33.53327485029564,27.965969846362196,25.432095069313355
2018-07-23,30.6,24.7,26.9,87,12.6,950.5,14.2,99,26.9,87.0,3.5,164.35185185185185,0.99,25.144983728826904,29.34110838779956,40.399387911566976,30.31043123039965,26.159710287738747
2018-07-24,31.2,25.1,27.2,87,10.4,951.5,13.9,100,27.2,87.0,2.888888888888889,160.87962962962962,1.0,25.43833189092637,29.749149061032863,40.03905260082769,31.36205406330178,26.47666213585503
2018-07-25,29.6,25.1,26.8,89,17.8,951.5,9.12,100,26.8,89.0,4.944444444444445,105.55555555555554,1.0,25.32771606857092,28.1268156424581,35.73879658384362,27.809511962178007,26.034764376491264
2018-07-26,28.6,25.5,26.5,80,21.7,951.5,8.33,100,26.5,80.0,6.027777777777778,96.41203703703704,1.0,23.769563777978732,27.592831654072207,34.708519414103705,25.59624490667584,24.80726097539955
2018-07-27,31.2,25.2,27.5,77,23.0,950.9,14.65,96,27.5,77.0,6.388888888888888,169.5601851851852,0.96,24.295219597286124,29.4354674796748,41.91674786947897,28.110063062484567,25.643747214035244
2018-07-28,31.4,24.6,27.7,76,18.1,951.9,17.47,86,27.7,76.0,5.027777777777778,202.19907407407405,0.86,24.339473641553983,30.573355263157893,46.20287427732279,30.051932635052818,25.922302601719366
2018-07-29,32.5,25.5,28.6,73,20.3,952.2,21.19,62,28.6,73.0,5.638888888888889,245.25462962962962,0.62,24.744935379106586,32.576582898172326,54.611575181286355,32.31845659720052,26.696771345009072
2018-07-30,32.0,25.4,28.5,72,18.0,952.1,20.2,62,28.5,72.0,5.0,233.79629629629628,0.62,24.500584380162014,32.532986111111114,53.44680360201767,32.30863875429303,26.50700628833563
2018-07-31,32.4,26.0,28.5,73,22.6,951.5,20.06,71,28.5,73.0,6.277777777777778,232.1759259259259,0.71,24.65088381768239,31.819658251231527,51.779428273183726,31.26297711045156,26.46955032262398
2018-08-01,32.6,25.7,28.6,69,23.8,951.9,24.23,55,28.6,69.0,6.611111111111111,280.4398148148148,0.55,24.13920485385085,32.977678927432216,59.050069613197024,32.53262800339663,26.352979183182036
2018-08-02,31.8,25.7,28.5,66,22.3,953.5,22.1,82,28.5,66.0,6.194444444444445,255.78703703703704,0.82,23.586628935684264,31.870295698924732,51.95119190847083,30.822401327119465,25.734699394763933
2018-08-03,31.8,26.0,28.7,65,25.0,954.1,22.31,90,28.7,65.0,6.944444444444445,258.21759259259255,0.9,23.61517852433969,31.67250484496124,50.767469041344384,30.4794290723987,25.73512593603003
2018-08-04,31.4,25.9,28.2,66,22.8,953.5,16.97,93,28.2,66.0,6.333333333333333,196.412037037037,0.93,23.310941531287668,30.51795087826797,45.08291388853894,28.886717611225432,25.24124924755496
2018-08-05,31.7,26.1,28.1,66,24.3,953.1,15.59,98,28.1,66.0,6.75,180.4398148148148,0.98,23.219045682081312,30.057963947990544,42.999914807224854,28.15322893860727,25.074924767055023
2018-08-06,28.5,25.1,26.4,78,12.7,952.4,7.57,98,26.4,78.0,3.5277777777777777,87.61574074074073,0.98,23.390274144314013,27.70995521172638,33.91561651818944,27.38724864517384,24.555182943365086
2018-08-07,30.0,24.5,26.7,82,10.0,951.9,12.35,96,26.7,82.0,2.7777777777777777,142.9398148148148,0.96,24.245194351932874,29.089136904761904,38.60587384227125,30.134501868225076,25.459463427305387
2018-08-08,29.5,25.0,26.8,88,8.0,952.4,12.26,97,26.8,88.0,2.2222222222222223,141.89814814814815,0.97,25.1875657723066,29.32960737179487,38.152686744265,31.428253642372034,26.17721751497359
2018-08-09,32.0,24.6,28.1,83,12.7,954.7,18.0,77,28.1,83.0,3.5277777777777777,208.33333333333331,0.77,25.741565023164114,31.85610749185668,48.12178042120149,33.061310506009214,27.20031701458622
2018-08-10,31.8,24.8,27.9,84,17.5,954.9,18.39,81,27.9,84.0,4.861111111111111,212.84722222222223,0.81,25.692134894207598,31.11069542253521,48.030330996343366,31.524419907477906,26.99663351045236
2018-08-11,31.7,25.8,28.8,71,23.2,952.5,19.94,96,28.8,71.0,6.444444444444444,230.78703703703704,0.96,24.630119434285195,31.42156148867314,47.77911886510071,30.569259046205662,26.405395901734263
2018-08-12,31.4,26.1,28.3,68,20.3,949.9,17.03,98,28.3,68.0,5.638888888888889,197.1064814814815,0.98,23.708691112570573,30.66218994778068,44.533804609161734,29.372531020296112,25.558521768355533
2018-08-13,31.4,24.8,27.9,74,11.2,950.3,16.55,96,27.9,74.0,3.1111111111111107,191.55092592592592,0.96,24.234613055480324,30.970062785388127,43.62579460107014,31.5241192498717,25.94824169591385
2018-08-14,32.5,25.5,28.3,80,10.5,951.7,17.78,84,28.3,80.0,2.9166666666666665,205.78703703703704,0.84,25.49763198333287,32.06915204678363,46.716094697519225,33.43447749302687,27.092172797689734
2018-08-15,33.4,26.4,28.5,78,15.3,953.0,16.03,83,28.5,78.0,4.25,185.53240740740742,0.83,25.39503786562359,31.433417792792792,45.82696306814364,31.78324279945936,26.913210064495072
2018-08-16,30.7,25.8,27.8,84,15.5,953.8,13.03,99,27.8,84.0,4.305555555555555,150.81018518518516,0.99,25.595095156436994,29.846066542288558,40.32004500117091,30.223718759530477,26.665779917963608
2018-08-17,32.9,25.9,28.9,81,17.3,951.4,19.34,95,28.9,81.0,4.805555555555555,223.84259259259258,0.95,26.2214273713029,31.896193342776204,47.55526068121628,32.46100618627749,27.624237828467272
2018-08-18,31.6,25.2,28.0,85,13.9,951.7,15.77,81,28.0,85.0,3.861111111111111,182.52314814814812,0.81,25.933265999256363,31.063985762800417,45.317321633418544,32.138510428377,27.16608335203954
2018-08-19,30.9,25.6,27.6,86,17.5,952.2,15.86,92,27.6,86.0,4.861111111111111,183.5648148148148,0.92,25.68691515559942,30.113028169014086,43.7035898020095,30.39317444526013,26.763446242722413
2018-08-20,32.0,24.1,27.4,87,12.3,953.4,15.35,100,27.4,87.0,3.416666666666667,177.662037037037,1.0,25.63389726513402,30.038545104510447,41.7050664382902,31.31679897746982,26.691437106495904
2018-08-21,31.7,25.0,28.1,83,11.3,952.5,17.16,89,28.1,83.0,3.138888888888889,198.61111111111111,0.89,25.741565023164114,31.485878839590445,45.36522055653916,32.914948862148755,27.12627128413297
2018-08-22,30.1,24.8,27.3,88,14.3,952.6,13.55,98,27.3,88.0,3.9722222222222223,156.8287037037037,0.98,25.6776867941653,29.52861842105263,40.41040551085638,30.35838675503339,26.61010444012624
2018-08-23,28.5,24.7,26.1,87,20.7,953.9,10.23,100,26.1,87.0,5.75,118.40277777777777,1.0,24.36272136514309,27.476776485788115,36.13450614298762,26.134931179722344,25.159260252757786
2018-08-24,29.6,24.2,26.8,82,22.0,953.7,13.91,97,26.8,82.0,6.111111111111111,160.99537037037035,0.97,24.341722988330016,28.665533854166668,40.50469160531401,27.410481003524108,25.452312862664343
2018-08-25,30.4,24.4,27.0,76,24.6,953.1,16.05,99,27.0,76.0,6.833333333333334,185.76388888888889,0.99,23.67509407419094,28.981917546948356,42.29324424830992,27.276147748813436,25.068949361323327
2018-08-26,30.8,24.2,27.2,75,22.0,952.3,17.89,66,27.2,75.0,6.111111111111111,207.0601851851852,0.66,23.719778939414745,30.321432291666667,49.15777981626678,29.31063961049818,25.388131715923656
2018-08-27,30.9,24.1,27.2,78,15.0,953.4,15.18,98,27.2,78.0,4.166666666666667,175.69444444444443,0.98,24.15399454616824,29.643749999999997,41.83079455614427,29.435292635845354,25.556546182317767
2018-08-28,30.9,25.4,27.3,83,13.7,953.7,13.71,99,27.3,83.0,3.8055555555555554,158.68055555555554,0.99,24.967278835774092,29.575088722397478,40.39986743002294,30.051763046408368,26.12211292952136
2018-08-29,30.2,24.2,26.8,90,11.9,955.0,14.46,100,26.8,90.0,3.3055555555555554,167.36111111111111,1.0,25.467663547214872,29.3188127090301,40.34836760213591,30.72303604161884,26.37112702485643
2018-08-30,31.6,24.7,27.9,80,19.3,953.9,15.68,95,27.9,80.0,5.361111111111112,181.48148148148147,0.95,25.113617276484863,30.198927613941017,43.3981954580222,29.77116725154462,26.409317616327606
2018-08-31,32.2,25.4,28.0,75,22.5,954.4,17.43,96,28.0,75.0,6.25,201.7361111111111,0.96,24.476809177650935,30.331172839506173,44.88992029629509,29.31102665256266,26.00000099225689
2018-09-01,31.0,24.8,26.4,81,22.0,955.5,9.11,99,26.4,81.0,6.111111111111111,105.43981481481481,0.99,23.81473119676004,27.59805989583333,35.43492060179767,25.659665576639362,24.82992381689869
2018-09-02,27.6,23.7,25.4,89,15.7,955.3,7.92,97,25.4,89.0,4.361111111111111,91.66666666666666,0.97,23.952036195699282,26.660756676557863,33.49308262502609,26.030603222150265,24.638576672301067
2018-09-03,29.1,23.6,25.6,88,20.4,955.5,9.41,99,25.6,88.0,5.666666666666666,108.91203703703704,0.99,24.011273963362378,26.88907606336806,34.99352399059768,25.344222453482562,24.745706987027276
2018-09-04,30.5,24.2,26.5,82,18.3,956.3,16.39,99,26.5,82.0,5.083333333333333,189.69907407407408,0.99,24.052137032387748,28.875157828282827,42.24317222110767,28.136610783426303,25.261527488327985
2018-09-05,29.7,24.2,26.7,78,19.1,955.7,14.45,92,26.7,78.0,5.305555555555556,167.24537037037035,0.92,23.676669425430855,28.890869272237197,41.58261654760264,27.74061180793558,25.02184245224904
2018-09-06,29.5,23.8,25.7,82,17.7,955.3,12.34,91,25.7,82.0,4.916666666666666,142.82407407407408,0.91,23.27990712449672,27.662330765639588,38.74152627484307,26.506537743163825,24.39840114027562
2018-09-07,31.1,23.6,26.6,82,11.3,956.2,18.69,90,26.6,82.0,3.138888888888889,216.31944444444446,0.9,24.148665699966468,30.254543515358364,45.32583649068232,31.143373869252216,25.6149746930482
2018-09-08,29.1,23.9,25.4,91,23.2,955.0,7.64,97,25.4,91.0,6.444444444444444,88.42592592592592,0.97,24.225182229695253,26.394791666666666,33.22707266141322,24.41264340697323,24.77658589412001
2018-09-09,28.4,23.2,24.9,89,19.0,956.1,9.18,85,24.9,89.0,5.277777777777778,106.24999999999999,0.85,23.460721325882854,26.386064189189188,35.345150125599616,24.909924394984543,24.189717765955834
2018-09-10,28.6,23.5,25.4,87,16.2,959.7,11.07,76,25.4,87.0,4.5,128.125,0.76,23.678241071868353,27.49046052631579,38.69427117957741,26.946552523502376,24.612860855571004
2018-09-11,30.0,23.1,25.5,87,19.0,959.9,13.78,83,25.5,87.0,5.277777777777778,159.49074074074073,0.83,23.77602401285465,27.769510135135135,40.985160453971105,26.838764005439895,24.747118836025283
2018-09-12,31.3,23.8,26.8,79,24.1,957.9,21.66,49,26.8,79.0,6.694444444444445,250.69444444444443,0.49,23.915024524768643,30.84624406175772,55.75889472064648,30.28167598706046,25.58976597968959
2018-09-13,30.0,23.1,26.1,75,22.7,957.3,18.83,26,26.1,75.0,6.305555555555555,217.93981481481478,0.26,22.678860398372645,30.292797911547915,55.31490824612871,29.29370067456405,24.543761861170434
2018-09-14,30.1,22.0,25.7,75,16.0,959.1,20.47,11,25.7,75.0,4.444444444444445,236.92129629629628,0.11,22.30034398871887,31.626516544117646,59.545622206003884,31.459338570921407,24.505544100926738
2018-09-15,30.2,22.2,26.0,71,13.1,960.6,20.36,11,26.0,71.0,3.638888888888889,235.64814814814812,0.11,22.01329057138457,32.44433279742765,59.30160818414316,32.460817328490684,24.498169959454728
2018-09-16,31.6,22.8,26.6,65,14.7,959.6,20.73,10,26.6,65.0,4.083333333333333,239.93055555555554,0.1,21.692224798978522,32.87341360856269,60.65356556361053,32.44721021319643,24.419240080997504
2018-09-17,31.6,23.2,26.6,65,16.7,958.3,18.58,20,26.6,65.0,4.638888888888888,215.04629629629628,0.2,21.692224798978522,31.619812680115274,56.271502451167635,30.7911123889742,24.16851989530802
2018-09-18,32.9,23.2,27.4,57,13.8,958.4,21.42,15,27.4,57.0,3.8333333333333335,247.91666666666669,0.15,21.190338250055134,33.890271226415095,61.342919264823195,33.22895614520634,24.35129102032161
2018-09-19,33.4,23.3,27.9,51,19.7,958.3,20.69,19,27.9,51.0,5.472222222222222,239.46759259259258,0.19,20.658130566736435,33.07364334659593,60.392758340781825,31.606589932758233,23.865420066034687
2018-09-20,34.1,22.7,27.8,52,18.1,957.8,21.16,10,27.8,52.0,5.027777777777778,244.9074074074074,0.1,20.736812411039562,33.60043859649123,62.36745628564819,32.373472936462406,24.01585640702594
2018-09-21,30.6,22.9,26.5,75,18.7,958.8,18.87,49,26.5,75.0,5.194444444444444,218.40277777777777,0.49,23.057376498414033,30.543724455040874,52.31718130799135,29.851557281729413,24.898908439898
2018-09-22,28.6,22.6,24.7,88,23.0,958.1,10.0,98,24.7,88.0,6.388888888888888,115.74074074074073,0.98,23.12905382092215,25.995731707317074,34.79692305565254,23.59227125252778,23.859484016108915
2018-09-23,26.5,22.8,24.0,91,22.7,957.7,6.9,99,24.0,91.0,6.305555555555555,79.86111111111111,0.99,22.842942458516518,24.891815110565112,31.048973520098002,22.014211387053784,23.368422743074582
2018-09-24,27.7,23.1,24.8,88,20.8,958.4,7.96,83,24.8,88.0,5.777777777777778,92.12962962962962,0.83,23.227078336580647,26.050161082474226,34.07155134026698,23.980341503100437,23.948987052101298
2018-09-25,31.9,21.2,25.8,78,16.6,960.0,20.71,5,25.8,78.0,4.611111111111112,239.69907407407408,0.05,22.817483106231094,31.87907333815029,60.92805038171082,31.87453504023858,24.92805284199182
2018-09-26,32.3,21.5,26.5,69,14.7,959.7,21.06,7,26.5,69.0,4.083333333333333,243.74999999999997,0.07,22.189415339176808,32.97391055045871,61.510767236877825,32.77796232657509,24.777372847515508
2018-09-27,32.6,22.3,26.6,59,14.5,960.3,19.99,10,26.6,59.0,4.027777777777778,231.3657407407407,0.1,20.787834377202106,32.686698717948715,59.58087425130333,31.936611575984394,23.748823807631215
2018-09-28,32.2,20.6,26.0,59,9.7,961.2,19.25,11,26.0,59.0,2.694444444444444,222.80092592592592,0.11,20.25084710289517,32.84087319494585,56.88335742127231,32.52237138683271,23.343767611015792
2018-09-29,33.0,21.0,26.4,51,10.2,962.0,19.61,7,26.4,51.0,2.833333333333333,226.96759259259258,0.07,19.362226832368446,33.39011894208038,58.4548483825879,32.64665410599028,22.871582571073986
2018-09-30,33.3,21.3,27.0,53,13.6,961.5,19.7,5,27.0,53.0,3.7777777777777777,228.00925925925924,0.05,20.203018939458662,33.331586234177216,60.105788566577814,32.43016121085903,23.508430504456506
2018-10-01,34.1,21.8,27.0,50,11.6,961.3,19.14,10,27.0,50.0,3.222222222222222,221.52777777777777,0.1,19.717635048742217,33.3988597972973,58.21225264646472,32.52217146797413,23.182116493579013
2018-10-02,33.6,22.4,27.6,52,10.1,962.1,18.67,15,27.6,52.0,2.8055555555555554,216.08796296296296,0.15,20.563201357888865,34.001894276393834,56.926416798121124,33.36727284736994,23.954619805800974
2018-10-03,33.2,22.3,26.8,56,11.6,961.3,17.67,15,26.8,56.0,3.222222222222222,204.51388888888889,0.15,20.50192072206116,32.551953125000004,55.264797139822406,31.926666570696817,23.541735130442813
2018-10-04,33.7,21.4,26.3,59,10.4,962.2,18.21,14,26.3,59.0,2.888888888888889,210.76388888888889,0.14,20.519340885019734,32.511597711267605,55.46584158920933,32.15350198509068,23.495858161767334
2018-10-05,33.7,20.5,26.9,53,14.0,963.4,18.81,8,26.9,53.0,3.888888888888889,217.70833333333331,0.08,20.11580827157681,32.778124999999996,58.350360999896,31.774594494291904,23.326690790103765
2018-10-06,33.7,21.4,27.0,47,12.5,963.0,18.5,9,27.0,47.0,3.4722222222222223,214.12037037037035,0.09,19.221166919487608,33.033982240437155,57.616810521897435,31.910185430047466,22.761613291728754
2018-10-07,33.0,20.0,25.9,57,11.7,962.3,18.33,10,25.9,57.0,3.2499999999999996,212.15277777777774,0.1,19.858920404788705,32.00742845117845,56.19963682228939,31.385337461330483,22.89272997358778
2018-10-08,33.3,20.2,26.1,62,11.1,961.0,19.06,37,26.1,62.0,3.083333333333333,220.60185185185182,0.37,20.790437530570667,31.660531214203893,53.3348963717944,31.34975835837587,23.495412514240243
2018-10-09,35.6,20.6,27.7,38,16.6,960.1,17.85,45,27.7,38.0,4.611111111111112,206.59722222222223,0.45,18.209616034841407,31.8647850433526,52.5880051757386,29.633602635669696,21.889688233059506
2018-10-10,34.7,21.6,28.0,33,15.1,960.4,16.67,50,28.0,33.0,4.194444444444445,192.93981481481484,0.5,17.476479724724076,31.93457326283988,50.60394285469857,29.635954928246644,21.42045045987483
2018-10-11,33.8,21.9,27.1,38,12.1,961.4,19.63,0,27.1,38.0,3.3611111111111107,227.19907407407405,0.0,17.728131084796228,33.89332779623477,60.549479831716326,32.51151984731046,21.898357318604315
2018-10-12,32.1,20.9,25.7,58,11.9,963.4,18.69,4,25.7,58.0,3.3055555555555554,216.31944444444446,0.04,19.832269736805976,32.0810618729097,57.45253317698803,31.498744457769234,22.868801190346126
2018-10-13,31.9,20.1,25.7,48,14.3,964.1,19.02,1,25.7,48.0,3.9722222222222223,220.13888888888889,0.01,18.281535715423036,31.803231424148606,58.76129528490969,30.47811400762674,21.727721285625847
2018-10-14,32.6,19.0,25.3,46,14.3,963.7,19.16,19,25.3,46.0,3.9722222222222223,221.75925925925924,0.19,17.621291111003025,30.89204076367389,56.026690862461805,29.34825872563919,21.043311930436897
2018-10-15,33.7,18.9,26.0,45,11.2,963.5,18.91,43,26.0,45.0,3.1111111111111107,218.86574074074073,0.43,18.04571888911623,31.295501569634702,52.198565207221804,30.060030461589424,21.4911035363083
2018-10-16,33.8,19.8,26.9,35,13.0,963.5,16.32,73,26.9,35.0,3.611111111111111,188.88888888888889,0.73,17.009474781230583,30.38225806451613,45.946035206091665,28.143296599538708,20.673083959764636
2018-10-17,34.3,22.4,27.5,30,17.2,962.4,17.7,16,27.5,30.0,4.777777777777778,204.8611111111111,0.16,16.480597596984047,32.31889204545455,56.32311688856947,29.979446777707558,20.750196726979745
2018-10-18,34.3,21.2,26.9,28,21.6,961.7,18.24,3,26.9,28.0,6.0,211.1111111111111,0.03,15.613128769059912,31.6260101010101,58.426888518673934,28.959682438690145,19.94439215854396
2018-10-19,32.7,19.6,26.3,37,12.5,963.1,16.71,11,26.3,37.0,3.4722222222222223,193.40277777777777,0.11,16.905647613218356,31.693084016393442,54.17262580820744,30.019226860937458,20.802570132531535
2018-10-20,32.9,20.0,25.8,43,13.6,964.7,16.89,11,25.8,43.0,3.7777777777777777,195.48611111111111,0.11,17.54553760966846,31.06142207278481,54.19551614205369,29.4357566392041,21.07416074132488
2018-10-21,31.7,20.7,25.4,42,13.9,965.6,16.16,13,25.4,42.0,3.861111111111111,187.03703703703704,0.13,17.047623607832097,30.33390804597701,52.564044380866505,28.517263962237653,20.54011813467787
2018-10-22,31.3,18.1,24.5,31,15.2,965.2,18.33,0,24.5,31.0,4.222222222222222,212.15277777777774,0.0,14.40189073752796,30.25112951807229,57.015332618263415,28.143722433760146,18.58154941988403
2018-10-23,31.5,17.4,23.8,36,12.9,964.5,17.8,7,23.8,36.0,3.5833333333333335,206.0185185185185,0.07,14.74428336274066,29.59052049622438,54.4002531044311,27.86124735808621,18.619102453163336
2018-10-24,30.7,17.8,23.7,43,17.0,964.2,15.08,20,23.7,43.0,4.722222222222222,174.53703703703704,0.2,15.806651022764136,27.739285714285714,48.90227158830265,24.987361461033977,18.982512858792038
2018-10-25,31.6,17.9,24.4,45,12.4,965.3,16.28,20,24.4,45.0,3.4444444444444446,188.42592592592592,0.2,16.705650901241484,29.420559210526314,50.81530155221219,27.897489307198814,20.018067472974302
2018-10-26,31.5,18.0,24.6,46,23.7,967.3,15.94,11,24.6,46.0,6.583333333333333,184.49074074074073,0.11,17.031781446740506,28.36281474820144,51.99476908438737,25.123657679929376,20.054809962358643
2018-10-27,30.8,18.7,23.7,52,12.9,967.6,15.01,15,23.7,52.0,3.5833333333333335,173.72685185185185,0.15,17.17775257884784,28.38050498921251,49.08004522758523,26.95311319151457,20.07052780303599
2018-10-28,30.8,18.1,23.8,46,13.0,967.4,16.92,1,23.8,46.0,3.611111111111111,195.83333333333334,0.01,16.35805270220479,29.457056451612903,53.88405074734425,28.018128304707,19.722048181865933
2018-10-29,30.7,18.1,23.7,48,9.8,966.6,17.05,0,23.7,48.0,2.7222222222222223,197.33796296296296,0.0,16.5792953715619,30.088639088729018,53.3635485325226,29.228984912643607,19.993234577839136
2018-10-30,30.0,17.7,23.3,50,8.1,966.4,17.01,0,23.3,50.0,2.25,196.875,0.0,16.53656817110258,30.088793103448275,52.268109697761474,29.45303780633725,19.92335634046146
2018-10-31,30.4,18.0,23.7,53,10.1,966.9,16.74,0,23.7,53.0,2.8055555555555554,193.74999999999997,0.0,17.325045366977704,29.905516014234877,52.987868222120085,29.216532098211292,20.47863495973137
2018-11-01,30.7,18.0,23.9,54,10.9,965.9,16.48,3,23.9,54.0,3.0277777777777777,190.74074074074073,0.03,17.646713822183177,29.750922722029987,52.59315947712804,28.974055650089067,20.69288421993422
2018-11-02,31.6,17.9,24.4,49,12.1,964.4,16.28,0,24.4,49.0,3.3611111111111107,188.42592592592592,0.0,17.329227963589837,30.033997785160576,53.33634555613844,28.853598799871605,20.577259131545002
2018-11-03,31.4,18.1,24.9,44,14.3,963.3,14.94,23,24.9,44.0,3.9722222222222223,172.91666666666666,0.23,16.963070832941614,29.164028637770897,49.144247494338344,27.119167215349083,20.196955310613312
2018-11-04,29.9,18.3,23.7,35,19.0,964.5,16.37,5,23.7,35.0,5.277777777777778,189.46759259259258,0.05,14.494987522735645,28.19345439189189,52.827706129009584,25.155454011608835,18.15518214429333
2018-11-05,27.7,13.9,20.5,35,10.9,965.3,16.98,5,20.5,35.0,3.0277777777777777,196.52777777777777,0.05,11.980398766810247,26.46723615916955,50.3816817709079,25.151142138008378,15.729726368601082
2018-11-06,27.6,15.0,20.5,41,10.6,966.1,16.59,0,20.5,41.0,2.944444444444444,192.01388888888889,0.0,12.870344466836247,26.542395104895103,50.35112880153861,25.450706734319827,16.367720147764395
2018-11-07,28.0,13.4,20.1,29,10.2,966.0,16.67,0,20.1,29.0,2.833333333333333,192.93981481481484,0.0,10.731390666958148,26.2576536643026,50.035632283180064,25.01033131839099,14.773504199731223
2018-11-08,27.1,13.5,19.7,43,10.1,965.7,16.3,0,19.7,43.0,2.8055555555555554,188.65740740740742,0.0,12.494401331927243,25.74240806642942,49.10161269216235,24.845134051838965,15.864562545634955
2018-11-09,28.3,14.1,20.6,47,9.1,964.3,15.96,0,20.6,47.0,2.5277777777777777,184.72222222222223,0.0,13.80236757648699,26.73468634686347,48.92778426925821,26.05632965621887,17.068594572913586
2018-11-10,28.6,13.9,20.9,49,9.8,965.0,15.7,0,20.9,49.0,2.7222222222222223,181.71296296296293,0.0,14.335026981495488,26.782793764988007,49.01741222777832,26.018902732415725,17.481077640044443
2018-11-11,29.2,15.0,21.8,49,10.4,965.7,15.49,0,21.8,49.0,2.888888888888889,179.2824074074074,0.0,15.10497081619146,27.481484741784037,49.59833059095291,26.551118127925562,18.24977651969083
2018-11-12,30.3,15.8,22.7,46,11.3,964.1,15.22,0,22.7,46.0,3.138888888888889,176.15740740740742,0.0,15.431669507538455,28.110978384527872,50.127639762583215,26.852445341576626,18.69436433218249
2018-11-13,30.7,17.8,24.0,42,11.6,961.3,12.94,16,24.0,42.0,3.222222222222222,149.7685185185185,0.16,15.895222353228974,28.18947072072072,45.86631880838769,26.43505277455959,19.164549791404426
2018-11-14,28.0,18.7,22.6,56,12.9,962.0,12.23,22,22.6,56.0,3.5833333333333335,141.55092592592592,0.22,16.789782166015573,26.269329827400217,43.14720591988083,24.595488649183448,19.266713481690946
2018-11-15,29.6,16.7,22.4,50,13.8,965.5,13.58,14,22.4,50.0,3.8333333333333335,157.17592592592592,0.14,15.762785019149437,26.53698899371069,46.044585068349534,24.556825290997427,18.581347312146743
2018-11-16,27.6,14.6,20.5,53,13.2,965.5,15.11,0,20.5,53.0,3.6666666666666665,174.88425925925924,0.0,14.534237010436005,25.544738247863247,48.531013884704066,24.06399907282395,17.332913556877852
2018-11-17,27.9,14.0,20.6,46,9.0,963.5,14.87,4,20.6,46.0,2.5,172.10648148148147,0.04,13.663098739475135,26.222145061728398,46.69977843107699,25.43320280096767,16.868598129978274
2018-11-18,28.2,15.8,21.4,50,12.3,963.8,14.55,24,21.4,50.0,3.416666666666667,168.40277777777777,0.24,14.903020949009388,25.80181518151815,45.31187247112189,24.187471315120032,17.7324777006102
2018-11-19,29.2,16.2,21.7,55,9.8,965.6,13.93,30,21.7,55.0,2.7222222222222223,161.22685185185185,0.3,15.857120172482908,26.13663818944844,43.42830492768064,25.29172956568299,18.497311758627724
2018-11-20,30.6,17.5,23.1,47,13.2,966.8,14.47,1,23.1,47.0,3.6666666666666665,167.47685185185185,0.01,15.919113862705974,27.906907719017095,49.46762777377103,26.21048434425975,19.0347612476976
2018-11-21,28.5,16.0,21.9,51,10.8,967.4,14.31,16,21.9,51.0,3.0,165.625,0.16,15.474455001843353,26.66171875,46.033796614203595,25.53004990821586,18.354462251290347
2018-11-22,27.7,15.4,20.9,58,10.1,967.3,11.81,39,20.9,58.0,2.8055555555555554,136.6898148148148,0.39,15.553850710658928,24.42426230723606,38.85142136364186,23.355731918974985,17.86254795890846
2018-11-23,29.2,15.9,21.7,52,13.5,969.5,14.25,0,21.7,52.0,3.75,164.93055555555554,0.0,15.441598438133628,26.412301587301585,48.12956680579521,24.75538164358828,18.261579224153856
2018-11-24,27.5,15.7,20.7,45,16.1,968.7,14.43,0,20.7,45.0,4.472222222222222,167.01388888888889,0.0,13.606683129866454,25.107991202346042,47.857205820640786,22.430898159498433,16.616276431375727
2018-11-25,28.1,13.7,20.6,47,10.1,967.3,14.45,15,20.6,47.0,2.8055555555555554,167.24537037037035,0.15,13.80236757648699,25.55486728944247,45.10969534190809,24.463566670962475,16.832630761429385
2018-11-26,29.4,13.5,20.3,54,9.4,966.2,14.38,34,20.3,54.0,2.611111111111111,166.4351851851852,0.34,14.49273855867552,24.83748479318735,42.291429287964036,24.056283987967944,17.142413949710335
2018-11-27,25.8,14.4,19.7,60,11.6,967.4,13.72,78,19.7,60.0,3.222222222222222,158.7962962962963,0.78,14.74018036259383,22.645242117117117,36.047503849512054,20.89868470654842,16.8171746772391
2018-11-28,25.3,14.7,19.1,68,11.5,968.1,12.98,43,19.1,68.0,3.194444444444444,150.23148148148147,0.43,15.195399828795406,22.697916666666668,38.76064001755009,21.609379059772998,17.086363213490117
2018-11-29,26.2,12.7,18.8,69,8.2,969.1,13.92,13,18.8,69.0,2.2777777777777777,161.11111111111111,0.13,15.040094931730728,23.974618320610688,42.381116440659525,24.2487803149049,17.202990116333645
2018-11-30,26.7,12.8,19.1,58,10.2,968.9,13.85,34,19.1,58.0,2.833333333333333,160.30092592592592,0.34,13.949420250771247,23.346269208037825,40.756733070009886,22.45606506352093,16.343848017147437
2018-12-01,26.0,12.4,18.7,56,10.1,966.2,13.99,0,18.7,56.0,2.8055555555555554,161.92129629629628,0.0,13.342731405567623,23.88609134045077,44.57200213291179,23.258061165287646,15.987130251987491
2018-12-02,24.8,11.6,17.6,58,10.1,964.7,13.83,0,17.6,58.0,2.8055555555555554,160.06944444444443,0.0,12.612384107682079,22.726779359430605,43.40940960465804,22.189089089947718,15.134024747263576
2018-12-03,24.1,12.2,18.1,54,9.5,965.8,13.85,4,18.1,54.0,2.638888888888889,160.30092592592592,0.04,12.565278665341832,23.24128787878788,43.205327544767556,22.681167028678043,15.25395264149686
2018-12-04,23.9,11.0,17.1,57,10.8,967.2,13.77,38,17.1,57.0,3.0,159.375,0.38,12.047760941480458,21.1341796875,38.622724693597604,19.917108835413675,14.370268596536322
2018-12-05,23.7,10.3,16.6,55,10.2,965.0,13.77,1,16.6,55.0,2.833333333333333,159.375,0.01,11.368988816816621,21.661003989361703,42.408369339230774,20.99877142092383,13.950492969643975
2018-12-06,23.7,10.4,16.8,56,10.1,964.0,13.19,17,16.8,56.0,2.8055555555555554,152.662037037037,0.17,11.663373211473129,21.273921263345194,39.783278046832834,20.430119937490904,14.099145500700228
2018-12-07,23.5,10.8,16.8,57,9.8,965.1,13.62,0,16.8,57.0,2.7222222222222223,157.63888888888886,0.0,11.781465394469727,21.90341726618705,42.314336503979746,21.42325389821147,14.307709229366218
2018-12-08,23.3,10.6,16.7,55,9.8,965.8,13.54,0,16.7,55.0,2.7222222222222223,156.71296296296293,0.0,11.456992661765586,21.773441247002395,42.09909587882214,21.216522168871833,14.04458311263639
2018-12-09,23.5,11.0,16.6,56,9.6,964.8,13.51,0,16.6,56.0,2.6666666666666665,156.36574074074073,0.0,11.486597601319929,21.698882850241546,41.90247302126903,21.24066818460332,14.040394890972259
2018-12-10,23.2,10.0,16.0,56,10.7,963.9,13.32,0,16.0,56.0,2.972222222222222,154.16666666666666,0.0,10.956269509975694,20.834494773519165,41.414444393565645,19.983866406842093,13.436287611686819
2018-12-11,21.0,9.7,15.5,67,11.5,964.8,8.55,39,15.5,67.0,3.194444444444444,98.95833333333334,0.39,11.75201583607932,17.930349576271187,29.567602371831185,15.753691422205618,13.362481000509762
2018-12-12,20.8,12.1,15.9,69,13.2,965.9,11.37,21,15.9,69.0,3.6666666666666665,131.5972222222222,0.21,12.347450568623358,19.2974859775641,36.261145726907785,17.258645137577478,14.09271259354917
2018-12-13,20.5,10.5,14.7,67,11.4,969.2,12.6,11,14.7,67.0,3.1666666666666665,145.83333333333331,0.11,11.014244202510934,18.91875,38.06848649150089,17.89125128203789,12.963720941757654
2018-12-14,20.2,9.0,14.0,56,12.7,971.6,13.72,0,14.0,56.0,3.5277777777777777,158.7962962962963,0.0,9.188494999673045,18.65526601520087,40.90707427189449,17.017410096211574,11.562999702811306
2018-12-15,20.5,8.4,13.8,53,12.3,971.4,13.75,0,13.8,53.0,3.416666666666667,159.1435185185185,0.0,8.69080594464927,18.527035203520352,40.72624136019215,16.97177150666978,11.168971201958561
2018-12-16,22.0,8.6,14.6,49,13.9,971.3,13.8,18,14.6,49.0,3.861111111111111,159.72222222222223,0.18,8.945276087299291,18.700705329153607,39.53296670382258,16.05971973078013,11.461834326940224
2018-12-17,21.7,10.4,14.9,47,12.3,969.9,11.44,66,14.9,47.0,3.416666666666667,132.4074074074074,0.66,8.97602677318883,17.535038503850384,30.626667182569804,14.371609645098497,11.280226442002258
2018-12-18,22.6,8.7,14.4,44,11.2,968.5,13.85,0,14.4,44.0,3.1111111111111107,160.30092592592592,0.0,8.217856450085414,19.34078196347032,41.14342889067251,18.02791578136464,11.060655907753853
2018-12-19,23.2,6.7,14.3,46,10.7,967.5,14.06,0,14.3,46.0,2.972222222222222,162.73148148148147,0.0,8.357194715988815,19.403077816492452,41.29036904277933,18.39662330098296,11.16065186449066
2018-12-20,22.7,6.6,14.3,56,10.2,967.4,13.89,0,14.3,56.0,2.833333333333333,160.76388888888889,0.0,9.453662615052895,19.43076241134752,40.85786845583539,18.89879984822761,11.93371631280653
2018-12-21,22.3,6.1,13.7,56,9.3,966.3,13.86,0,13.7,56.0,2.5833333333333335,160.41666666666666,0.0,8.92332685971635,18.98846153846154,40.01736312280701,18.81804213071071,11.414021109493753
2018-12-22,21.7,8.9,14.1,62,10.8,966.3,13.74,0,14.1,62.0,3.0,159.02777777777777,0.0,9.923175225259172,19.069618055555555,40.61211479784356,18.46709594951629,12.170146268792532
2018-12-23,22.2,7.9,14.1,66,9.2,966.7,13.53,10,14.1,66.0,2.5555555555555554,156.5972222222222,0.1,10.35334884480062,19.02244944852941,38.605816055038815,19.037539973955493,12.461834081066316
2018-12-24,22.3,8.6,14.6,63,12.4,966.3,13.38,37,14.6,63.0,3.4444444444444446,154.86111111111111,0.37,10.485251838830452,18.33653371710526,36.379897695331806,16.48274303240715,12.466983030602368
2018-12-25,22.2,9.9,14.7,51,11.3,966.0,13.6,3,14.7,51.0,3.138888888888889,157.4074074074074,0.03,9.253792921704386,19.462514220705344,40.63306376858867,18.229411681457776,11.84015788933414
2018-12-26,21.1,7.2,13.6,48,9.9,964.6,13.56,12,13.6,48.0,2.75,156.94444444444443,0.12,7.982606355955287,18.3589605734767,38.24392581185316,17.512186041385934,10.61961656386404
2018-12-27,21.2,6.8,13.8,44,17.3,966.2,13.89,0,13.8,44.0,4.805555555555555,160.76388888888889,0.0,7.718101293049941,17.898796033994333,41.49838263547173,13.783308182713924,10.362430111933826
2018-12-28,20.8,6.5,13.0,40,13.2,966.6,14.27,0,13.0,40.0,3.6666666666666665,165.162037037037,0.0,6.627021541977353,17.764289529914528,41.14337523842778,15.473509847093304,9.491772985367053
2018-12-29,20.8,4.2,12.6,38,10.7,968.3,14.22,0,12.6,38.0,2.972222222222222,164.58333333333334,0.0,6.091233672426172,17.761149825783974,40.197659453475126,16.587665877400095,9.076093535855115
2018-12-30,20.4,5.9,13.5,43,9.4,970.2,13.83,0,13.5,43.0,2.611111111111111,160.06944444444443,0.0,7.360146812561014,18.757755474452555,39.84144682570047,18.17589448658735,10.25365386368322
2018-12-31,22.0,7.2,14.1,51,9.4,970.3,13.97,0,14.1,51.0,2.611111111111111,161.6898148148148,0.0,8.735389411875312,19.410979318734793,40.56345065062868,19.050340220878955,11.406968452059676
2019-01-01,22.9,6.8,14.2,53,10.5,969.0,13.86,0,14.2,53.0,2.9166666666666665,160.41666666666666,0.0,9.039675135395559,19.265789473684208,40.81458834968487,18.516342911689257,11.600930489513733
2019-01-02,24.2,8.8,16.0,51,11.2,969.0,13.83,0,16.0,51.0,3.1111111111111107,160.06944444444443,0.0,10.376991910924112,20.933647260273972,42.40185580630782,19.81468425201279,13.050623789701671
2019-01-03,23.7,8.6,15.5,52,10.5,970.5,14.01,0,15.5,52.0,2.9166666666666665,162.15277777777777,0.0,10.059385652397076,20.62061403508772,42.1189205394665,19.834980248506252,12.715692763695497
2019-01-04,20.9,8.8,14.6,60,10.1,969.0,11.43,68,14.6,60.0,2.8055555555555554,132.29166666666666,0.68,10.15729333433307,17.396485765124556,29.80167748519375,15.743089685465023,12.04940248705806
2019-01-05,22.6,9.6,15.3,65,13.0,966.5,13.58,8,15.3,65.0,3.611111111111111,157.17592592592592,0.08,11.344682727370284,19.68064516129032,40.81970864200002,18.152734562688078,13.407406941417264
2019-01-06,20.5,11.1,14.9,63,14.2,966.3,12.88,18,14.9,63.0,3.944444444444444,149.07407407407408,0.18,10.757966153660558,18.69166666666667,38.32332891960152,16.22810594529239,12.758909640895725
2019-01-07,20.4,8.8,13.9,61,11.5,968.8,14.13,0,13.9,61.0,3.194444444444444,163.54166666666666,0.0,9.635167911211141,18.889406779661016,41.29063580941204,18.02889513503117,11.912498893780002
2019-01-08,20.3,7.9,13.5,62,12.6,967.6,14.06,0,13.5,62.0,3.5,162.73148148148147,0.0,9.379797179413137,18.286220043572985,41.0766969639277,16.941731215845703,11.573102034303792
2019-01-09,21.8,8.9,14.1,57,13.0,967.0,14.23,0,14.1,57.0,3.611111111111111,164.69907407407408,0.0,9.384784646721597,18.881586021505377,41.91630502102822,17.25623355921985,11.755666457006193
2019-01-10,21.2,7.5,13.7,59,10.9,966.2,14.35,7,13.7,59.0,3.0277777777777777,166.08796296296296,0.07,9.242308108952248,18.691259371395617,40.499757659426564,17.96707653227498,11.577867550545697
2019-01-11,21.2,7.8,13.9,59,10.9,967.0,13.84,3,13.9,59.0,3.0277777777777777,160.18518518518516,0.03,9.421314113141774,18.813638985005767,40.292812216464256,18.049191720880543,11.747647676200396
2019-01-12,21.2,8.1,14.0,62,9.2,966.4,14.02,1,14.0,62.0,2.5555555555555554,162.2685185185185,0.01,9.83261233208348,19.342333026960784,40.3740038312539,19.400411837099114,12.151295237850594
2019-01-13,21.5,8.9,14.6,61,12.0,968.3,13.71,3,14.6,61.0,3.333333333333333,158.68055555555554,0.03,10.266673898146333,19.289010416666667,40.888397740500466,18.1075654833753,12.504473812035766
2019-01-14,21.2,9.3,14.5,45,16.8,969.4,14.89,1,14.5,45.0,4.666666666666667,172.33796296296296,0.01,8.413592075987937,18.93473120210728,43.63043856267302,15.419872585002903,11.126460693613012
2019-01-15,22.1,7.6,13.7,34,13.0,968.0,14.5,31,13.7,34.0,3.611111111111111,167.82407407407408,0.31,6.522519329758364,17.817103494623655,38.139068135624655,15.014680652243163,9.499184229755585
2019-01-16,21.6,7.0,13.7,51,10.4,966.7,14.82,31,13.7,51.0,2.888888888888889,171.52777777777777,0.31,8.389785627198934,18.29319982394366,38.08381427632196,17.274890861276642,10.901489903827986
2019-01-17,23.9,8.3,15.0,59,9.4,966.1,14.94,0,15.0,59.0,2.611111111111111,172.91666666666666,0.0,10.405843491329057,20.679744525547445,42.899705632495284,20.662388101882428,12.920039349039829
2019-01-18,23.4,8.5,15.4,57,10.3,966.7,14.82,0,15.4,57.0,2.861111111111111,171.52777777777777,0.0,10.5387468327458,20.85494699646643,43.33115867226235,20.43219006179998,13.088112182215344
2019-01-19,24.4,10.4,16.8,58,10.5,966.8,13.9,45,16.8,58.0,2.9166666666666665,160.87962962962962,0.45,11.899293945900869,20.737317251461988,37.6361985222195,19.5997150154099,14.156969212423007
2019-01-20,26.3,10.6,18.1,58,10.9,965.9,14.75,47,18.1,58.0,3.0277777777777777,170.71759259259258,0.47,13.058063948878857,22.167095588235295,39.711235396445204,20.995276869799696,15.384063881862259
2019-01-21,23.7,12.8,17.1,64,15.9,962.1,10.12,74,17.1,64.0,4.416666666666667,117.12962962962962,0.74,12.87550474434347,19.05907079646018,30.3437567301537,14.816213766328051,14.534667480332464
2019-01-22,20.5,11.0,15.4,70,11.2,962.9,13.68,46,15.4,70.0,3.1111111111111107,158.33333333333331,0.46,11.99487764393292,19.157705479452055,36.17742687134961,18.082230778190578,13.767955446643455
2019-01-23,20.8,9.8,14.7,67,15.8,966.0,12.8,29,14.7,67.0,4.388888888888889,148.14814814814815,0.29,11.014244202510934,18.07278106508876,36.884256179340525,14.797961606495134,12.794527154775405
2019-01-24,19.4,10.8,13.8,80,16.5,968.3,12.69,23,13.8,80.0,4.583333333333333,146.875,0.23,11.576912371527943,17.190896739130437,36.70354114459269,13.988985892069604,12.922018007895648
2019-01-25,18.5,9.1,12.9,65,13.0,968.4,14.32,14,12.9,65.0,3.611111111111111,165.74074074074073,0.14,9.146917310485549,17.375,39.372479704471516,15.73636690971231,11.167842117339884
2019-01-26,18.2,6.9,11.7,48,12.6,971.0,16.33,0,11.7,48.0,3.5,189.0046296296296,0.0,6.365321005556158,17.258959694989105,43.53079764723765,15.89096336411831,9.077516642887131
2019-01-27,18.3,6.3,11.6,49,13.7,971.6,16.02,1,11.6,49.0,3.8055555555555554,185.41666666666666,0.01,6.378624531045437,16.837874605678234,42.99137258907746,14.861288549711675,8.992612092867452
2019-01-28,18.6,5.6,11.7,47,14.1,971.5,16.28,0,11.7,47.0,3.9166666666666665,188.42592592592592,0.0,6.266386222699076,16.982969885773624,43.705264526590554,14.835256236044685,8.953064333044077
2019-01-29,20.0,6.7,12.4,43,13.1,970.0,16.54,0,12.4,43.0,3.638888888888889,191.43518518518516,0.0,6.449189796783616,17.939924973204715,44.5195149487314,16.26472061060729,9.342417852389474
2019-01-30,20.2,6.4,13.0,48,9.4,968.2,15.87,41,13.0,48.0,2.611111111111111,183.68055555555554,0.41,7.471888141512647,17.79647582116788,37.36515819574157,17.151141759482442,10.08961686329243
2019-01-31,21.4,8.9,14.5,58,15.4,966.0,12.89,46,14.5,58.0,4.277777777777778,149.1898148148148,0.46,9.849142345940074,17.595465319361278,34.816938789425365,13.85567216559437,11.863492706030307
2019-02-01,22.0,10.8,15.3,57,16.1,967.3,15.52,18,15.3,57.0,4.472222222222222,179.62962962962962,0.18,10.449980833048839,19.614271749755623,43.02840377671828,16.731706249146292,12.767840933085314
2019-02-02,20.7,8.2,13.6,61,13.0,967.8,16.82,0,13.6,61.0,3.611111111111111,194.67592592592592,0.0,9.364521778294186,19.251881720430106,45.890667804951875,18.25865824689497,11.765541588891951
2019-02-03,21.2,7.7,13.6,64,9.8,968.7,17.05,0,13.6,64.0,2.7222222222222223,197.33796296296296,0.0,9.682055908508804,19.988639088729016,45.38038964131698,20.369124139881645,12.135166953701965
2019-02-04,23.4,7.8,15.3,68,11.0,969.3,16.55,6,15.3,68.0,3.0555555555555554,191.55092592592592,0.06,11.678969700588635,21.066343390804597,45.4903030690146,20.959105488509156,13.918547468572964
2019-02-05,25.2,12.6,18.2,71,8.8,966.7,11.73,57,18.2,71.0,2.4444444444444446,135.76388888888889,0.57,14.723457297108379,21.459853078358208,34.21825767791819,21.127430324337563,16.418390723647505
2019-02-06,26.0,13.2,19.2,63,11.0,961.9,16.8,22,19.2,63.0,3.0555555555555554,194.44444444444443,0.22,14.66683153897132,24.570689655172412,46.797807934426146,24.068293231850525,17.100920008314404
2019-02-07,22.6,11.8,16.4,48,28.2,959.9,15.9,13,16.4,48.0,7.833333333333333,184.02777777777777,0.13,10.365918703062352,19.751934523809524,44.952980981190024,13.14952370261793,12.846529996905552
2019-02-08,19.0,7.3,13.0,39,17.2,965.9,17.76,1,13.0,39.0,4.777777777777778,205.55555555555557,0.01,6.519881814843085,18.22940340909091,47.31697483768676,14.867080679629971,9.509797952208341
2019-02-09,20.2,8.3,13.6,43,12.8,968.6,18.04,0,13.6,43.0,3.555555555555556,208.79629629629628,0.0,7.442960409812089,19.701190476190476,47.85141012908974,18.484554411300167,10.510310382106557
2019-02-10,19.7,7.9,13.8,46,10.2,969.3,14.1,52,13.8,46.0,2.833333333333333,163.19444444444443,0.52,7.936077071921005,17.65416666666667,34.428963829326165,16.132877532792016,10.466087283678037
2019-02-11,21.5,8.0,14.5,54,10.7,969.7,15.52,78,14.5,54.0,2.972222222222222,179.62962962962962,0.78,9.411196507099906,17.936120789779327,33.38762654329298,16.23415490173423,11.625061712925799
2019-02-12,23.6,9.6,16.4,59,9.2,969.7,16.48,41,16.4,59.0,2.5555555555555554,190.74074074074073,0.41,11.658872280149932,21.417463235294115,40.919588662228875,21.144882110310363,14.084703243163776
2019-02-13,26.6,12.3,19.0,58,15.1,968.8,16.01,69,19.0,58.0,4.194444444444445,185.30092592592592,0.69,13.860284819725095,22.30014791037261,39.60851407982494,19.511055469753863,16.062228955882087
2019-02-14,26.7,14.8,19.8,65,15.7,964.3,15.6,41,19.8,65.0,4.361111111111111,180.55555555555554,0.41,15.46543436730503,23.633456973293768,43.6711426425868,21.437115487490033,17.532495451772274
2019-02-15,24.2,13.0,18.0,55,17.2,965.3,18.46,17,18.0,55.0,4.777777777777778,213.65740740740742,0.17,12.601037791549118,22.998490767045453,49.840872988050876,20.53055470595669,15.220424607493474
2019-02-16,22.6,10.8,16.0,50,13.7,967.1,18.93,0,16.0,50.0,3.8055555555555554,219.0972222222222,0.0,10.260193715651134,22.220425867507885,51.26246149570983,20.997816687858318,13.226220774457369
2019-02-17,23.5,10.2,16.7,50,13.3,964.4,18.22,42,16.7,50.0,3.6944444444444446,210.87962962962962,0.42,10.862052152949179,21.490268903088392,44.316380776092274,19.648366134343373,13.571490287682103
2019-02-18,27.7,11.9,19.5,43,25.8,960.0,17.76,33,19.5,43.0,7.166666666666667,205.55555555555557,0.33,12.328785635254654,23.026826484018265,47.46680444075372,17.841632538635423,15.185515241481909
2019-02-19,26.6,14.3,20.5,45,12.5,962.6,18.39,45,20.5,45.0,3.4722222222222223,212.84722222222223,0.45,13.439168747879389,25.367571721311474,47.01333095373997,23.67389157068398,16.530932467777866
2019-02-20,24.6,16.6,19.6,67,16.2,966.4,8.35,74,19.6,67.0,4.5,96.6435185185185,0.74,15.533061049946358,21.202247807017546,30.43262483352794,17.294875701092863,17.07359229636596
2019-02-21,30.1,15.6,22.1,63,21.6,966.1,17.45,56,22.1,63.0,6.0,201.96759259259258,0.56,17.303004772390914,25.404924242424244,45.917992473881895,22.142680766884414,19.40308818915849
2019-02-22,25.6,15.6,20.1,51,16.1,967.1,19.16,23,20.1,51.0,4.472222222222222,221.75925925925924,0.23,13.919318013349365,25.279802052785925,51.51171686741907,23.17153874758791,16.80948301990174
2019-02-23,24.6,11.8,17.6,38,14.5,965.7,17.52,65,17.6,38.0,4.027777777777778,202.77777777777777,0.65,10.104216105796134,21.390384615384615,40.76461508646065,18.235767279617065,13.111028197134216
2019-02-24,25.3,12.6,18.4,41,13.7,961.9,18.23,33,18.4,41.0,3.8055555555555554,210.99537037037035,0.33,11.152153611952214,23.401988038906413,47.111278057069626,21.331380744624756,14.326905136147833
2019-02-25,25.8,11.6,18.0,47,21.3,960.4,18.81,7,18.0,47.0,5.916666666666667,217.70833333333331,0.07,11.600908408476435,22.811187977099237,51.90877057344045,19.16011829171112,14.482873481353352
2019-02-26,20.1,11.0,15.2,64,14.0,960.1,10.23,69,15.2,64.0,3.888888888888889,118.40277777777777,0.69,11.14192433062209,17.381201171875,29.18895833662782,13.733541704241391,12.795587265810461
2019-02-27,21.0,9.2,14.7,61,17.4,960.5,17.87,18,14.7,61.0,4.833333333333333,206.8287037037037,0.18,10.356888852568833,19.48510475517891,46.26860964475509,16.63932076399871,12.616843147833965
2019-02-28,22.0,8.4,15.2,49,11.9,964.9,20.4,16,15.2,49.0,3.3055555555555554,236.1111111111111,0.16,9.458597673489415,21.738461538461536,50.02853317635646,21.10114048252233,12.488710679134897
2019-03-01,23.1,10.1,16.6,44,11.5,965.4,20.21,23,16.6,44.0,3.194444444444444,233.91203703703704,0.23,10.05026192930413,22.915625000000002,49.59638039173353,22.07471245291116,13.27830835051289
2019-03-02,22.1,13.9,17.1,54,21.6,964.3,11.17,88,17.1,54.0,6.0,129.2824074074074,0.88,11.689152133716913,18.745412457912458,30.164281913392642,11.816024250307635,13.641488985184331
2019-03-03,23.7,12.1,17.1,67,21.5,961.4,17.45,33,17.1,67.0,5.972222222222222,201.96759259259258,0.33,13.227552330975229,20.942497362869197,45.309742553070464,16.991939279255455,15.1577861042565
2019-03-04,24.2,13.3,18.4,68,15.6,959.7,16.02,26,18.4,68.0,4.333333333333333,185.41666666666666,0.26,14.547639844827717,22.720870535714283,45.1515330450228,20.78191680872864,16.56752199852226
2019-03-05,24.3,12.4,18.2,52,13.6,961.2,21.11,0,18.2,52.0,3.7777777777777777,244.3287037037037,0.0,12.40327955950288,25.158728902953584,56.28241798366031,24.260735776064283,15.534041472242734
2019-03-06,25.2,11.4,18.2,38,13.0,962.2,20.38,3,18.2,38.0,3.611111111111111,235.87962962962962,0.03,10.58575276145373,24.945396505376344,54.58523733896271,23.71463713755625,14.21910623409288
2019-03-07,26.8,12.1,19.1,41,14.7,962.1,19.32,11,19.1,41.0,4.083333333333333,223.61111111111111,0.11,11.724888358110007,24.915940366972478,52.689983248857914,23.027659346211884,15.1006099240715
2019-03-08,27.4,14.2,20.7,41,17.4,963.2,18.37,25,20.7,41.0,4.833333333333333,212.61574074074073,0.25,13.033979651362849,25.4297993173258,50.6185521230874,22.556326363715627,16.279745619419153
2019-03-09,27.3,15.5,21.3,43,15.3,963.8,18.2,30,21.3,43.0,4.25,210.64814814814812,0.3,13.81931548136,26.139214214214213,49.99126580934626,23.81994525864816,17.031363679794843
2019-03-10,26.7,14.9,20.9,41,11.7,964.1,21.47,6,20.9,41.0,3.2499999999999996,248.49537037037035,0.06,13.197614495472706,28.204257856341187,57.46678398483584,27.209347198339753,16.96918171809913
2019-03-11,28.6,16.4,21.8,39,22.8,963.4,20.88,3,21.8,39.0,6.333333333333333,241.66666666666663,0.03,13.629347210542555,27.05091911764706,58.457087347092966,23.983238472530456,17.1307268709092
2019-03-12,27.0,15.7,20.7,41,14.2,965.7,16.34,71,20.7,41.0,3.944444444444444,189.12037037037035,0.71,13.033979651362849,24.109452639751552,41.06942709793816,21.166638652391967,16.015676283904302
2019-03-13,25.7,16.0,19.9,48,17.9,965.5,13.38,66,19.9,48.0,4.972222222222221,154.86111111111111,0.66,13.344977316168908,22.501149025069637,37.737257542624036,18.14688657294844,15.831713926332162
2019-03-14,25.8,15.0,19.1,58,20.2,966.0,17.09,24,19.1,58.0,5.611111111111111,197.80092592592592,0.24,13.949420250771247,23.201003490401398,47.69170322569295,19.79660279608372,16.31479487362015
2019-03-15,26.8,13.0,19.7,47,16.8,968.0,21.71,26,19.7,47.0,4.666666666666667,251.27314814814815,0.26,13.040329236384359,25.35364583333333,54.31236203615572,23.192642903849144,16.168959632135717
2019-03-16,26.6,14.0,19.9,39,17.7,967.0,21.5,49,19.9,39.0,4.916666666666666,248.84259259259258,0.49,12.094419357965656,24.636373716153127,50.26053202693436,21.570944908564453,15.383368293806585
2019-03-17,28.0,15.1,21.8,34,18.7,965.2,21.38,11,21.8,34.0,5.194444444444444,247.45370370370367,0.11,12.840829519681748,27.5345878746594,57.98945723681123,24.956835163261257,16.675498238709103
2019-03-18,29.0,15.2,22.1,34,11.6,964.9,22.28,14,22.1,34.0,3.222222222222222,257.8703703703704,0.14,13.074824143664813,29.391807432432433,58.1940884891622,28.147032518972168,17.240738387051856
2019-03-19,30.8,16.4,23.4,36,13.8,961.6,22.37,1,23.4,36.0,3.8333333333333335,258.912037037037,0.01,14.427687493734943,30.691060665618448,61.8980974215645,29.22564359607341,18.57759337873815
2019-03-20,32.0,16.7,24.4,30,20.8,959.8,22.3,4,24.4,30.0,5.777777777777778,258.10185185185185,0.04,14.139554044570854,30.26716065292096,62.37633285896487,27.823095947990844,18.39111996178379
2019-03-21,32.3,18.8,25.3,32,15.0,962.6,21.94,27,25.3,32.0,4.166666666666667,253.9351851851852,0.27,15.200309568126308,31.29056186868687,58.60523339246498,29.330523614383416,19.42832907142579
2019-03-22,30.8,19.2,24.4,29,15.3,965.7,22.78,1,24.4,29.0,4.25,263.6574074074074,0.01,13.950544528481618,31.490246496496493,63.423158447641526,29.73477516629374,18.50343046923643
2019-03-23,31.7,17.8,24.5,27,15.8,965.2,22.29,15,24.5,27.0,4.388888888888889,257.9861111111111,0.15,13.636837716680926,30.854243713017752,60.526751331436174,28.827385193622828,18.166635144280196
2019-03-24,33.5,18.0,25.8,33,23.1,963.2,21.19,24,25.8,33.0,6.416666666666667,245.25462962962962,0.24,15.773760668068949,30.52607461476075,58.552730417466876,27.732067238597804,19.726847390600412
2019-03-25,31.6,20.1,25.4,40,25.4,963.3,19.11,36,25.4,40.0,7.055555555555555,221.18055555555554,0.36,16.70931756144633,29.16108870967742,53.511890055628896,25.863292493515758,20.068740034947915
2019-03-26,32.2,17.3,24.5,35,11.3,965.2,23.55,0,24.5,35.0,3.138888888888889,272.56944444444446,0.0,15.123618213297476,32.87244027303754,64.02504667477587,31.603476229568333,19.61102080391574
2019-03-27,33.4,17.1,25.3,31,8.9,965.7,22.96,20,25.3,31.0,2.4722222222222223,265.74074074074076,0.2,15.011176663633027,33.30185873605948,59.6052202991562,31.84316476821539,19.698195411755016
2019-03-28,37.1,20.6,28.6,30,14.4,963.8,22.44,24,28.6,30.0,4.0,259.72222222222223,0.24,17.311265281582468,34.94876543209877,62.24700862894656,33.25440256671583,21.96763878352748
2019-03-29,39.2,21.3,30.5,25,14.0,960.8,23.28,18,30.5,25.0,3.888888888888889,269.44444444444446,0.18,17.557262467492603,37.39609375,65.75325816059143,35.825821597773064,22.819302477244822
2019-03-30,37.1,22.7,29.9,33,19.3,959.9,20.94,28,29.9,33.0,5.361111111111112,242.36111111111111,0.28,18.94697530909796,34.92915549597855,60.87938659214586,33.09690453677155,23.23871381556428
2019-03-31,36.9,22.6,29.2,27,19.0,960.6,21.48,43,29.2,27.0,5.277777777777778,248.61111111111111,0.43,17.090801391654647,33.94712837837838,58.591090859775534,31.73096819442777,21.67298664983393
2019-04-01,36.1,19.7,28.1,17,16.5,961.5,23.95,8,28.1,17.0,4.583333333333333,277.1990740740741,0.08,13.803508838986023,35.04202898550725,66.73135200685113,33.23496320276681,19.480861984391666
2019-04-02,36.3,20.2,27.9,21,13.0,961.5,23.84,3,27.9,21.0,3.611111111111111,275.9259259259259,0.03,14.72498566977853,35.79059139784946,66.88239353603291,34.10729711408408,20.255608248414863
2019-04-03,37.9,21.0,29.1,26,13.0,960.6,23.77,2,29.1,26.0,3.611111111111111,275.1157407407407,0.02,16.785265210851563,37.00735887096774,67.8537580137226,35.43179511666489,22.06115742178964
2019-04-04,38.1,22.7,30.4,26,13.4,961.1,22.34,51,30.4,26.0,3.7222222222222223,258.5648148148148,0.51,17.731305332326446,35.92126459660297,58.92113032865382,34.19856656957727,22.636166651949104
2019-04-05,40.2,22.4,31.3,25,22.5,960.6,21.8,41,31.3,25.0,6.25,252.3148148148148,0.41,18.133569386690922,35.75756172839506,60.881135537006514,33.96803913112246,22.975010916362656
2019-04-06,38.9,24.8,32.3,20,20.9,959.8,21.21,18,32.3,20.0,5.805555555555555,245.48611111111111,0.18,17.465385618535453,37.46846079691517,64.63294407951486,36.001085309977626,22.94946209235785
2019-04-07,39.2,25.1,32.1,22,23.2,957.9,22.93,28,32.1,22.0,6.444444444444444,265.3935185185185,0.28,17.900530793863446,37.085790857605176,64.98540441125022,35.72729973199024,23.157529727225448
2019-04-08,37.8,22.1,30.0,33,15.2,958.3,22.08,21,30.0,33.0,4.222222222222222,255.55555555555551,0.21,19.024368986577567,36.200301204819276,63.4296615627249,34.694905277212136,23.55711853156815
2019-04-09,38.6,23.0,30.7,31,15.0,958.3,21.69,28,30.7,31.0,4.166666666666667,251.04166666666666,0.28,19.123683109506132,36.58806818181818,62.33116335460858,35.07151218821683,23.77419181301793
2019-04-10,38.4,24.3,31.2,29,16.2,960.2,22.05,53,31.2,29.0,4.5,255.20833333333331,0.53,19.04082159903506,36.13626644736842,59.132954004158876,34.442627998483715,23.675828408798225
2019-04-11,39.8,23.4,32.1,24,18.0,959.9,20.89,38,32.1,24.0,5.0,241.7824074074074,0.38,18.44593008546724,36.99609375,60.986032640419126,35.34161024307633,23.521369809827068
2019-04-12,38.5,24.4,31.7,25,19.8,960.1,22.77,21,31.7,25.0,5.5,263.54166666666663,0.21,18.421720138709052,37.31594742063492,65.75743268226688,35.857048340234755,23.52839358122332
2019-04-13,38.8,24.7,32.0,25,16.8,960.7,22.61,37,32.0,25.0,4.666666666666667,261.6898148148148,0.37,18.637832049315822,37.51578963122605,63.123388953489496,35.98443957280998,23.749640360766282
2019-04-14,38.5,24.1,31.8,27,14.8,961.0,22.73,14,31.8,27.0,4.111111111111112,263.0787037037037,0.14,19.001393248290487,38.513319359756096,66.77535035083912,37.14549339694084,24.18363914575456
2019-04-15,38.5,25.4,32.3,25,21.4,960.0,21.75,76,32.3,25.0,5.944444444444444,251.7361111111111,0.76,18.85394298853476,35.86519670050761,55.83148087506686,33.956027935032985,23.600799432075856
2019-04-16,31.5,18.5,25.9,53,22.0,961.1,16.3,93,25.9,53.0,6.111111111111111,188.65740740740742,0.93,19.2436994123299,28.170963541666666,42.47734634982527,24.816549121640705,21.694782296964263
2019-04-17,27.6,18.0,21.8,69,21.1,961.6,17.37,60,21.8,69.0,5.861111111111112,201.04166666666666,0.6,17.825562956438137,25.039290281329922,44.99056912578294,22.01321541622863,19.665752125772677
2019-04-18,29.7,17.8,23.8,56,17.3,962.8,20.98,15,23.8,56.0,4.805555555555555,242.82407407407408,0.15,17.85040011169332,29.526658404154865,58.25140873158324,27.979057065417788,20.780611759016296
2019-04-19,31.3,19.0,25.2,44,15.6,961.4,21.97,17,25.2,44.0,4.333333333333333,254.2824074074074,0.17,17.212922470438787,31.432189360119047,60.272686534337595,29.831093732736772,20.85548360133096
2019-04-20,33.1,19.7,26.8,41,10.5,959.2,23.94,13,26.8,41.0,2.9166666666666665,277.0833333333333,0.13,18.02470347758131,34.98125,63.858068530878654,33.79460217874981,22.293542434306914
2019-04-21,37.0,21.6,29.2,31,14.5,957.8,21.69,18,29.2,31.0,4.027777777777778,251.04166666666666,0.18,17.981348166695163,35.52625,62.70943418850737,33.905748457195756,22.612193716686612
2019-04-22,38.7,24.1,31.8,22,16.3,958.1,21.89,12,31.8,22.0,4.527777777777778,253.35648148148147,0.12,17.691401920633556,38.04896744412051,66.07556314120006,36.53994231937318,23.17377483326759
2019-04-23,40.9,25.0,33.2,20,16.9,959.0,23.14,16,33.2,20.0,4.694444444444444,267.8240740740741,0.16,18.077718255986444,39.55410697230182,68.19400067861545,38.283201740962106,23.885224173650876
2019-04-24,41.8,27.9,34.8,17,19.6,960.0,23.09,15,34.8,17.0,5.444444444444445,267.2453703703704,0.15,18.18015689147139,40.71706837322695,69.534993024465,39.856224618788254,24.349523498675364
2019-04-25,41.2,28.4,35.0,16,25.5,960.1,24.3,9,35.0,16.0,7.083333333333333,281.25,0.09,17.961529104930896,40.557112068965516,71.9202754083949,40.45540789949259,24.18449278724473
2019-04-26,40.4,27.2,33.9,25,17.0,959.6,20.87,14,33.9,25.0,4.722222222222222,241.55092592592592,0.14,20.006518871241774,39.676517857142855,66.05584061114979,38.58809607465652,25.329866781297813
2019-04-27,41.1,27.8,34.4,19,15.0,959.4,23.78,3,34.4,19.0,4.166666666666667,275.23148148148147,0.03,18.57766971099225,41.79371843434343,71.97203838546562,40.67615337962197,24.80311248456326
2019-04-28,41.2,26.4,34.1,17,17.5,958.3,24.39,0,34.1,17.0,4.861111111111111,282.2916666666667,0.0,17.722930307623056,41.25669014084507,73.19120237908402,40.23883815833032,24.06738924350515
2019-04-29,40.7,27.2,34.0,16,14.2,956.9,24.43,0,34.0,16.0,3.944444444444444,282.7546296296296,0.0,17.31803188357708,41.90307971014493,72.95836830508313,40.555392890452936,23.903238260532945
2019-04-30,41.1,25.7,34.1,16,19.6,954.5,24.08,1,34.1,16.0,5.444444444444445,278.7037037037037,0.01,17.382382309630692,40.73774379432624,72.60095075858118,39.839618834130135,23.72521637560673
2019-05-01,40.2,26.9,33.7,17,15.4,953.8,23.53,5,33.7,17.0,4.277777777777778,272.33796296296293,0.05,17.4616546978534,40.854986901197606,70.80939908479195,39.57087870444482,23.7641556687369
2019-05-02,40.0,25.2,33.3,19,25.3,954.5,21.58,22,33.3,19.0,7.027777777777778,249.76851851851848,0.22,17.838915430156426,37.920429176289446,65.0457449453221,36.96330203477203,23.401326636367386
2019-05-03,37.5,26.3,31.7,28,17.3,957.2,19.54,26,31.7,28.0,4.805555555555555,226.1574074074074,0.26,19.17374556612237,36.71646600566572,60.7730385650741,35.100395253926585,23.934915097418802
2019-05-04,38.1,25.3,31.5,24,13.2,959.2,20.31,30,31.5,24.0,3.6666666666666665,235.06944444444443,0.3,18.018227190657562,37.263721955128204,60.7116176104318,35.6511793453063,23.21550342448593
2019-05-05,39.1,23.2,31.9,14,16.1,960.1,24.67,0,31.9,14.0,4.472222222222222,285.5324074074074,0.0,15.299501656972147,39.43604594330401,71.87858476775784,37.936868105150815,21.786860348541307
2019-05-06,40.7,25.3,33.2,12,25.3,958.3,24.68,0,33.2,12.0,7.027777777777778,285.64814814814815,0.0,15.37130510219055,39.13725943033103,72.59132267724829,38.562339855081824,21.907365457599592
2019-05-07,41.0,28.3,34.6,14,28.1,957.1,24.33,0,34.6,14.0,7.805555555555555,281.5972222222222,0.0,16.981833771749024,40.09755965292842,72.90100316917574,40.2608696852374,23.36679557081
2019-05-08,40.4,29.4,34.6,18,28.9,957.6,22.33,4,34.6,18.0,8.027777777777777,258.449074074074,0.04,18.385273992749525,39.4603855721393,69.51257133670885,39.55500601088897,24.221768909352527
2019-05-09,39.9,29.3,34.2,19,27.8,957.2,23.18,61,34.2,19.0,7.722222222222222,268.287037037037,0.61,18.44335196146161,37.86405112809316,61.06623327070713,37.126569667512136,23.903156598641758
2019-05-10,38.5,27.8,33.0,22,21.0,957.3,23.85,26,33.0,22.0,5.833333333333333,276.0416666666667,0.26,18.527910671581356,38.54206730769231,67.25463708214897,37.39647966095607,23.97795093164541
2019-05-11,38.7,27.6,33.0,24,15.0,958.7,20.11,30,33.0,24.0,4.166666666666667,232.75462962962962,0.3,19.087476825678827,38.395675505050505,61.8478011110999,36.97925145414966,24.34036887898528
2019-05-12,38.4,26.6,32.6,25,14.5,958.3,21.1,69,32.6,25.0,4.027777777777778,244.21296296296296,0.69,19.070052971537667,37.02964743589744,56.50274674961395,35.42051781010689,24.014966567255858
2019-05-13,39.2,27.8,33.1,24,19.8,956.8,20.39,49,33.1,24.0,5.5,235.99537037037035,0.49,19.158759249474546,37.34229772927689,59.47624738435945,35.80657887318988,24.189591020487562
2019-05-14,38.2,24.4,31.8,29,16.3,957.2,21.99,31,31.8,29.0,4.527777777777778,254.51388888888886,0.31,19.489940990527714,37.44308491253644,63.17333533550391,35.99884869421508,24.31157567587669
2019-05-15,38.9,25.7,32.0,31,21.4,957.7,21.79,15,32.0,31.0,5.944444444444444,252.19907407407405,0.15,20.11369117947378,37.32882561336717,65.62099338986928,36.08396259400905,24.74534894830508
2019-05-16,37.4,26.6,32.1,27,16.2,958.9,21.1,21,32.1,27.0,4.5,244.21296296296296,0.21,19.22184170277608,37.85185794346979,63.84965206358953,36.424620653301275,24.235660780637215
2019-05-17,36.1,25.4,30.2,38,28.0,959.2,19.78,18,30.2,38.0,7.777777777777778,228.9351851851852,0.18,20.215776770038914,34.276041666666664,60.673535436995394,32.745438182716086,24.026252072360574
2019-05-18,35.0,22.9,28.9,46,21.1,959.3,21.62,13,28.9,46.0,5.861111111111112,250.23148148148147,0.13,20.653014056653962,34.28541666666666,63.34176297037254,32.855306853001395,24.204193172991104
2019-05-19,37.5,23.7,31.0,33,13.9,959.6,22.85,15,31.0,33.0,3.861111111111111,264.4675925925926,0.15,19.798301426217517,37.90185801985371,66.05647351399102,36.612791596839706,24.539182602323006
2019-05-20,38.2,25.5,31.8,29,23.0,960.4,19.86,26,31.8,29.0,6.388888888888888,229.8611111111111,0.26,19.489940990527714,36.18978658536585,61.175502748238216,34.63363521961773,24.06091601044257
2019-05-21,36.9,27.3,32.3,32,19.0,959.3,16.37,66,32.3,32.0,5.277777777777778,189.46759259259258,0.66,20.575139395939527,35.38780968468468,51.83771846913987,33.50579708502708,24.710159514094606
2019-05-22,39.3,27.1,33.3,32,17.6,957.4,21.33,36,33.3,32.0,4.888888888888889,246.87499999999997,0.36,21.34293899424621,38.41780196629213,62.789616651700555,37.30889814491661,25.953617689230775
2019-05-23,39.6,28.6,34.4,30,18.7,956.2,18.14,61,34.4,30.0,5.194444444444444,209.9537037037037,0.61,21.69096511161776,37.97836625794732,56.245739461500364,36.78984126492879,26.2193488297219
2019-05-24,39.0,26.8,32.9,38,19.5,957.0,21.37,13,32.9,38.0,5.416666666666667,247.33796296296296,0.13,22.38238618825827,38.450263888888884,66.11480606440341,37.61430283717451,26.647723109558562
2019-05-25,38.2,25.7,32.4,34,16.1,957.5,22.71,4,32.4,34.0,4.472222222222222,262.84722222222223,0.04,21.108114604341,39.19857038123167,68.90965256818981,38.17883029222525,25.855394299285038
2019-05-26,40.6,25.5,33.3,28,17.5,956.1,22.55,10,33.3,28.0,4.861111111111111,260.9953703703704,0.1,20.360566894157117,39.58594483568075,68.47547807775828,38.55209679118772,25.49958579304613
2019-05-27,40.7,26.7,34.4,21,18.4,956.1,21.47,14,34.4,21.0,5.111111111111111,248.49537037037035,0.14,19.20270307962251,40.114028159340656,67.26784408120977,39.11248586433527,24.90469778760389
2019-05-28,41.7,28.7,35.1,17,13.0,955.9,22.72,6,35.1,17.0,3.611111111111111,262.96296296296293,0.06,18.376108967952586,42.505376344086024,70.36588789020004,41.22838502957465,24.874351546384016
2019-05-29,42.8,27.2,35.7,17,15.8,954.7,22.06,9,35.7,17.0,4.388888888888889,255.32407407407405,0.09,18.768009326918556,42.192634368836295,69.7671383431146,41.2440086210537,25.146133402610246
2019-05-30,43.1,30.0,36.7,19,24.4,954.1,20.79,15,36.7,19.0,6.777777777777777,240.62499999999997,0.15,20.122287517542617,41.42453567216982,67.79834757622098,41.51564555378327,26.040508396713797
2019-05-31,41.7,31.2,36.4,21,20.9,954.4,19.68,21,36.4,21.0,5.805555555555555,227.77777777777777,0.21,20.580353033951923,41.11658097686375,65.41390720566602,40.69128041083063,26.269563319139095
2019-06-01,43.1,31.4,37.3,21,21.3,954.2,19.82,21,37.3,21.0,5.916666666666667,229.39814814814815,0.21,21.200281443758566,42.00178647158609,66.3016407234698,41.9137977625335,26.970554304948212
2019-06-02,44.3,32.7,38.1,19,24.7,953.6,23.18,5,38.1,19.0,6.861111111111111,268.287037037037,0.05,21.062459180745165,43.613392857142856,73.51046410856583,44.46239870901651,27.276399997950186
2019-06-03,45.0,31.0,38.1,17,23.9,953.3,23.86,6,38.1,17.0,6.638888888888888,276.1574074074074,0.06,20.33556320446656,43.85382856006365,74.3002171044347,44.548022688356994,26.815659955139324
2019-06-04,44.0,29.4,37.5,24,24.0,953.8,21.38,10,37.5,24.0,6.666666666666666,247.45370370370367,0.1,22.295087035504935,42.5374503968254,69.96380683715392,43.05667647137637,27.86405100421853
2019-06-05,42.8,31.7,37.3,24,27.4,954.3,20.42,10,37.3,24.0,7.611111111111111,236.3425925925926,0.1,22.152530581601926,41.7509453010279,68.2881004259109,42.587789439167786,27.58696046732693
2019-06-06,43.8,31.2,37.4,20,20.8,954.5,22.02,7,37.4,20.0,5.777777777777778,254.8611111111111,0.07,20.935136535135648,43.10481636597938,71.35386620168714,43.15805781076176,27.015558847790828
2019-06-07,42.4,28.7,35.9,24,19.0,956.0,20.88,12,35.9,24.0,5.277777777777778,241.66666666666663,0.12,21.15462549022486,41.42567567567568,67.95335390976078,40.90863695461015,26.683372978292535
2019-06-08,43.2,30.0,36.7,24,13.5,955.4,21.09,14,36.7,24.0,3.75,244.0972222222222,0.14,21.724859123441444,43.186011904761905,68.31147590372842,42.5606935121724,27.514603767361393
2019-06-09,44.9,31.1,37.8,16,12.8,953.1,23.06,12,37.8,16.0,3.555555555555556,266.8981481481481,0.12,19.763243826397975,45.131033549783545,71.94432432051406,44.261181271627834,26.640477388435293
2019-06-10,45.2,31.5,38.6,14,21.6,951.2,22.47,10,38.6,14.0,6.0,260.0694444444444,0.1,19.473949434604464,44.21513573232323,72.38303625265513,44.48789883658764,26.33479175068777
2019-06-11,43.5,32.7,37.7,22,22.4,951.3,21.1,17,37.7,22.0,6.222222222222221,244.21296296296296,0.17,21.804079737683022,42.67795482673267,68.80622578233039,42.96387853448602,27.56844678172465
2019-06-12,41.7,31.0,36.3,27,16.3,952.2,19.79,42,36.3,27.0,4.527777777777778,229.0509259259259,0.42,22.30803419297172,41.04796525753158,62.42338074087996,40.44877691318982,27.455216986586517
2019-06-13,34.2,28.1,31.1,51,15.1,953.9,7.31,96,31.1,51.0,4.194444444444445,84.60648148148147,0.96,23.422695211951744,32.29624874118832,38.31281601691279,30.901651899056624,25.96513639660388
2019-06-14,39.6,29.6,34.6,36,19.1,953.4,20.1,50,34.6,36.0,5.305555555555556,232.63888888888889,0.5,23.29188973452392,38.83264824797844,60.22237184103062,38.109412057084015,27.530852463762432
2019-06-15,38.2,29.3,33.9,41,21.5,953.6,13.31,56,33.9,41.0,5.972222222222222,154.05092592592592,0.56,23.833279768155908,36.427215189873415,50.920923748972314,35.38225954147097,27.35873887568382
2019-06-16,33.9,26.6,30.4,58,23.1,954.7,14.15,61,30.4,58.0,6.416666666666667,163.77314814814815,0.61,24.021478571874187,32.89245995539335,48.26111909658056,31.684412759718615,26.4335269913906
2019-06-17,36.5,29.0,31.6,51,26.3,954.2,17.95,28,31.6,51.0,7.305555555555555,207.75462962962962,0.28,23.854654981241872,35.2298438675696,58.05719136364979,34.59882426368053,26.90422726038323
2019-06-18,30.7,25.4,28.2,67,16.1,954.1,11.5,65,28.2,67.0,4.472222222222222,133.10185185185185,0.65,23.463873398555897,30.5712426686217,42.79686443580982,29.647685510960812,25.358959912713466
2019-06-19,32.0,23.7,27.2,72,11.8,953.3,19.95,32,27.2,72.0,3.2777777777777777,230.90277777777777,0.32,23.281743243603653,33.057802013422815,56.2606809680222,33.414395905785355,25.628780673207118
2019-06-20,35.2,23.9,29.3,67,15.0,954.4,18.52,25,29.3,67.0,4.166666666666667,214.35185185185185,0.25,24.478266192829796,34.41521464646465,57.52725442069351,34.47405321222813,26.947829264273786
2019-06-21,36.5,27.8,31.3,59,15.7,954.7,18.98,32,31.3,59.0,4.361111111111111,219.67592592592592,0.32,24.994196789198263,36.228041543026706,58.78651524010411,36.1640273155204,27.87154606104412
2019-06-22,38.8,27.9,33.2,43,11.1,954.1,20.7,16,33.2,43.0,3.083333333333333,239.58333333333331,0.16,23.672841765065552,40.017010309278355,64.28749553670599,39.50431088884852,27.894391297401555
2019-06-23,38.6,27.3,33.1,49,16.9,953.4,21.16,15,33.1,49.0,4.694444444444444,244.9074074074074,0.15,24.771704231205288,38.94198901623687,65.66309067591311,38.719755379259986,28.438590765091078
2019-06-24,36.6,28.3,31.3,59,16.4,954.9,19.73,27,31.3,59.0,4.555555555555555,228.35648148148147,0.27,24.994196789198263,36.46789304748062,60.52445830390536,36.39428759376762,27.919516361934907
2019-06-25,38.0,27.1,31.4,62,14.1,955.0,17.3,52,31.4,62.0,3.9166666666666665,200.23148148148147,0.52,25.58999866436788,35.55433541017653,53.86571240607924,35.81496768319296,28.163866147092822
2019-06-26,40.0,29.4,34.6,43,16.3,953.2,18.56,57,34.6,43.0,4.527777777777778,214.81481481481478,0.57,24.832031197742605,38.630126336248786,57.414692740406906,38.23815139351397,28.56844710566958
2019-06-27,41.0,30.5,35.4,36,21.7,951.4,19.7,44,35.4,36.0,6.027777777777778,228.00925925925924,0.44,23.925014990535093,39.43180100755667,61.26057009055842,39.07862198316652,28.173870694885895
2019-06-28,40.8,30.2,35.2,41,21.0,950.9,21.17,28,35.2,41.0,5.833333333333333,245.02314814814815,0.28,24.8967936965836,40.0627670940171,65.31556143388735,40.02296504893543,28.960309006411936
2019-06-29,38.9,30.5,34.2,44,20.4,950.8,18.03,35,34.2,44.0,5.666666666666666,208.68055555555557,0.35,24.70824719423192,38.2350341796875,59.57146884335418,37.83592707207026,28.362779871899843
2019-06-30,41.8,28.0,34.5,46,24.8,950.9,19.66,63,34.5,46.0,6.888888888888889,227.54629629629628,0.63,25.368907727980353,37.77762363707165,57.4982939365558,37.76498763893348,28.763760137000574
2019-07-01,40.7,28.0,33.5,50,17.7,951.4,20.45,34,33.5,50.0,4.916666666666666,236.68981481481478,0.34,25.305855146347362,38.45258520074697,62.182478659464095,38.32463713273118,28.754615642592547
2019-07-02,39.9,29.7,35.1,41,17.3,951.5,19.77,46,35.1,41.0,4.805555555555555,228.81944444444443,0.46,24.81498520904865,39.59212110481587,60.84745090275362,39.28437713845162,28.79891386729723
2019-07-03,35.6,28.6,32.2,59,16.4,951.5,15.01,99,32.2,59.0,4.555555555555555,173.72685185185185,0.99,25.79966329489037,34.495315528100775,46.055236686766875,34.306101085010674,28.17882741204341
2019-07-04,37.6,27.1,30.8,69,17.7,950.9,16.97,90,30.8,69.0,4.916666666666666,196.412037037037,0.9,26.18183132072345,33.5233601774043,47.82421346946711,33.6848448770937,28.111953959987275
2019-07-05,31.2,25.4,28.6,79,13.2,949.1,14.06,91,28.6,79.0,3.6666666666666665,162.73148148148147,0.91,25.638274690223927,31.158326655982908,42.83199689732231,31.9383989881329,27.038457614353327
2019-07-06,33.6,25.8,28.4,82,12.7,948.2,17.19,97,28.4,82.0,3.5277777777777777,198.95833333333334,0.97,25.88617908778298,31.40381718241042,44.66152309015678,32.55400633792167,27.24108879793017
2019-07-07,33.7,25.7,29.2,80,15.6,949.1,18.93,82,29.2,80.0,4.333333333333333,219.0972222222222,0.82,26.361664157015,32.66251860119048,49.45296319580217,33.55088804672584,27.905668630148597
2019-07-08,35.0,25.8,30.0,73,23.4,949.9,21.14,73,30.0,73.0,6.499999999999999,244.67592592592592,0.73,26.061655262353888,33.37759158615137,53.76709715408117,33.545580346055225,27.918677000877995
2019-07-09,34.6,26.9,30.1,69,18.9,949.3,18.57,92,30.1,69.0,5.249999999999999,214.93055555555554,0.92,25.531905805170407,32.93079268292683,48.392927974631505,32.72150947971798,27.46849260020465
2019-07-10,35.0,28.1,31.4,57,22.8,949.2,23.83,81,31.4,57.0,6.333333333333333,275.81018518518516,0.81,24.74075027809263,35.020008680555556,56.130614417119716,34.523498871943275,27.46252693077595
2019-07-11,35.3,28.7,31.6,54,25.5,950.3,23.86,90,31.6,54.0,7.083333333333333,276.1574074074074,0.9,24.392540907410524,34.74248084291188,54.51899025010806,34.09013656770541,27.18327480376974
2019-07-12,35.5,27.3,31.1,54,26.8,952.7,24.2,52,31.1,54.0,7.444444444444445,280.09259259259255,0.52,23.954506529714234,35.263876488095235,61.33090324877844,34.86670955812777,26.930929868419007
2019-07-13,35.7,26.9,31.3,54,25.9,953.3,24.48,34,31.3,54.0,7.194444444444444,283.3333333333333,0.34,24.1297203773266,36.12118451025057,65.05710734721958,35.93093793166274,27.245041166178734
2019-07-14,35.7,27.9,31.3,51,26.8,951.8,21.17,35,31.3,51.0,7.444444444444445,245.02314814814815,0.35,23.59547922714097,35.360930524553574,60.83294337327851,34.80820395144987,26.71902156390939
2019-07-15,36.2,28.3,31.5,52,26.4,950.6,22.28,25,31.5,52.0,7.333333333333333,257.8703703703704,0.25,23.948589696684596,36.07371433933934,63.988829923215974,35.80012169085342,27.12875565554709
2019-07-16,34.0,28.7,30.7,56,22.6,953.0,17.83,51,30.7,56.0,6.277777777777778,206.3657407407407,0.51,23.948850554762227,34.108084462233165,54.15146871883212,33.195285305799665,26.655812280780193
2019-07-17,35.6,27.9,31.1,56,19.8,954.0,17.25,54,31.1,56.0,5.5,199.65277777777777,0.54,24.302379069595705,34.570155423280426,53.445434236933636,33.8118858014342,27.035696433373076
2019-07-18,35.0,25.9,29.3,68,15.9,954.0,19.08,47,29.3,68.0,4.416666666666667,220.83333333333331,0.47,24.63403636560962,33.78506637168142,55.08129105874474,33.76477861580576,26.930838730263016
2019-07-19,33.3,25.0,29.2,73,10.2,954.2,16.97,52,29.2,73.0,2.833333333333333,196.412037037037,0.52,25.30924434921925,33.83866725768321,51.042111110065264,34.87484124720802,27.404204495990115
2019-07-20,34.4,26.9,30.5,70,8.1,954.5,19.81,44,30.5,70.0,2.25,229.2824074074074,0.44,26.06143386714842,36.6669061302682,55.87286674092479,37.790974409258766,28.626384933057533
2019-07-21,35.0,27.4,30.8,70,12.7,953.8,19.53,29,30.8,70.0,3.5277777777777777,226.04166666666666,0.29,26.34089653256851,36.46576750814332,59.22960540489828,37.41411682749187,28.81178107442662
2019-07-22,35.3,26.7,30.6,73,11.5,953.1,21.21,52,30.6,73.0,3.194444444444444,245.48611111111111,0.52,26.62596267710078,36.14216101694915,57.343511918090485,37.423782582693285,28.926606077360375
2019-07-23,35.4,27.9,31.7,68,15.3,952.6,20.47,70,31.7,68.0,4.25,236.92129629629628,0.7,26.854856239873133,35.86213088088088,54.99763467814944,36.69546706841313,29.14082554408737
2019-07-24,36.0,27.9,31.7,65,22.0,951.7,20.6,73,31.7,65.0,6.111111111111111,238.42592592592592,0.73,26.36223684459456,35.106510416666666,54.67923187931211,35.34270700618997,28.644867874549526
2019-07-25,27.8,24.6,25.9,93,15.3,952.2,4.43,100,25.9,93.0,4.25,51.273148148148145,1.0,24.993704357633607,26.59288038038038,30.34974963594499,26.460730744313192,25.4041691264196
2019-07-26,26.7,24.6,25.4,94,20.5,950.1,2.81,100,25.4,94.0,5.694444444444445,32.523148148148145,1.0,24.633863368630703,25.780140692640693,28.272529148557112,24.057367580687266,24.93973249656963
2019-07-27,28.8,24.3,25.9,91,14.8,949.6,9.67,96,25.9,91.0,4.111111111111112,111.92129629629629,0.96,24.718838683823336,27.49692581300813,35.723950094495365,27.650757252355916,25.39257224127796
2019-07-28,30.9,24.3,26.7,88,18.7,950.6,16.39,83,26.7,88.0,5.194444444444444,189.69907407407408,0.83,25.089541528420867,29.421432220708446,44.71119690777505,29.355130303127112,26.116965514036295
2019-07-29,31.4,24.9,27.7,85,16.7,952.0,16.76,75,27.7,85.0,4.638888888888888,193.9814814814815,0.75,25.641394504335615,30.844512487992315,47.05395981514107,31.35117987136189,26.887878650633393
2019-07-30,31.9,25.3,28.5,79,18.0,952.2,18.13,75,28.5,79.0,5.0,209.83796296296293,0.75,25.542538708809456,31.778718171296298,49.196925430412534,31.956658556507612,27.085520730425877
2019-07-31,31.8,25.3,28.1,83,11.5,952.0,15.81,95,28.1,83.0,3.194444444444444,182.98611111111111,0.95,25.741565023164114,31.030879237288136,43.320782987260316,32.38817172308197,27.035271363672507
2019-08-01,31.0,25.4,27.8,86,7.9,951.8,17.64,81,27.8,86.0,2.1944444444444446,204.16666666666666,0.81,25.881991399326655,32.02128378378379,45.90859385862694,34.20161740552653,27.301650736285417
2019-08-02,31.4,24.8,27.3,88,16.6,951.1,14.11,98,27.3,88.0,4.611111111111112,163.31018518518516,0.98,25.6776867941653,29.46645592485549,41.004617966829244,29.836095117161122,26.59767194088681
2019-08-03,30.4,25.5,27.3,89,7.3,950.8,12.43,99,27.3,89.0,2.0277777777777777,143.86574074074073,0.99,25.819029692366453,29.884465579710145,38.38440071481841,32.4188893285922,26.780213900598547
2019-08-04,32.1,25.1,28.2,85,5.6,950.1,16.83,97,28.2,85.0,1.5555555555555554,194.79166666666663,0.97,26.127846926514337,32.02567531779661,42.43841163633158,34.50104341949537,27.51462791211936
2019-08-05,32.1,25.8,28.5,85,10.0,948.8,14.35,99,28.5,85.0,2.7777777777777777,166.08796296296296,0.99,26.419718214100712,31.195963541666668,41.66771367666132,33.23564422233079,27.582995458203833
2019-08-06,30.1,25.2,26.8,91,12.8,949.0,10.17,99,26.8,91.0,3.555555555555556,117.70833333333333,0.99,25.607419515304915,28.536962256493506,36.65971640574355,29.680783939965377,26.31258611201214
2019-08-07,31.0,24.7,27.2,87,15.3,948.4,15.93,89,27.2,87.0,4.25,184.375,0.89,25.43833189092637,29.965625,43.76917044431161,30.57671050927496,26.519957323648455
2019-08-08,31.9,24.7,28.1,82,16.9,947.9,16.89,85,28.1,82.0,4.694444444444444,195.48611111111111,0.85,25.596593863989686,30.998683739255014,46.106850648710065,31.313530462573212,26.92735245264378
2019-08-09,30.6,25.8,27.5,81,32.8,948.1,17.24,80,27.5,81.0,9.11111111111111,199.537037037037,0.8,24.87367871586583,29.621062992125985,46.180030833735145,28.67685136287447,26.085787699531274
2019-08-10,30.9,24.8,27.3,82,24.0,949.4,16.98,62,27.3,82.0,6.666666666666666,196.52777777777777,0.62,24.824365938272177,30.20580357142857,48.72948868733084,29.6097872089621,26.14821687107624
2019-08-11,29.7,24.8,27.1,80,14.5,952.7,17.14,41,27.1,80.0,4.027777777777778,198.37962962962962,0.41,24.345587095856484,31.467403846153847,51.63521283478673,31.879029168330124,26.045391736330306
2019-08-12,30.9,24.8,27.9,81,17.3,953.6,18.44,62,27.9,81.0,4.805555555555555,213.42592592592592,0.62,25.25875006826294,31.654603399433427,50.97523642962972,31.942459515797708,26.80204572767074
2019-08-13,31.4,25.2,27.9,80,21.3,953.9,17.25,85,27.9,80.0,5.916666666666667,199.65277777777777,0.85,25.113617276484863,30.52901558524173,46.29312308724411,30.059373872359096,26.475335210587748
2019-08-14,29.9,25.0,27.1,88,15.0,954.1,11.4,99,27.1,88.0,4.166666666666667,131.94444444444443,0.99,25.481638424798504,28.91723484848485,38.17687130974406,29.392980477542316,26.330593867055924
2019-08-15,29.0,24.4,26.3,89,21.0,952.9,11.43,99,26.3,89.0,5.833333333333333,132.29166666666666,0.99,24.83640212282597,27.841706730769232,37.53570263523841,26.845744405155685,25.583822832132025
2019-08-16,29.2,25.0,26.2,88,21.0,950.6,14.83,97,26.2,88.0,5.833333333333333,171.6435185185185,0.97,24.59942010951942,28.2399172008547,40.8346642623776,27.356948832881645,25.487577516834534
2019-08-17,26.8,23.7,25.0,93,25.0,951.3,8.28,95,25.0,93.0,6.944444444444445,95.83333333333331,0.95,24.101007368427396,26.053052325581394,33.61515696549509,23.823817046482773,24.581315623015456
2019-08-18,30.2,24.0,26.8,87,25.0,955.9,15.23,95,26.8,87.0,6.944444444444445,176.27314814814815,0.95,25.0472009811086,28.736954941860464,41.91289963936339,27.761558818221673,25.96043167514811
2019-08-19,30.3,24.2,27.1,85,14.0,957.8,16.38,53,27.1,85.0,3.888888888888889,189.58333333333331,0.53,25.057651136297814,31.01904296875,49.005530318109095,31.851917183238662,26.45416438915847
2019-08-20,31.9,25.4,28.3,79,21.5,957.4,21.59,26,28.3,79.0,5.972222222222222,249.88425925925924,0.26,25.351066697646193,33.253401898734175,60.74865684227535,33.56199250477656,27.22642706809917
2019-08-21,32.4,25.2,28.5,77,22.0,956.0,22.5,32,28.5,77.0,6.111111111111111,260.41666666666663,0.32,25.24711893486076,33.421875,61.05908098410572,33.642766011344264,27.207358254402532
2019-08-22,32.6,24.8,28.2,75,18.7,955.9,22.39,81,28.2,75.0,5.194444444444444,259.14351851851853,0.81,24.666066553141267,31.98123580835604,52.21556766208704,31.769164983521588,26.482493748870095
2019-08-23,32.1,24.8,28.3,74,18.2,955.9,20.73,61,28.3,74.0,5.055555555555555,239.93055555555554,0.61,24.611981820324157,32.445761395027624,54.034578950105185,32.31525981813201,26.547539553232433
2019-08-24,33.2,25.5,28.8,72,21.9,955.7,21.54,87,28.8,72.0,6.083333333333333,249.30555555555554,0.87,24.781854934128173,31.977239974937344,50.799146274879206,31.434831656887052,26.62274644887719
2019-08-25,29.4,25.2,27.1,85,13.8,955.4,11.7,99,27.1,85.0,3.8333333333333335,135.41666666666666,0.99,25.057651136297814,29.03543632075472,38.40041159805179,29.51063679648088,26.057443059559414
2019-08-26,29.5,24.5,26.6,88,13.4,955.0,15.15,87,26.6,88.0,3.7222222222222223,175.34722222222223,0.87,24.99151727128336,29.439619824840765,42.63483937482874,30.28536838339826,26.041986054866502
2019-08-27,31.3,24.1,27.3,85,12.8,954.5,17.56,85,27.3,85.0,3.555555555555556,203.2407407407407,0.85,25.252232315355368,30.71484036796537,45.82138902784442,31.7617481361531,26.549530694341833
2019-08-28,31.1,25.7,27.7,85,15.5,955.1,17.88,83,27.7,85.0,4.305555555555555,206.94444444444443,0.83,25.641394504335615,30.95242537313433,46.98202781939483,31.65918348254266,26.909461227661797
2019-08-29,31.2,24.8,27.3,88,11.9,956.3,15.1,79,27.3,88.0,3.3055555555555554,174.7685185185185,0.79,25.6776867941653,30.482657469342254,44.08925036557952,31.974100453070832,26.80091224978416
2019-08-30,30.6,24.4,27.4,88,12.0,954.6,15.97,70,27.4,88.0,3.333333333333333,184.83796296296296,0.7,25.775710959262714,31.00434027777778,46.28767037820364,32.55554842230065,26.983865727039458
2019-08-31,32.1,25.5,28.3,86,7.6,952.7,18.59,62,28.3,86.0,2.111111111111111,215.16203703703704,0.62,26.369681771816087,33.5193603515625,49.861098785290665,35.78324971493726,27.992649310583758
2019-09-01,31.8,25.2,27.8,88,14.6,953.7,16.11,97,27.8,88.0,4.055555555555555,186.45833333333331,0.97,26.167807489868352,30.45102569018405,43.314879420803265,31.556073385848883,27.187670380944656
2019-09-02,31.2,25.0,27.6,89,11.3,954.6,16.95,75,27.6,89.0,3.138888888888889,196.18055555555554,0.75,26.11381771383083,31.366264931740616,46.71234592102513,33.247540009412546,27.312925386029704
2019-09-03,31.7,25.3,28.1,88,8.0,953.9,15.37,70,28.1,88.0,2.2222222222222223,177.8935185185185,0.7,26.461879752488272,32.102604166666666,45.39819051339998,34.62557877747162,27.753836660075123
2019-09-04,31.6,25.4,28.0,87,8.7,953.2,15.73,88,28.0,87.0,2.4166666666666665,182.0601851851852,0.88,26.220593068320092,31.436641697877654,43.586548681215504,33.73270635307728,27.441743487399595
2019-09-05,31.5,25.4,27.8,87,12.2,953.0,15.5,97,27.8,87.0,3.3888888888888884,179.39814814814815,0.97,26.025027853552654,30.553345750551877,42.58602310583609,32.04397956273013,27.108188647597235
2019-09-06,31.8,25.3,28.3,85,11.7,952.3,18.71,96,28.3,85.0,3.2499999999999996,216.55092592592592,0.96,26.225137369446745,31.712317620650957,45.93977698515789,33.356993353896826,27.530059682742916
2019-09-07,30.0,24.9,26.8,91,9.3,952.7,11.72,100,26.8,91.0,2.5833333333333335,135.64814814814815,1.0,25.607419515304915,29.03595848595849,37.60739176525345,31.146900748031538,26.412385357905137
2019-09-08,30.4,25.0,27.1,88,11.6,954.2,12.36,99,27.1,88.0,3.222222222222222,143.05555555555554,0.99,25.481638424798504,29.296579391891893,38.84057849941985,30.64479744269488,26.40646277573733
2019-09-09,33.2,24.5,28.7,81,11.0,953.3,19.44,78,28.7,81.0,3.0555555555555554,225.0,0.78,26.028892032542053,32.95948275862069,49.66772636445501,34.48159743292653,27.682120974503572
2019-09-10,34.5,25.6,29.7,74,11.5,953.0,20.87,78,29.7,74.0,3.194444444444444,241.55092592592592,0.78,25.9327701665608,34.195303672316385,51.99898540342059,35.30423302631181,27.961999851055836
2019-09-11,33.4,26.3,29.1,82,13.0,954.5,15.63,76,29.1,82.0,3.611111111111111,180.90277777777777,0.76,26.56187742503016,32.35625,46.7202656396658,33.78084718991628,27.97456419752111
2019-09-12,34.2,25.9,29.3,80,14.2,955.4,19.64,97,29.3,80.0,3.944444444444444,227.3148148148148,0.97,26.45766765451942,32.57206262939959,47.703069804636925,33.677199381437916,27.964779884043512
2019-09-13,31.8,24.7,28.2,86,10.9,955.9,14.36,97,28.2,86.0,3.0277777777777777,166.2037037037037,0.97,26.272143724242145,30.86558535178777,41.78003545373008,32.69444158223921,27.383617677327056
2019-09-14,31.5,25.8,28.0,85,14.6,956.3,15.47,98,28.0,85.0,4.055555555555555,179.05092592592592,0.98,25.933265999256363,30.520993098159508,42.78180185434235,31.37446646149832,27.057484819111355
2019-09-15,30.1,25.2,26.6,90,7.9,956.9,10.05,99,26.6,90.0,2.1944444444444446,116.31944444444444,0.99,25.270666774028175,28.641204150579153,35.813340982664045,30.88796851170912,26.07770757193555
2019-09-16,34.2,24.7,28.8,77,14.3,955.9,20.8,79,28.8,77.0,3.9722222222222223,240.74074074074073,0.79,25.532688401836676,32.85830753353973,51.34882606012849,33.54236753254667,27.324543387993618
2019-09-17,33.8,25.1,28.9,76,14.9,956.8,20.48,45,28.9,76.0,4.138888888888889,237.03703703703704,0.45,25.478408008223585,33.92532928064843,56.683445808743556,34.57513334839844,27.509951461886196
2019-09-18,32.4,25.0,28.2,80,15.0,959.7,19.05,25,28.2,80.0,4.166666666666667,220.48611111111111,0.25,25.40162833034388,33.46160037878788,57.35862163145646,34.23788955539917,27.29345990699829
2019-09-19,30.3,24.0,26.8,81,13.6,961.1,18.98,16,26.8,81.0,3.7777777777777777,219.67592592592592,0.16,24.199803244748658,32.556065400843885,57.31418226141233,33.23941526713825,26.131075351492836
2019-09-20,29.6,23.0,26.1,85,12.6,960.1,17.27,39,26.1,85.0,3.5,199.88425925925924,0.39,24.084744383158014,30.83255378540305,51.038571549956146,31.7123340639884,25.63583182529122
2019-09-21,29.5,23.6,26.1,87,9.5,959.3,14.46,45,26.1,87.0,2.638888888888889,167.36111111111111,0.45,24.36272136514309,30.344886363636366,46.05681665852177,31.88841125775012,25.732882228327437
2019-09-22,29.5,23.9,25.9,88,15.8,960.5,15.8,37,25.9,88.0,4.388888888888889,182.87037037037038,0.37,24.305347097339506,29.868503451676528,49.51044717526969,30.268797050015074,25.57744365847296
2019-09-23,29.5,22.8,25.5,84,13.6,961.7,18.91,25,25.5,84.0,3.7777777777777777,218.86574074074073,0.25,23.36317715884869,30.954328190928273,54.86995976383031,31.556207167916295,25.095089649379737
2019-09-24,28.8,22.4,25.2,86,17.5,961.8,16.55,42,25.2,86.0,4.861111111111111,191.55092592592592,0.42,23.34599589085975,29.036414319248827,49.32289672958012,28.77110428416523,24.66947998745159
2019-09-25,28.7,23.0,25.4,88,16.3,962.8,15.65,55,25.4,88.0,4.527777777777778,181.13425925925927,0.55,23.81522513923519,28.845775631681242,46.56060598800565,28.85385508375667,24.97981272380088
2019-09-26,28.3,23.4,25.4,87,15.3,963.2,12.25,85,25.4,87.0,4.25,141.7824074074074,0.85,23.678241071868353,27.60337525025025,38.991229506695845,27.300425675569286,24.635443800357898
2019-09-27,29.6,23.2,25.9,84,10.8,962.4,13.36,92,25.9,84.0,3.0,154.62962962962962,0.92,23.75133737539539,28.509375,39.38330687615917,29.322916140301558,24.917811162776772
2019-09-28,29.6,22.9,25.9,82,9.2,960.7,15.56,60,25.9,82.0,2.5555555555555554,180.09259259259258,0.6,23.472964696626303,30.07126225490196,45.29279878102727,31.222467248589222,25.035327738618804
2019-09-29,28.3,22.3,25.2,86,12.6,961.4,13.07,45,25.2,86.0,3.5,151.27314814814815,0.45,23.34599589085975,28.648137935729846,44.04152338384728,29.173236463799338,24.591824710747794
2019-09-30,29.3,22.9,25.8,82,13.2,960.8,15.62,36,25.8,82.0,3.6666666666666665,180.787037037037,0.36,23.376435918542736,30.076308760683762,49.09720884658077,30.49937448062518,24.958766895116668
2019-10-01,29.5,23.0,25.7,81,10.0,960.0,13.44,70,25.7,81.0,2.7777777777777777,155.55555555555554,0.7,23.140854489579414,28.95,41.70783882152085,29.75934630754761,24.558598142705588
2019-10-02,31.4,22.8,25.8,80,19.1,961.3,17.11,28,25.8,80.0,5.305555555555556,198.0324074074074,0.28,23.097535819842417,29.93145777178796,52.50519255234775,29.34992636936662,24.734566628247286
2019-10-03,30.8,22.2,26.1,75,10.9,961.5,17.7,22,26.1,75.0,3.0277777777777777,204.8611111111111,0.22,22.678860398372645,31.777984429065743,53.62708903934862,32.27737393636618,24.840799164674
2019-10-04,31.5,21.9,25.7,72,14.7,962.3,19.03,8,25.7,72.0,4.083333333333333,220.25462962962962,0.08,21.87538377493146,31.519571865443424,57.80865960130103,31.306440299155746,24.186683015540705
2019-10-05,30.2,20.9,25.3,73,8.5,962.3,18.25,7,25.3,73.0,2.361111111111111,211.22685185185185,0.07,21.641223436981466,32.22266116352201,54.972610998278185,32.728083444796134,24.12338863859143
2019-10-06,30.4,21.3,25.9,67,7.9,963.0,17.78,13,25.9,67.0,2.1944444444444446,205.78703703703704,0.13,21.34286110350049,32.58609234234234,53.70809106094384,32.80314227133997,24.04722124091881
2019-10-07,30.3,21.9,25.3,68,13.7,964.2,16.83,23,25.3,68.0,3.8055555555555554,194.79166666666663,0.23,20.932641629935954,30.194371056782334,52.11735978656861,29.67785787122093,23.221723352311635
2019-10-08,30.4,21.4,25.4,66,8.9,963.5,18.12,8,25.4,66.0,2.4722222222222223,209.72222222222223,0.08,20.737848424509306,32.1360594795539,54.90826301972072,32.231275721559605,23.483705793067294
2019-10-09,31.0,19.8,25.0,59,9.7,962.9,18.45,11,25.0,59.0,2.694444444444444,213.54166666666666,0.11,19.355865695240933,31.556577166064983,54.95417317191817,31.214364602710045,22.360421419881646
2019-10-10,31.8,19.1,25.4,52,12.3,962.5,19.83,4,25.4,52.0,3.416666666666667,229.51388888888886,0.04,18.653469037353762,32.08089933993399,58.97764311034189,31.1876429276631,22.01360819413443
2019-10-11,31.3,20.3,25.2,50,11.3,962.1,18.2,5,25.2,50.0,3.138888888888889,210.64814814814812,0.05,18.17009705505251,31.508660409556313,56.05525266569521,30.579418169214335,21.540800020448017
2019-10-12,31.8,19.3,26.1,49,9.9,963.2,16.32,16,26.1,49.0,2.75,188.88888888888889,0.16,18.783531221152668,31.705734767025092,52.213783858614875,30.832161552105507,22.099618808211886
2019-10-13,33.3,20.5,26.9,50,11.0,963.7,17.71,21,26.9,50.0,3.0555555555555554,204.97685185185185,0.21,19.631661097409264,32.593408764367815,54.45167261776203,31.715590004515338,22.95084452106005
2019-10-14,33.6,20.6,26.8,51,14.4,964.2,18.5,26,26.8,51.0,4.0,214.12037037037035,0.26,19.707802087323195,31.97457561728395,55.296482211294574,30.699422814707667,22.870376584583028
2019-10-15,32.4,21.7,26.5,52,8.8,965.0,17.03,8,26.5,52.0,2.4444444444444446,197.1064814814815,0.08,19.608337698661682,32.8544776119403,54.19443208153672,32.23523638506406,22.946731911451238
2019-10-16,32.2,20.9,26.0,56,11.2,965.1,16.92,9,26.0,56.0,3.1111111111111107,195.83333333333334,0.09,19.79485180668951,31.76434075342466,54.2440611929747,31.123056710053504,22.80926441536759
2019-10-17,31.3,20.2,25.4,60,11.1,964.8,15.82,19,25.4,60.0,3.083333333333333,183.10185185185185,0.19,19.862109369536384,30.524964203894616,50.85168685832275,30.002961287877383,22.54846939945439
2019-10-18,31.7,20.2,25.4,62,10.8,964.7,16.85,13,25.4,62.0,3.0,195.02314814814815,0.13,20.156527391306923,31.0983326099537,53.036563626597456,30.780377852799184,22.869235695905587
2019-10-19,30.0,20.6,25.2,64,9.1,966.2,14.16,55,25.2,64.0,2.5277777777777777,163.88888888888889,0.55,20.265890436882273,29.146033210332103,43.63231318218607,29.0098185894995,22.535329947884012
2019-10-20,31.9,20.9,25.5,55,9.6,966.1,17.24,36,25.5,55.0,2.6666666666666665,199.537037037037,0.36,19.20114157037531,30.83544685990338,50.259517616600874,30.25981260445213,22.157888471243393
2019-10-21,31.8,19.0,24.8,45,9.5,964.6,18.13,43,24.8,45.0,2.638888888888889,209.83796296296293,0.43,17.040669293264276,30.19092803030303,49.79722463932251,29.12119942694817,20.446654111345598
2019-10-22,31.4,18.5,24.5,43,9.7,962.2,17.44,40,24.5,43.0,2.694444444444444,201.85185185185185,0.4,16.469087364279275,29.746690734055356,49.16838763120154,28.551490885870003,19.927699301806562
2019-10-23,31.2,17.7,24.5,43,9.7,961.0,18.16,0,24.5,43.0,2.694444444444444,210.18518518518516,0.0,16.469087364279275,31.329121540312876,55.643434963728566,30.279435479972808,20.244185463058066
2019-10-24,31.8,16.9,24.5,46,10.0,961.6,17.9,7,24.5,46.0,2.7777777777777777,207.1759259259259,0.07,16.94756555507984,30.926153273809522,54.41130387415194,29.949842793006546,20.49852654331779
2019-10-25,30.9,19.5,24.6,53,13.4,962.6,16.03,7,24.6,53.0,3.7222222222222223,185.53240740740742,0.07,18.109951785244785,29.731684580679406,52.42870708354809,28.454384819778607,21.08330316580723
2019-10-26,29.3,18.0,23.2,60,11.5,964.3,17.62,0,23.2,60.0,3.194444444444444,203.9351851851852,0.0,17.885238082941513,29.42175141242938,54.33138795175671,28.88293879366128,20.724016940544935
2019-10-27,29.9,17.2,23.6,58,9.3,964.4,17.54,3,23.6,58.0,2.5833333333333335,203.00925925925924,0.03,17.960471931496855,30.19222374847375,53.445462041184555,29.835923019458043,20.970775101742547
2019-10-28,30.2,18.0,23.9,58,8.2,964.9,12.61,78,23.9,58.0,2.2777777777777777,145.94907407407405,0.78,18.22787258305619,26.958245865139947,37.92199137315106,26.390156560333388,20.541159981167322
2019-10-29,30.5,19.4,24.8,57,7.9,965.3,14.45,81,24.8,57.0,2.1944444444444446,167.24537037037035,0.81,18.882542322636116,28.257911036036035,40.17093711091536,27.810355955432303,21.349361833052487
2019-10-30,29.8,20.9,24.9,58,11.0,964.6,9.29,67,24.9,58.0,3.0555555555555554,107.52314814814814,0.67,19.119205742480897,27.119055316091952,36.65986760553159,25.80644435916569,21.29725508295502
2019-10-31,32.1,20.1,25.8,58,9.9,963.7,15.65,25,25.8,58.0,2.75,181.13425925925927,0.25,19.92140258135974,30.912660543608126,49.899007147724944,30.46826392697433,22.707513915673445
2019-11-01,32.6,21.6,26.3,48,8.6,963.5,16.36,5,26.3,48.0,2.388888888888889,189.35185185185185,0.05,18.792203846783718,32.54647556390977,53.35073287848081,31.72628171833439,22.293837805530554
2019-11-02,32.5,21.1,25.7,56,22.5,964.5,15.06,11,25.7,56.0,6.25,174.30555555555554,0.11,19.52970036869625,29.360416666666666,51.5847650894371,26.908052963661635,22.11287359142071
2019-11-03,29.2,20.3,23.8,70,10.6,966.1,12.65,34,23.8,70.0,2.944444444444444,146.41203703703704,0.34,19.820051659932705,27.62411858974359,43.15722794231942,27.384187339869115,21.77885987990161
2019-11-04,30.1,20.0,24.3,59,11.2,966.0,14.23,12,24.3,59.0,3.1111111111111107,164.69907407407408,0.12,18.72937670964839,29.07176084474886,48.455730348808004,28.345646749357762,21.354915865703642
2019-11-05,29.5,17.6,23.3,51,9.5,963.6,15.83,24,23.3,51.0,2.638888888888889,183.21759259259258,0.24,16.683994364280984,28.576666666666668,48.07720807522276,27.76421792623222,19.72412938833002
2019-11-06,29.7,17.8,23.8,48,12.5,960.7,12.05,66,23.8,48.0,3.4722222222222223,139.46759259259258,0.66,16.664407889338733,26.557342896174863,39.229688648331035,24.356686701686957,19.356554101772083
2019-11-07,26.3,19.6,22.3,65,14.2,961.0,12.43,46,22.3,65.0,3.944444444444444,143.86574074074073,0.46,17.754711403995593,25.396240942028985,40.72906371050135,23.571785665833023,19.737546171202712
2019-11-08,27.7,18.4,22.6,69,13.0,963.7,14.0,22,22.6,69.0,3.611111111111111,162.03703703703704,0.22,18.56835026780345,26.78682795698925,45.831999315306746,25.930999591396844,20.615210778860266
2019-11-09,28.9,19.2,23.6,56,13.7,965.0,13.95,24,23.6,56.0,3.8055555555555554,161.45833333333331,0.24,17.673630854535144,27.63391167192429,46.437885601009555,26.034209352033375,20.258323932559456
2019-11-10,28.3,18.0,22.9,55,12.9,964.9,15.24,14,22.9,55.0,3.5833333333333335,176.38888888888889,0.14,16.913133414329245,27.67791262135922,48.897219999722154,26.362738448385507,19.664775914302314
2019-11-11,28.6,17.3,23.2,56,13.8,963.8,13.06,44,23.2,56.0,3.8333333333333335,151.15740740740742,0.44,17.320091863312772,26.53687106918239,42.54651302530152,24.59376673935352,19.751438518155418
2019-11-12,29.3,18.4,23.4,60,11.5,964.6,13.56,32,23.4,60.0,3.194444444444444,156.94444444444443,0.32,18.064954329272727,27.42203389830508,44.48221858145331,26.452289856146876,20.469874810151925
2019-11-13,29.3,19.0,23.8,63,10.5,966.4,13.01,73,23.8,63.0,2.9166666666666665,150.5787037037037,0.73,18.848334826816327,26.81949926900585,39.298241643254585,26.004460974408957,20.9377342325726
2019-11-14,28.4,19.0,22.9,69,13.5,967.1,11.93,56,22.9,69.0,3.75,138.0787037037037,0.56,18.846895077933862,25.74047619047619,39.45081520312766,24.298195742982163,20.63092179264894
2019-11-15,28.2,17.3,22.4,61,14.0,966.5,14.49,17,22.4,61.0,3.888888888888889,167.70833333333331,0.17,17.30331454936286,26.715869140625,47.117541903721815,25.269917433796444,19.695494012679
2019-11-16,28.9,18.3,23.1,57,14.8,966.6,14.71,10,23.1,57.0,4.111111111111112,170.25462962962962,0.1,17.373585616845705,27.538039888211383,48.950171270720034,25.867013319741684,19.97911790943427
2019-11-17,28.8,17.6,22.5,59,14.8,967.2,14.82,25,22.5,59.0,4.111111111111112,171.52777777777777,0.25,17.118397143731233,26.618235518292682,46.78782450336007,24.845650429288668,19.5565251042704
2019-11-18,26.9,16.3,21.0,59,14.0,966.2,14.7,74,21.0,59.0,3.888888888888889,170.13888888888889,0.74,15.77590506079714,24.0146484375,39.04194271442185,21.6955469939575,17.946063230057998
2019-11-19,27.2,14.6,20.1,53,9.8,965.0,14.94,70,20.1,53.0,2.7222222222222223,172.91666666666666,0.7,14.18538247281278,23.73871402877698,38.445818615547296,22.538142118872454,16.687510536724343
2019-11-20,26.9,14.7,20.4,58,10.3,965.0,14.57,27,20.4,58.0,2.861111111111111,168.63425925925927,0.27,15.108176945371888,25.038931831566547,43.736294989396015,24.263324075127922,17.62351022807363
2019-11-21,27.1,14.9,20.6,62,11.3,966.7,13.95,63,20.6,62.0,3.138888888888889,161.45833333333331,0.63,15.809673510566455,23.99723762798635,38.900590669026144,22.723578625409576,17.926218982993788
2019-11-22,27.0,14.4,20.7,66,8.4,967.1,12.5,82,20.7,66.0,2.3333333333333335,144.67592592592592,0.82,16.41868064206675,23.609958964646463,34.550871887370704,23.16651322958561,18.285068242376017
2019-11-23,27.4,16.5,21.8,66,7.6,967.0,11.22,82,21.8,66.0,2.111111111111111,129.86111111111111,0.82,17.429555387694833,24.493603515625,34.01511614002783,24.268681352805512,19.279409474511382
2019-11-24,26.9,17.0,21.7,64,10.0,966.4,10.91,83,21.7,64.0,2.7777777777777777,126.27314814814814,0.83,17.072539865159833,24.074386160714283,33.9913951864591,22.97466092469238,18.935655137754743
2019-11-25,27.1,17.0,21.9,63,12.6,966.5,12.83,23,21.9,63.0,3.5,148.49537037037035,0.23,17.12120063080574,25.765247140522874,43.32209127671945,24.50814609162376,19.327889869668592
2019-11-26,27.1,17.3,21.9,60,15.4,965.8,12.24,45,21.9,60.0,4.277777777777778,141.66666666666666,0.45,16.717079051467824,24.858458083832332,40.31173422596078,22.336629594237895,18.863646952793946
2019-11-27,27.1,16.7,20.9,66,13.8,965.4,11.92,29,20.9,66.0,3.8333333333333335,137.96296296296296,0.29,16.602476322397717,24.238443396226415,40.59173879763853,22.46931303063927,18.559422104923687
2019-11-28,24.9,16.9,20.0,79,13.1,965.9,11.31,34,20.0,79.0,3.638888888888889,130.90277777777777,0.34,17.404916464884607,23.144192122186496,38.32291902071944,21.978106693057136,18.812279949856524
2019-11-29,21.7,16.0,18.3,87,9.9,966.9,7.48,69,18.3,87.0,2.75,86.57407407407408,0.69,16.735613875935865,20.12922640382318,28.106992780180235,19.47787748329067,17.57077499391974
2019-11-30,23.1,14.3,18.1,76,11.3,967.1,8.97,37,18.1,76.0,3.138888888888889,103.81944444444444,0.37,15.227897441802167,20.69902943686007,32.65615319040819,19.410616948853054,16.60933409663353
2019-12-01,23.9,13.0,17.8,73,11.4,966.8,12.22,13,17.8,73.0,3.1666666666666665,141.4351851851852,0.13,14.587243357878023,21.848221371882087,39.80634273918952,21.125675046363373,16.360714624891035
2019-12-02,24.4,12.0,17.2,55,13.7,967.7,14.3,0,17.2,55.0,3.8055555555555554,165.50925925925927,0.0,11.897011077445146,21.89900105152471,44.61356985416472,20.083347857842654,14.427707964516545
2019-12-03,24.2,10.9,16.7,48,12.7,967.3,14.5,0,16.7,48.0,3.5277777777777777,167.82407407407408,0.0,10.621269975824962,21.619923995656894,44.39978766606981,19.958305196005103,13.428873782208852
2019-12-04,23.9,10.2,16.1,52,10.9,968.5,14.35,10,16.1,52.0,3.0277777777777777,166.08796296296296,0.1,10.580254868081212,21.013675028835063,42.0759177190003,20.00487696728433,13.218913413423863
2019-12-05,23.6,10.7,16.2,55,10.2,970.2,14.03,36,16.2,55.0,2.833333333333333,162.38425925925924,0.36,11.016972890070372,20.44963061465721,38.336193697944964,19.44420001926912,13.421807145980704
2019-12-06,22.6,10.3,15.9,61,8.4,969.8,11.3,91,15.9,61.0,2.3333333333333335,130.78703703703704,0.91,11.439464762154962,18.32996369949495,28.023762502387115,17.25910956820343,13.263618073407464
2019-12-07,23.2,11.6,16.3,69,9.3,968.7,13.82,13,16.3,69.0,2.5833333333333335,159.9537037037037,0.13,12.718851363405932,21.230441086691087,40.570399984322876,21.275006808580045,14.779284171722372
2019-12-08,22.9,10.8,15.8,64,10.7,968.4,13.91,0,15.8,64.0,2.972222222222222,160.99537037037035,0.0,11.689372298343564,20.84863530778165,42.24861852211268,20.376428897629093,13.932287670396825
2019-12-09,22.7,10.8,16.0,62,9.3,967.7,12.98,27,16.0,62.0,2.5833333333333335,150.23148148148147,0.27,11.643861774996815,20.284073565323567,37.43510941320551,19.822245462014664,13.807517955562483
2019-12-10,23.4,10.0,16.3,67,10.0,965.3,13.59,4,16.3,67.0,2.7777777777777777,157.29166666666666,0.04,12.489785190558429,21.2546875,41.46149931048001,21.045970609761948,14.6237871333909
2019-12-11,23.0,10.1,16.5,70,10.4,963.4,11.25,92,16.5,70.0,2.888888888888889,130.20833333333331,0.92,13.01961439853607,18.728213028169016,28.773755959721825,17.11481199506452,14.509372684609051
2019-12-12,21.8,13.3,16.6,79,16.3,961.6,9.39,76,16.6,79.0,4.527777777777778,108.68055555555556,0.76,14.149827808062245,18.368039358600583,28.821873820764722,14.288375625192034,15.238487337363688
2019-12-13,20.1,11.1,15.2,77,13.5,963.1,12.45,20,15.2,77.0,3.75,144.0972222222222,0.2,12.58669683966793,18.90535714285714,37.5689737708509,17.201718461217524,14.111759216338978
2019-12-14,18.5,8.4,13.1,74,8.8,968.7,13.19,10,13.1,74.0,2.4444444444444446,152.662037037037,0.1,10.271721045976108,17.970374689054726,37.080985736476066,18.37679379062268,12.09427966999422
2019-12-15,19.2,9.0,13.3,71,12.3,969.0,13.37,1,13.3,71.0,3.416666666666667,154.74537037037035,0.01,10.143861354576957,17.8734151540154,39.54843267486103,16.800452064540114,12.00538597900695
2019-12-16,18.7,8.3,12.5,69,12.3,969.1,13.68,0,12.5,69.0,3.416666666666667,158.33333333333331,0.0,9.190521929073453,17.2029702970297,39.562894167010256,16.094590766717563,11.123959409757358
2019-12-17,17.6,7.1,11.1,67,12.0,970.1,13.74,19,11.1,67.0,3.333333333333333,159.02777777777777,0.19,7.694241770276218,15.417604166666667,36.17637768060314,13.993686399594651,9.579490072526685
2019-12-18,18.9,5.4,11.3,75,8.9,968.8,13.69,12,11.3,75.0,2.4722222222222223,158.44907407407405,0.12,8.673510726831227,16.283193928128874,36.21994184081365,16.757972711940752,10.458096294407634
2019-12-19,19.6,6.5,12.5,72,9.1,967.1,12.93,73,12.5,72.0,2.5277777777777777,149.65277777777777,0.73,9.499183570594882,15.655961715867159,28.977834764356032,14.963128252912265,11.03062084258985
2019-12-20,21.2,8.4,14.0,69,8.8,965.1,12.61,62,14.0,69.0,2.4444444444444446,145.94907407407405,0.62,10.583289525243163,17.381879664179102,31.10280034831908,16.897600194654956,12.284678600506036
2019-12-21,21.7,9.8,15.2,69,11.5,966.0,12.72,16,15.2,69.0,3.194444444444444,147.22222222222223,0.16,11.697497915341824,19.332203389830507,38.14268048221754,18.31696091548142,13.574689218705378
2019-12-22,21.4,9.7,14.4,60,12.7,967.4,13.78,0,14.4,60.0,3.5277777777777777,159.49074074074073,0.0,9.977569878957434,19.075624321389792,41.331579835733805,17.603763346135672,12.239423779548162
2019-12-23,21.0,6.7,13.0,59,10.1,966.3,14.17,12,13.0,59.0,2.8055555555555554,164.00462962962962,0.12,8.615785443920046,17.937648279952548,38.80186050071211,17.459399248435226,10.918579466734542
2019-12-24,19.6,9.5,13.7,70,15.5,967.4,11.78,45,13.7,70.0,4.305555555555555,136.34259259259258,0.45,10.411185872233803,16.53877487562189,32.65372724718702,12.807297452750067,11.96558508568804
2019-12-25,21.1,8.8,13.5,64,11.8,967.1,13.05,18,13.5,64.0,3.2777777777777777,151.04166666666666,0.18,9.590813775332435,17.651111577181208,37.102281833340044,16.265589937507485,11.593791958168945
2019-12-26,20.2,4.8,11.4,54,12.2,966.5,14.23,0,11.4,54.0,3.3888888888888884,164.69907407407408,0.0,6.695117039396312,16.30825055187638,39.6238377865422,14.82920252406959,9.088232037952695
2019-12-27,19.2,3.7,10.5,57,9.4,967.2,14.43,0,10.5,57.0,2.611111111111111,167.01388888888889,0.0,6.189146307613745,15.985857664233578,38.441638445304534,15.998966518482604,8.579573948176337
2019-12-28,19.2,3.7,10.4,69,10.0,967.7,14.27,0,10.4,69.0,2.7777777777777777,165.162037037037,0.0,7.240633223140064,15.708779761904761,38.30756361400563,15.76630450943858,9.250199208578998
2019-12-29,18.3,3.1,9.0,73,8.7,967.9,14.32,26,9.0,73.0,2.4166666666666665,165.74074074074073,0.26,6.310377464591278,13.860486891385769,33.541798796400144,14.258401372643322,8.089361603491048
2019-12-30,16.8,3.5,8.3,79,14.4,967.0,13.67,17,8.3,79.0,4.0,158.21759259259258,0.17,6.203464464000836,12.321363811728396,34.4206249396413,9.505371486586938,7.636697887146265
2019-12-31,15.9,2.4,7.9,77,11.8,967.7,13.13,46,7.9,77.0,3.2777777777777777,151.96759259259258,0.46,5.637561305211879,11.434011465324385,29.21828372619285,9.382290600080566,7.023095206713192
2020-01-01,18.1,6.4,11.4,73,17.3,968.9,13.53,11,11.4,73.0,4.805555555555555,156.5972222222222,0.11,8.567728962413554,15.172972733711049,37.62493345737164,11.264025499749575,10.172004820431699
2020-01-02,19.3,8.6,13.4,76,13.7,969.2,11.81,19,13.4,76.0,3.8055555555555554,136.6898148148148,0.19,10.76694456888055,16.912108964248162,35.156763795415884,14.706129806562242,12.259282991066017
2020-01-03,21.2,10.4,15.1,72,11.4,967.7,12.73,21,15.1,72.0,3.1666666666666665,147.33796296296296,0.21,11.936958292322341,19.13675949546485,37.494368843375526,18.20899957741729,13.69322270371861
2020-01-04,19.9,10.2,14.8,73,8.9,967.0,11.93,24,14.8,73.0,2.4722222222222223,138.0787037037037,0.24,11.7656111402896,18.865365551425032,35.023837238630165,18.840331971275667,13.489000908487727
2020-01-05,21.0,8.3,14.2,69,8.0,967.4,13.77,2,14.2,69.0,2.2222222222222223,159.375,0.02,10.768991267460972,19.661658653846153,39.49141362753954,20.290536060356867,12.89062561799191
2020-01-06,21.7,8.9,15.1,72,11.7,967.8,12.46,55,15.1,72.0,3.2499999999999996,144.21296296296296,0.55,11.936958292322341,18.268315095398428,33.28351810616533,16.680326394928134,13.519533823705324
2020-01-07,21.6,11.5,16.2,73,10.9,965.0,11.34,33,16.2,73.0,3.0277777777777777,131.25,0.33,13.082375990983834,19.612954152249134,34.88725668953185,18.61903809109677,14.700254024138513
2020-01-08,20.2,9.9,14.9,72,17.6,963.5,12.78,22,14.9,72.0,4.888888888888889,147.91666666666666,0.22,11.749437910172475,18.228125,37.913542980309956,14.509027187407211,13.36023153712073
2020-01-09,17.7,7.0,11.5,62,13.1,968.5,14.66,0,11.5,62.0,3.638888888888889,169.67592592592592,0.0,7.568524717386611,16.410235798499464,40.61783905449579,14.830753831067208,9.73001446187052
2020-01-10,18.8,5.7,11.0,60,11.2,969.2,14.87,8,11.0,60.0,3.1111111111111107,172.10648148148147,0.08,6.922240088428518,16.09246575342466,39.15263403912377,15.29888943198296,9.164061212584894
2020-01-11,19.4,5.3,11.8,60,10.0,968.4,13.9,13,11.8,60.0,2.7777777777777777,160.87962962962962,0.13,7.641146697646347,16.63500744047619,37.236791818879226,16.168035571937594,9.85580417644768
2020-01-12,22.0,7.4,13.8,61,11.7,965.9,14.44,0,13.8,61.0,3.2499999999999996,167.12962962962962,0.0,9.544952581407884,18.8645342312009,41.78484982040959,17.975994187066323,11.834373653225699
2020-01-13,23.4,10.8,16.2,68,21.4,961.4,10.04,41,16.2,68.0,5.944444444444444,116.20370370370368,0.41,12.511812686311448,18.31024746192893,32.71613146763826,12.290260113489115,14.0403183728038
2020-01-14,20.3,9.4,14.2,67,14.5,964.4,14.39,6,14.2,67.0,4.027777777777778,166.55092592592592,0.06,10.553135744255183,18.6738141025641,41.73001067383012,16.672289990177426,12.541957841491447
2020-01-15,19.9,8.5,13.8,73,14.6,965.0,10.54,35,13.8,73.0,4.055555555555555,121.99074074074072,0.35,10.825061288811483,16.57847009202454,31.85451114813776,13.303491202088562,12.273236920572947
2020-01-16,18.3,10.0,13.7,76,15.6,964.1,7.78,55,13.7,76.0,4.333333333333333,90.04629629629629,0.55,11.051687990457848,15.448666914682539,25.82639322871023,10.735658575041453,12.195914976257
2020-01-17,20.0,8.0,13.5,71,9.8,965.6,13.17,22,13.5,71.0,2.7222222222222223,152.43055555555554,0.22,10.33078511692151,17.891973920863308,36.350615500244714,17.635159269898637,12.159944366017717
2020-01-18,19.1,7.9,13.4,75,9.5,967.0,12.37,20,13.4,75.0,2.638888888888889,143.17129629629628,0.2,10.660790858774282,17.617045454545455,35.14388987329096,17.512543646311734,12.325962692051089
2020-01-19,19.6,8.6,13.1,64,12.9,968.1,14.73,9,13.1,64.0,3.5833333333333335,170.48611111111111,0.09,9.225844811438407,17.842162216828477,40.82266415366189,16.403997331938093,11.336523811372581
2020-01-20,19.0,6.3,12.4,65,10.8,967.0,14.6,51,12.4,65.0,3.0,168.98148148148147,0.51,8.689046521429875,16.33410011574074,34.19136280028363,15.179738661120501,10.58915258814906
2020-01-21,20.8,9.0,14.1,74,13.3,967.0,14.84,34,14.1,74.0,3.6944444444444446,171.75925925925924,0.34,11.21517733970649,18.199174653887113,38.623109563159346,16.609387844543125,12.900459068571966
2020-01-22,22.0,9.4,14.8,69,15.5,969.5,15.24,1,14.8,69.0,4.305555555555555,176.38888888888889,0.01,11.326095664892577,19.515111940298507,44.371031547951134,17.49137992882001,13.311289353484504
2020-01-23,21.2,8.9,14.4,47,15.2,969.4,15.98,46,14.4,47.0,4.222222222222222,184.9537037037037,0.46,8.55265148501613,18.26063002008032,39.04928036537228,14.867353800637865,11.078982043527354
2020-01-24,22.6,8.6,14.4,38,13.0,967.0,16.32,48,14.4,38.0,3.611111111111111,188.88888888888889,0.48,7.535946392421739,18.56774193548387,38.977587029095275,15.960328719004401,10.42871086179199
2020-01-25,22.1,8.2,14.7,44,10.6,966.0,15.79,0,14.7,44.0,2.944444444444444,182.75462962962962,0.0,8.46773266675263,20.451019813519814,44.467765777987836,19.71086051370211,11.487616829430804
2020-01-26,24.4,8.8,16.6,46,9.2,964.3,16.0,8,16.6,46.0,2.5555555555555554,185.18518518518516,0.08,10.294307364666608,22.482352941176472,44.79207273768566,22.053429994252568,13.36248574350192
2020-01-27,23.3,10.7,16.7,66,15.5,960.9,11.74,32,16.7,66.0,4.305555555555555,135.87962962962962,0.32,12.742740080048488,19.76641791044776,36.561826825951755,16.648539815080643,14.543201638123493
2020-01-28,21.9,11.8,16.3,63,19.4,960.0,10.61,32,16.3,63.0,5.388888888888888,122.80092592592591,0.32,12.030627992989594,18.782286096256684,34.572021950500925,13.615318535582306,13.807896814344051
2020-01-29,20.9,10.9,15.1,49,12.1,965.9,15.7,25,15.1,49.0,3.3611111111111107,181.71296296296293,0.25,9.373044266735745,19.854118217054264,41.71172848622973,18.293101323083068,12.041954630125874
2020-01-30,20.8,8.6,14.2,50,13.0,967.3,16.1,2,14.2,50.0,3.611111111111111,186.3425925925926,0.02,8.712541819051626,19.555846774193547,44.89028174515329,18.06118957803116,11.429948628174847
2020-01-31,20.7,8.1,13.9,56,15.9,964.8,16.5,1,13.9,56.0,4.416666666666667,190.9722222222222,0.01,9.100105678307246,18.944708702064897,45.82360745301003,16.480714452944866,11.549015715228052
2020-02-01,21.4,7.7,14.1,56,13.9,967.0,15.97,4,14.1,56.0,3.861111111111111,184.83796296296296,0.04,9.276884262753477,19.210566875653083,44.47041999861011,17.45687141588622,11.745932359058049
2020-02-02,21.1,8.2,14.2,51,12.9,969.0,17.06,0,14.2,51.0,3.5833333333333335,197.45370370370367,0.0,8.821790176061091,19.95107874865156,46.72927570760379,18.740856080664148,11.585468872973076
2020-02-03,21.0,7.7,13.7,54,9.7,967.7,17.1,9,13.7,54.0,2.694444444444444,197.91666666666669,0.09,8.710278837626781,19.841132671480146,44.25456419905879,19.8435816550778,11.435421720634775
2020-02-04,21.6,8.4,14.8,60,12.0,965.6,14.8,10,14.8,60.0,3.333333333333333,171.2962962962963,0.1,10.337016597080199,19.681944444444447,42.00158117806154,18.5797701686698,12.652300506845028
2020-02-05,22.9,9.6,16.2,53,18.8,966.4,17.13,17,16.2,53.0,5.222222222222222,198.26388888888886,0.17,10.7840056436971,20.636693274456523,46.48078861505269,17.080854691192048,13.296142605479275
2020-02-06,21.4,8.9,14.9,45,11.2,965.6,17.77,2,14.9,45.0,3.1111111111111107,205.67129629629628,0.02,8.748640111105574,21.175791952054794,47.73228091492291,20.514923507369048,11.849206468184862
2020-02-07,21.8,8.3,14.7,50,14.5,967.8,17.56,0,14.7,50.0,4.027777777777778,203.2407407407407,0.0,9.142447493531272,20.328205128205127,48.18416846918899,18.54913430041697,11.935354271112915
2020-02-08,22.4,8.3,14.8,47,9.8,970.1,18.03,0,14.8,47.0,2.7222222222222223,208.68055555555557,0.0,8.89135188576401,21.555845323741007,47.876273286126604,21.465837098926556,12.015115384783009
2020-02-09,22.0,8.3,14.5,50,9.1,970.5,18.01,17,14.5,50.0,2.5277777777777777,208.44907407407408,0.17,8.970485447582275,20.834236623616235,44.87861499315494,20.871016276856857,11.89618713803084
2020-02-10,22.1,7.6,14.5,55,9.3,968.6,18.09,21,14.5,55.0,2.5833333333333335,209.375,0.21,9.520895129371263,20.677712912087912,44.49898884297755,20.764303395630762,12.250169172977465
2020-02-11,23.3,8.6,15.4,53,10.1,968.6,18.21,0,15.4,53.0,2.8055555555555554,210.76388888888889,0.0,10.086276457223889,22.150444839857652,48.739844700615436,22.1077168065315,13.030482488028252
2020-02-12,26.9,9.8,17.5,49,9.4,968.9,17.9,41,17.5,49.0,2.611111111111111,207.1759259259259,0.41,11.426305867536449,22.910013686131386,43.759795761047485,22.317002488114827,14.33041684450179
2020-02-13,28.7,13.4,20.6,41,16.0,967.2,18.16,8,20.6,41.0,4.444444444444445,210.18518518518516,0.08,12.952162101858804,25.941176470588236,52.655119124919395,23.632290787965523,16.31474876541881
2020-02-14,26.9,14.9,20.1,36,19.5,964.9,18.69,32,20.1,36.0,5.416666666666667,216.31944444444446,0.32,11.815710337938722,24.461000000000002,49.57215455222274,20.767533800168792,15.173197236557105
2020-02-15,27.9,11.9,19.0,27,13.2,964.6,19.35,16,19.0,27.0,3.6666666666666665,223.95833333333334,0.16,9.594544288900824,24.943509615384617,51.68137646175916,23.128459633541862,13.604882925307502
2020-02-16,29.0,11.4,20.2,25,9.9,966.8,19.26,1,20.2,25.0,2.75,222.91666666666669,0.01,10.136501980642127,27.354905913978495,53.85218743716257,26.302219849503356,14.586532569245186
2020-02-17,30.1,13.3,21.1,26,12.8,967.9,19.31,16,21.1,26.0,3.555555555555556,223.49537037037035,0.16,10.962971915344296,27.108252164502165,53.18276027111119,25.3127147909014,15.205730773641442
2020-02-18,28.9,11.1,19.2,26,14.9,965.4,19.6,1,19.2,26.0,4.138888888888889,226.85185185185185,0.01,9.580017039320518,25.37464539007092,54.73972516390364,23.326751190617326,13.700941005538548
2020-02-19,28.7,12.4,20.6,34,14.2,962.9,18.16,68,20.6,34.0,3.944444444444444,210.18518518518516,0.68,11.90484049926641,24.477329192546584,43.49881252313793,21.578262747686225,15.288854187995804
2020-02-20,29.2,14.6,21.2,47,14.7,961.7,18.21,54,21.2,47.0,4.083333333333333,210.76388888888889,0.54,14.310390211090095,25.434613914373088,46.26043771935883,23.082214699329562,17.224195930637684
2020-02-21,25.1,13.9,18.9,55,18.0,965.6,17.76,20,18.9,55.0,5.0,205.55555555555557,0.2,13.393063918249087,23.525,49.08174639491011,20.756314097869453,15.97014474277436
2020-02-22,25.1,12.5,18.5,69,15.6,969.6,18.06,35,18.5,69.0,4.333333333333333,209.02777777777774,0.35,14.761546710410535,23.119140625,46.85066402665075,21.40430393522697,16.806910822287374
2020-02-23,24.7,14.3,19.3,65,11.2,968.1,15.3,21,19.3,65.0,3.1111111111111107,177.08333333333334,0.21,15.00757655707286,24.184952910958906,44.85761059660376,23.56713418289648,17.272294172142782
2020-02-24,25.6,13.9,19.6,61,10.2,965.2,16.35,13,19.6,61.0,2.833333333333333,189.23611111111111,0.13,14.777368522547572,25.246886081560287,47.43974637630828,24.892385052932045,17.353535182095357
2020-02-25,27.0,13.2,20.0,50,12.1,964.3,17.69,7,20.0,50.0,3.3611111111111107,204.74537037037038,0.07,13.699341968988136,25.907686184939095,51.09227027861078,24.83086560743405,16.771076615279515
2020-02-26,28.7,14.0,21.1,47,15.2,964.5,19.19,21,21.1,47.0,4.222222222222222,222.1064814814815,0.21,14.225719931175192,26.488758157630524,52.56840316596799,24.556708870148174,17.365755583348736
2020-02-27,29.5,15.9,22.1,50,13.4,964.5,19.44,52,22.1,50.0,3.7222222222222223,225.0,0.52,15.504856361329345,26.872292993630573,48.663247065558835,25.19669188248187,18.437858051656654
2020-02-28,28.6,17.5,22.1,58,14.0,962.8,14.29,81,22.1,58.0,3.888888888888889,165.3935185185185,0.81,16.62346363143786,24.867757161458336,38.6354227966263,22.53563722261478,18.81997597429817
2020-02-29,26.8,16.4,20.2,70,19.9,961.8,16.3,28,20.2,70.0,5.527777777777778,188.65740740740742,0.28,16.466429562461865,24.052792436235706,46.85829572309626,21.282684393114693,18.357059180970445
2020-03-01,28.2,15.1,21.0,65,17.5,963.1,16.82,33,21.0,65.0,4.861111111111111,194.67592592592592,0.33,16.564289794536233,25.121097417840375,47.51714462155013,22.880547210667217,18.71922233974344
2020-03-02,28.4,16.6,22.0,60,11.5,963.2,17.45,16,22.0,60.0,3.194444444444444,201.96759259259258,0.16,16.806937653204304,27.668785310734464,50.93441312131546,27.020497453839138,19.498613419389905
2020-03-03,27.6,16.5,22.2,58,10.5,961.9,15.66,33,22.2,58.0,2.9166666666666665,181.25,0.33,16.712597785099927,26.979276315789473,46.06517498649032,26.228691237818033,19.314673712727842
2020-03-04,28.0,16.7,20.7,66,16.6,960.6,16.06,29,20.7,66.0,4.611111111111112,185.87962962962962,0.29,16.41868064206675,24.83394147398844,46.7157020184186,22.77909374161123,18.529864744244414
2020-03-05,26.6,15.4,20.2,67,20.9,959.8,17.49,44,20.2,67.0,5.805555555555555,202.43055555555551,0.44,16.086380214540483,23.853116966580977,46.21486545203743,20.63288829631277,18.051089543494534
2020-03-06,23.1,12.2,17.2,70,24.1,958.8,16.05,43,17.2,70.0,6.694444444444445,185.76388888888889,0.43,13.671717650484666,20.317391627078383,41.91697319318263,15.291992572495532,15.353680680754943
2020-03-07,24.1,10.8,16.9,63,20.8,963.5,19.43,11,16.9,63.0,5.777777777777778,224.88425925925924,0.11,12.576052065120098,21.829486146907215,51.42685545063364,18.733709418540894,14.859133674965511
2020-03-08,25.7,12.3,18.7,53,12.1,966.1,21.49,0,18.7,53.0,3.3611111111111107,248.72685185185182,0.0,12.96438505211243,26.13701550387597,56.91237142574414,25.63268345854408,16.172472637253897
2020-03-09,26.8,12.8,19.9,45,12.9,964.1,21.54,32,19.9,45.0,3.5833333333333335,249.30555555555554,0.32,12.936623884062797,25.999514563106793,52.78404717129342,24.67499864633565,16.245539631465313
2020-03-10,24.1,13.9,18.5,51,16.4,962.0,13.79,44,18.5,51.0,4.555555555555555,159.60648148148147,0.44,12.536958928152185,21.757085755813954,39.74248557760626,18.19871094294214,14.977288400869318
2020-03-11,26.9,14.6,20.2,59,23.5,959.4,18.63,30,20.2,59.0,6.527777777777778,215.62499999999997,0.3,15.059905721099668,24.17477409638554,49.781077461320535,20.500160502169912,17.396888824046876
2020-03-12,26.5,13.3,19.9,35,21.0,961.9,21.42,5,19.9,35.0,5.833333333333333,247.91666666666669,0.05,11.50890063542263,25.478125,57.60000543723413,22.38917457451163,15.14185544479584
2020-03-13,25.4,11.7,19.0,29,15.3,963.9,22.5,0,19.0,29.0,4.25,260.41666666666663,0.0,9.907839030540625,26.038288288288285,59.20630385418559,24.347004432887516,14.043144979036095
2020-03-14,24.1,12.9,18.6,40,20.1,965.2,22.38,2,18.6,40.0,5.583333333333334,259.02777777777777,0.02,11.180503885059656,24.65757874015748,58.59684079149446,21.951009470171623,14.617868467573256
2020-03-15,24.8,12.2,18.4,46,12.0,966.3,21.03,41,18.4,46.0,3.333333333333333,243.40277777777777,0.41,11.810278225177907,24.205156249999998,49.25416113149919,23.033899887482413,14.948226007624534
2020-03-16,26.1,13.8,19.4,48,12.1,966.8,19.94,42,19.4,48.0,3.3611111111111107,230.78703703703704,0.42,12.919402601504377,24.851481173864894,48.507462658734426,23.567861388611526,15.953878055826042
2020-03-17,28.8,14.5,21.5,48,11.9,966.8,22.2,0,21.5,48.0,3.3055555555555554,256.9444444444444,0.0,14.706805843716566,29.234113712374583,60.00505336493302,28.444020470276463,18.29158683307651
2020-03-18,30.1,15.6,23.1,42,12.9,965.5,21.53,15,23.1,42.0,3.5833333333333335,249.1898148148148,0.15,15.154385830519455,29.81360908845739,58.043282448352954,28.480066763053575,18.880791899055094
2020-03-19,31.4,17.2,24.4,36,17.6,962.3,19.53,62,24.4,36.0,4.888888888888889,226.04166666666666,0.62,15.219174371232963,28.34303019662921,49.33198715572132,25.30772896986932,18.762028099188917
2020-03-20,32.8,18.0,24.6,41,20.6,961.0,18.62,50,24.6,41.0,5.722222222222222,215.50925925925927,0.5,16.224801545255428,28.368620466321246,50.30791330456498,25.12073239655959,19.49108517494305
2020-03-21,30.2,17.5,23.9,47,14.4,961.5,19.82,20,23.9,47.0,4.0,229.39814814814815,0.2,16.59646481989308,29.6349537037037,55.71051357139089,28.0709908513858,19.934516114665897
2020-03-22,31.5,19.0,25.3,39,18.2,963.2,20.31,36,25.3,39.0,5.055555555555555,235.06944444444443,0.36,16.456763851110882,30.09229972375691,55.18092044294701,27.62570649223248,20.068194640529
2020-03-23,30.9,20.9,25.3,43,15.6,963.3,17.95,73,25.3,43.0,4.333333333333333,207.75462962962962,0.73,17.1315195450695,28.83368365575397,46.53176813040653,26.30744924959229,20.288800412699445
2020-03-24,32.5,19.7,25.4,47,19.3,962.0,13.88,68,25.4,47.0,5.361111111111112,160.64814814814815,0.68,17.866488280668364,27.958310991957102,42.84529352372442,24.590726286125207,20.638203994859275
2020-03-25,32.4,19.4,26.0,45,10.6,962.6,18.49,53,26.0,45.0,2.944444444444444,214.0046296296296,0.53,18.04571888911623,30.949792395104893,50.08021292164716,29.73766997739597,21.421961701402342
2020-03-26,27.5,20.5,23.2,58,16.2,964.2,11.04,90,23.2,58.0,4.5,127.77777777777776,0.9,17.603937213598662,25.04941520467836,35.25302823933072,21.82911447621094,19.652639090454734
2020-03-27,24.7,18.8,21.0,75,18.6,965.1,9.55,66,21.0,75.0,5.166666666666667,110.5324074074074,0.66,17.85275165486602,22.821066712204008,33.92993996018208,19.23341436058739,19.161139500847014
2020-03-28,28.9,16.3,22.4,58,10.5,965.1,22.48,7,22.4,58.0,2.9166666666666665,260.18518518518516,0.07,16.890865976291668,30.32880116959064,59.51560837383647,29.979772776866515,20.12936641732229
2020-03-29,30.6,17.6,23.8,40,13.4,964.0,22.73,5,23.8,40.0,3.7222222222222223,263.0787037037037,0.05,15.408454235663289,31.151960589171974,61.99079503002639,29.818160868602064,19.396310082798696
2020-03-30,31.7,17.8,24.8,37,15.7,963.9,23.48,11,24.8,37.0,4.361111111111111,271.75925925925924,0.11,15.710084874470194,31.6584940652819,63.060712413057615,29.97759633512316,19.808758225185517
2020-03-31,32.2,18.8,25.4,37,15.1,962.3,19.52,30,25.4,37.0,4.194444444444445,225.9259259259259,0.3,16.188312180999308,30.62155085599194,55.019583645376144,28.565150507421787,19.996128697897902
2020-04-01,33.3,19.0,25.9,38,18.6,962.1,23.82,2,25.9,38.0,5.166666666666667,275.69444444444446,0.02,16.765153285193563,32.61157786885246,66.0079085703436,30.856442931430237,20.847922873405984
2020-04-02,32.7,18.8,25.8,33,18.2,962.5,24.24,0,25.8,33.0,5.055555555555555,280.55555555555554,0.0,15.773760668068949,32.77513812154696,66.8671264862823,30.99252475357871,20.176660091957658
2020-04-03,33.2,19.3,25.8,23,15.9,963.7,24.88,0,25.8,23.0,4.416666666666667,287.96296296296293,0.0,13.733995120128505,33.44503441494592,67.6673083271861,31.75682106668703,18.882803467079135
2020-04-04,34.0,17.6,25.9,26,13.4,963.4,23.94,3,25.9,26.0,3.7222222222222223,277.0833333333333,0.03,14.456461843902634,33.722750796178346,65.59958528748462,32.12765834856248,19.454073449967513
2020-04-05,33.7,20.2,26.8,32,15.4,963.6,22.87,5,26.8,32.0,4.277777777777778,264.6990740740741,0.05,16.352096877009547,33.754294535928146,64.68938926676213,32.07171377178024,20.877326721092313
2020-04-06,35.9,20.7,28.2,29,23.9,962.4,22.9,13,28.2,29.0,6.638888888888888,265.04629629629625,0.13,16.795173085345567,33.52306583134447,64.41901305087742,31.500786524363242,21.28123432601079
2020-04-07,35.5,21.6,28.8,27,18.3,960.7,20.82,54,28.8,27.0,5.083333333333333,240.9722222222222,0.54,16.796857679171712,33.16139807162534,55.69141289777906,30.74177986241682,21.270079989745266
2020-04-08,35.2,21.0,27.8,30,15.2,961.6,23.35,13,27.8,30.0,4.222222222222222,270.2546296296296,0.13,16.70714456071823,34.64997803714859,64.75238448093734,32.96590708860399,21.40499679993248
2020-04-09,34.8,20.7,27.5,26,15.5,962.6,24.34,26,27.5,26.0,4.305555555555555,281.71296296296293,0.26,15.620880248421823,34.084514925373135,63.598877705462655,32.248749371155654,20.501519158969902
2020-04-10,36.6,20.4,28.9,23,17.8,962.9,22.58,25,28.9,23.0,4.944444444444445,261.34259259259255,0.25,15.919945782603513,34.64880702979516,62.697339514404234,32.657956490446644,20.96372345378149
2020-04-11,38.1,22.9,30.7,23,23.7,964.2,23.32,19,30.7,23.0,6.583333333333333,269.9074074074074,0.19,17.1891426571264,35.97193245403677,65.87530939125872,34.42203653801764,22.296786350795834
2020-04-12,37.5,22.6,30.8,26,16.5,962.9,24.26,31,30.8,26.0,4.583333333333333,280.78703703703707,0.31,18.022390750533763,36.98952294685991,65.20303645179581,35.40827954581265,23.09357811474562
2020-04-13,39.1,23.6,32.1,24,16.8,960.9,21.9,69,32.1,24.0,4.666666666666667,253.4722222222222,0.69,18.44593008546724,36.393732040229885,57.0216187034066,34.57858383716468,23.400897467873044
2020-04-14,38.2,25.1,32.5,23,19.3,961.0,17.91,87,32.5,23.0,5.361111111111112,207.29166666666666,0.87,18.45829766784265,35.32594671581769,50.61702921412808,33.102575878233985,23.235997710653393
2020-04-15,38.9,27.2,32.8,20,25.1,961.2,22.46,44,32.8,20.0,6.972222222222222,259.9537037037037,0.44,17.80557177753247,37.03404872389791,62.20908798609628,35.74321598878931,23.150709989052313
2020-04-16,38.2,27.3,33.0,23,19.1,959.5,20.52,50,33.0,23.0,5.305555555555556,237.49999999999997,0.5,18.810833840550593,37.32109164420485,59.39514337575275,35.730483195371995,23.931802017226385
2020-04-17,36.5,27.7,31.7,22,25.2,958.9,16.79,57,31.7,22.0,7.0,194.3287037037037,0.57,17.62169204047876,34.594687982253085,52.842100774279515,32.30563807090209,22.424122024785746
2020-04-18,37.0,24.9,31.5,20,24.4,959.7,20.3,38,31.5,20.0,6.777777777777777,234.9537037037037,0.38,16.921080456591593,35.53965212264151,59.61211423940841,33.6843544949286,22.102686744142417
2020-04-19,35.9,24.8,30.1,28,22.8,960.2,21.07,55,30.1,28.0,6.333333333333333,243.86574074074073,0.55,17.986900171468292,34.00005872140523,56.77945099865394,31.711873211085567,22.400841864308852
2020-04-20,31.5,24.2,27.1,37,18.4,960.8,14.46,62,27.1,37.0,5.111111111111111,167.36111111111111,0.62,17.54327373974495,29.955254120879122,45.7232394113027,26.823796816812386,20.981342441997292
2020-04-21,33.7,21.7,28.1,37,18.8,961.0,20.59,21,28.1,37.0,5.222222222222222,238.31018518518516,0.21,18.34029958677926,33.31627321105073,60.10585053262031,31.339443502811154,22.311464352955625
2020-04-22,36.3,22.4,29.8,27,15.9,959.7,24.11,60,29.8,27.0,4.416666666666667,279.0509259259259,0.6,17.53171359403844,34.98590216322517,59.01537013176443,33.068872882968726,22.249379948471944
2020-04-23,33.7,25.0,29.2,34,21.3,959.7,16.19,56,29.2,34.0,5.916666666666667,187.38425925925927,0.56,18.612431500148084,32.28969465648855,50.30719516554103,29.530224723280444,22.406640981401367
2020-04-24,36.1,22.8,30.1,35,12.4,957.8,21.46,28,30.1,35.0,3.4444444444444446,248.37962962962962,0.28,19.523875504557587,36.42387609649123,61.235877294230136,35.082143697477825,23.961488072488557
2020-04-25,34.6,25.0,29.2,38,22.7,958.1,19.2,32,29.2,38.0,6.305555555555555,222.2222222222222,0.32,19.41331745538107,33.32776412776413,57.37840753443908,31.20682434640075,23.174875044319577
2020-04-26,33.6,22.8,28.1,44,20.6,960.1,19.63,25,28.1,44.0,5.722222222222222,227.19907407407405,0.25,19.62812798199675,32.73521427029361,58.18453384597552,30.788538701779668,23.096732441456446
2020-04-27,34.6,21.7,27.9,50,19.9,961.6,21.78,17,27.9,50.0,5.527777777777778,252.08333333333334,0.17,20.4913986602543,33.37732519788918,62.18607507566969,31.946056190586972,23.809444101755844
2020-04-28,35.9,23.2,28.4,50,26.6,962.2,21.56,16,28.4,50.0,7.388888888888889,249.537037037037,0.16,20.921265845291785,33.03266068759342,62.091541282694095,31.61135523373009,24.091418229222935
2020-04-29,37.4,22.3,29.5,46,14.4,960.7,22.76,12,29.5,46.0,4.0,263.4259259259259,0.12,21.158294966522,36.378343621399175,65.33386664304999,35.41282159347857,25.036475200845235
2020-04-30,38.3,23.7,31.6,31,27.8,960.4,20.39,32,31.6,31.0,7.722222222222222,235.99537037037035,0.32,19.809074790489856,35.49546943231441,60.497510392953416,34.12062238517393,24.12544623980578
2020-05-01,40.7,25.0,33.1,23,22.7,959.2,23.58,12,33.1,23.0,6.305555555555555,272.91666666666663,0.12,18.881340731194612,38.77291154791155,69.24854952218067,37.877479950254596,24.28152082141854
2020-05-02,40.6,26.4,33.8,20,19.1,957.4,23.73,4,33.8,20.0,5.305555555555556,274.65277777777777,0.04,18.485934006164022,40.32948113207547,71.41828719035539,39.38753739408186,24.38605003072991
2020-05-03,37.3,25.2,29.7,49,18.8,958.2,19.06,23,29.7,49.0,5.222222222222222,220.60185185185182,0.23,21.86318827127212,34.47471127717391,58.99770806732079,33.215897424649484,25.169174045325263
2020-05-04,36.3,23.3,28.7,54,15.7,959.8,21.69,23,28.7,54.0,4.361111111111111,251.04166666666666,0.23,21.85192996686181,34.633373516320475,61.62251726288514,33.79614223723922,25.093025680067363
2020-05-05,36.3,22.9,30.2,40,18.3,959.7,20.75,16,30.2,40.0,5.083333333333333,240.16203703703704,0.16,20.61180270812606,35.67807621671258,62.72410676764321,34.27238156427422,24.583877139030758
2020-05-06,35.9,23.8,29.8,33,19.5,958.9,20.35,25,29.8,33.0,5.416666666666667,235.53240740740742,0.25,18.869581551291713,34.746180555555554,60.49535005782241,32.86788025614522,23.13794319701531
2020-05-07,38.2,22.5,30.1,36,14.3,958.6,23.35,21,30.1,36.0,3.9722222222222223,270.2546296296296,0.21,19.73048862054749,36.83963170794634,65.06986978353962,35.528678326012944,24.189268375972514
2020-05-08,39.5,25.1,32.2,31,13.8,957.7,23.24,32,32.2,31.0,3.8333333333333335,268.98148148148147,0.32,20.265998892760894,38.59465408805032,64.65898672347703,37.36551129225949,25.125130042542693
2020-05-09,40.5,25.4,33.0,25,16.2,958.2,22.19,16,33.0,25.0,4.5,256.8287037037037,0.16,19.35819815372974,39.21795808966861,66.76756664490125,37.977146218376625,24.69433032554454
2020-05-10,39.4,25.6,32.2,29,32.9,959.0,21.22,29,32.2,29.0,9.138888888888888,245.60185185185182,0.29,19.789352133457438,35.912978880157176,62.03534870793169,35.15040766479998,24.25514226945164
2020-05-11,37.3,24.1,30.9,40,20.5,960.4,19.78,37,30.9,40.0,5.694444444444445,228.9351851851852,0.37,21.180903302673986,35.261661255411255,58.79571230059918,33.73045069814129,24.96896456295404
2020-05-12,37.1,24.5,31.2,39,13.3,959.8,22.35,33,31.2,39.0,3.6944444444444446,258.68055555555554,0.33,21.222778487602778,37.410812699680505,62.55382252611287,36.342226756526564,25.458107481258047
2020-05-13,35.9,26.3,31.2,39,21.9,958.7,21.08,28,31.2,39.0,6.083333333333333,243.98148148148144,0.28,21.222778487602778,35.9328738512949,62.01628565273279,34.59559824373136,25.162519711580924
2020-05-14,38.9,26.2,32.0,39,42.0,958.1,21.51,15,32.0,39.0,11.666666666666666,248.95833333333334,0.15,21.869001042804673,35.454296875,63.4588190217699,35.25451342845268,25.599160104963268
2020-05-15,38.2,25.7,31.8,36,22.1,958.0,21.12,14,31.8,36.0,6.138888888888889,244.44444444444446,0.14,21.075921856946213,36.90224438902743,64.69466439081538,35.73603788928627,25.313594177667834
2020-05-16,37.6,27.2,32.3,28,12.9,957.7,19.0,16,32.3,28.0,3.5833333333333335,219.9074074074074,0.16,19.618806281583602,38.19266450916936,61.63423428835114,36.834315276127676,24.601697298942394
2020-05-17,39.1,26.7,32.9,23,16.1,956.2,19.09,21,32.9,23.0,4.472222222222222,220.94907407407405,0.21,18.740326836093974,38.1191929374389,61.82088201870454,36.64144238812289,24.032067372753563
2020-05-18,38.8,25.8,33.1,18,18.7,955.5,21.14,15,33.1,18.0,5.194444444444444,244.67592592592592,0.15,17.391455405629188,38.65021003633061,65.6615763003523,37.27217031547855,23.214060791206556
2020-05-19,40.0,24.9,33.4,14,17.6,954.6,23.49,7,33.4,14.0,4.888888888888889,271.87499999999994,0.07,16.234147617756665,40.032680828651685,70.2987408219513,38.729819210121434,22.710439498160003
2020-05-20,39.2,25.4,32.7,15,22.1,954.6,24.85,0,32.7,15.0,6.138888888888889,287.61574074074076,0.0,16.144851213518507,39.155216126350794,72.67701362134619,38.21945734158565,22.402439074733113
2020-05-21,41.2,25.3,33.7,17,19.6,954.5,24.62,0,33.7,17.0,5.444444444444445,284.9537037037037,0.0,17.4616546978534,40.52070035460993,73.20128636092954,39.603327478746145,23.697298359419367
2020-05-22,42.2,27.3,35.2,16,21.5,954.6,24.13,1,35.2,16.0,5.972222222222222,279.2824074074074,0.01,18.090226712394266,41.53157964135021,73.42505067582664,41.07227424303135,24.48947462694603
2020-05-23,42.1,31.4,36.5,22,23.2,956.1,21.02,23,36.5,22.0,6.444444444444444,243.287037037037,0.23,20.967632892153393,41.20335254854369,66.81902664319011,41.11639851101857,26.568013534216114
2020-05-24,42.5,30.3,36.5,19,22.9,956.5,22.24,9,36.5,19.0,6.361111111111111,257.4074074074074,0.09,19.98797546822821,41.90933170334148,70.54460115617184,41.88964416093004,26.023449168428044
2020-05-25,42.5,31.0,37.2,19,21.7,956.4,20.39,20,37.2,19.0,6.027777777777778,235.99537037037035,0.2,20.458065627546603,42.01501889168766,67.08558753462336,41.909451435330155,26.443649717620154
2020-05-26,43.0,32.5,37.6,21,26.1,955.1,21.03,16,37.6,21.0,7.25,243.40277777777777,0.16,21.40692241231876,42.17001133786848,68.55202741354321,42.877234940766044,27.17884795619683
2020-05-27,43.2,32.8,37.5,24,26.6,953.1,21.72,14,37.5,24.0,7.388888888888889,251.38888888888886,0.14,22.295087035504935,42.217769058295964,69.62128337581561,43.079950030980726,27.800114736512647
2020-05-28,41.3,30.9,36.2,26,19.7,952.4,22.51,8,36.2,26.0,5.472222222222222,260.5324074074074,0.08,21.951886806261214,42.17082228116711,70.95975444834164,41.937345571598165,27.420485220616275
2020-05-29,40.3,27.4,33.4,40,35.1,954.3,22.12,20,33.4,40.0,9.75,256.01851851851853,0.2,23.213383536321953,37.305367231638414,65.25824470317372,37.82503485344129,27.050441921753052
2020-05-30,34.5,24.9,28.5,64,20.9,957.2,17.69,56,28.5,64.0,5.805555555555555,204.74537037037038,0.56,23.276732106306106,31.910668380462724,51.496305692633314,30.773920573477774,25.525846150506823
2020-05-31,34.4,24.0,28.6,61,14.4,958.7,21.42,17,28.6,61.0,4.0,247.91666666666669,0.17,22.896388131970834,34.90121527777778,62.02912533895994,34.564897464633795,25.86771474793514
2020-06-01,35.0,23.1,28.5,59,12.2,959.7,20.88,20,28.5,59.0,3.3888888888888884,241.66666666666663,0.2,22.48828662026204,34.9817880794702,60.42983382055638,34.682739341174354,25.58815825007747
2020-06-02,36.0,23.9,29.7,49,23.8,958.1,22.03,13,29.7,49.0,6.611111111111111,254.97685185185185,0.13,21.86318827127212,34.833086622807016,64.3820514776105,33.76980375229544,25.240849114451883
2020-06-03,37.4,24.9,30.0,45,23.5,956.1,19.2,38,30.0,45.0,6.527777777777778,222.2222222222222,0.38,21.395828268927072,33.903614457831324,57.09611261784107,32.269630226312046,24.757802679815214
2020-06-04,32.7,26.6,29.5,49,13.0,955.4,12.55,85,29.5,49.0,3.611111111111111,145.25462962962962,0.85,21.692097678073697,31.924815188172044,42.847507483108984,30.60424165526854,24.519431412285996
2020-06-05,35.1,24.6,29.4,54,15.9,955.3,20.48,23,29.4,54.0,4.416666666666667,237.03703703703704,0.23,22.46518349121191,34.969321533923306,60.58395005124663,34.1952897781889,25.659492750633
2020-06-06,35.2,24.7,30.4,50,14.5,954.6,19.68,29,30.4,50.0,4.027777777777778,227.77777777777777,0.29,22.64072440607267,35.793076923076924,59.31711870719806,35.03925251247784,26.047122468866252
2020-06-07,35.7,27.1,30.8,50,20.2,955.2,20.51,21,30.8,50.0,5.611111111111111,237.38425925925927,0.21,22.98461423392234,35.80557646160558,62.091974222011345,34.92936439226043,26.330345256066757
2020-06-08,36.5,26.4,31.2,51,15.3,955.1,18.64,24,31.2,51.0,4.25,215.74074074074073,0.24,23.5090872375457,36.33113113113113,59.381776626509634,35.72994048728511,26.842587292508217
2020-06-09,39.7,28.8,33.8,40,20.2,955.0,21.14,19,33.8,40.0,5.611111111111111,244.67592592592592,0.19,23.53857735448472,39.01697753054101,65.5766702726433,38.490378263336176,27.660399654247502
2020-06-10,40.2,30.1,34.7,37,20.9,954.6,19.9,36,34.7,37.0,5.805555555555555,230.32407407407405,0.36,23.600502603983387,39.06964438731791,62.141712630960455,38.54518869864771,27.80428070025195
2020-06-11,38.5,29.2,33.7,45,23.4,953.2,19.45,32,33.7,45.0,6.499999999999999,225.11574074074073,0.32,24.494611486926072,37.810809178743966,61.26844963209288,37.50806491937804,28.078389876597043
2020-06-12,39.3,30.2,34.8,39,14.5,951.8,18.23,61,34.8,39.0,4.027777777777778,210.99537037037035,0.61,24.130752593021384,38.860849358974356,56.55858829075794,38.32647095592782,28.14369668690984
2020-06-13,38.9,30.2,34.1,43,20.9,952.1,18.5,35,34.1,43.0,5.805555555555555,214.12037037037035,0.35,24.41803595850851,38.187001928020564,60.067598823308344,37.725584660209975,28.14002555656007
2020-06-14,37.3,30.5,33.5,50,15.5,953.7,18.08,46,33.5,50.0,4.305555555555555,209.25925925925924,0.46,25.305855146347362,37.82885572139303,57.472219632384395,37.66743266419136,28.62986974672176
2020-06-15,41.0,28.1,34.8,40,18.6,952.2,21.69,12,34.8,40.0,5.166666666666667,251.04166666666666,0.12,24.351558445946853,40.60276639344262,68.17890620540828,40.371180427946854,28.646644190851323
2020-06-16,43.3,28.9,35.4,33,25.0,949.5,19.95,16,35.4,33.0,6.944444444444445,230.90277777777777,0.16,23.20351804846821,39.846220930232555,65.48637610312852,39.823829369498675,27.75170681997426
2020-06-17,42.5,28.3,35.6,34,18.6,948.8,18.89,25,35.6,34.0,5.166666666666667,218.63425925925927,0.25,23.60372762146732,40.30422074225866,63.2190131073022,39.86109139821186,28.143453483478858
2020-06-18,41.7,29.9,36.1,32,23.2,950.5,21.01,25,36.1,32.0,6.444444444444444,243.1712962962963,0.25,23.492740675742382,40.74799504449838,66.18897425029036,40.77663417156389,28.20451748191934
2020-06-19,41.7,32.2,36.6,36,24.3,952.4,21.42,30,36.6,36.0,6.75,247.91666666666669,0.3,24.874696319110612,41.08359929078014,66.26912045994567,41.56565066735673,29.289007281533458
2020-06-20,39.7,28.4,35.0,41,22.4,953.9,22.23,17,35.0,41.0,6.222222222222221,257.2916666666667,0.17,24.733176676148084,40.24454672029703,68.15619671984524,40.33799573519377,28.862133017363064
2020-06-21,38.9,29.7,33.3,46,25.3,953.3,19.31,22,33.3,46.0,7.027777777777778,223.49537037037035,0.22,24.358370123406605,37.43440627405696,62.10219719088275,37.22495335427945,27.86774034119602
2020-06-22,36.3,27.0,31.4,58,21.1,952.8,17.48,38,31.4,58.0,5.861111111111112,202.3148148148148,0.38,24.912790985814272,35.17205882352941,56.1531203627315,34.74839054477295,27.613365454775874
2020-06-23,37.8,28.2,32.2,57,20.9,954.1,18.79,50,32.2,57.0,5.805555555555555,217.47685185185182,0.5,25.450826915270046,35.97369858611825,56.711871725024935,35.77482075988418,28.230318557912682
2020-06-24,35.4,27.7,31.1,63,10.0,955.1,16.3,82,31.1,63.0,2.7777777777777777,188.65740740740742,0.82,25.484069387599984,34.677752976190476,47.93611136195938,35.38989454062875,27.884399166558083
2020-06-25,38.3,27.4,32.4,58,19.9,953.9,20.74,55,32.4,58.0,5.527777777777778,240.04629629629628,0.55,25.804100601010905,36.532723175021985,58.35662079412515,36.55076986038442,28.609415055712027
2020-06-26,38.0,28.9,32.2,60,21.3,953.7,19.66,46,32.2,60.0,5.916666666666667,227.54629629629628,0.46,25.97234540577325,36.21245759117897,58.31970399824081,36.32958328613626,28.64313330227707
2020-06-27,38.6,29.8,34.1,48,26.5,953.2,21.7,25,34.1,48.0,7.361111111111111,251.1574074074074,0.25,25.430743865729298,38.54463951310861,65.27017641078771,39.024048527564986,28.92044860863223
2020-06-28,39.1,30.2,34.8,43,24.8,952.8,22.27,14,34.8,43.0,6.888888888888889,257.7546296296296,0.14,24.997628992767872,39.84066880841121,68.37804442963835,40.20713823373158,28.946474056619753
2020-06-29,40.1,30.2,35.4,41,18.7,953.3,21.49,23,35.4,41.0,5.194444444444444,248.72685185185182,0.23,25.06041053626904,40.798118188010896,66.69201610142494,40.754148443565455,29.241911012990506
2020-06-30,41.1,29.3,34.8,44,11.7,953.4,21.5,22,34.8,44.0,3.2499999999999996,248.84259259259258,0.22,25.20792200617773,41.51120931537598,65.82985856462278,41.39746645020487,29.427787267399605
2020-07-01,40.8,29.4,34.8,47,15.7,952.8,20.69,21,34.8,47.0,4.361111111111111,239.46759259259258,0.21,25.825058040784565,40.52377287339268,65.42371538306173,40.63051985236226,29.662295203227732
2020-07-02,40.8,30.2,35.2,45,22.2,951.4,21.14,19,35.2,45.0,6.166666666666666,244.67592592592592,0.19,25.750858481880705,40.15742640961858,66.60241833966535,40.49803888671769,29.57708621924021
2020-07-03,42.1,32.0,36.1,43,24.4,950.8,19.99,35,36.1,43.0,6.777777777777777,231.3657407407407,0.35,26.07401057841674,40.151628832547175,63.376798830370944,40.76406021572269,29.892133171401152
2020-07-04,39.8,29.1,34.5,47,18.7,950.3,18.8,47,34.5,47.0,5.194444444444444,217.59259259259258,0.47,25.571066787750386,38.58208446866485,59.08440556556553,38.45053737491713,29.066163645158237
2020-07-05,37.8,28.5,32.4,56,19.9,950.1,20.02,62,32.4,56.0,5.527777777777778,231.71296296296293,0.62,25.451343433101425,36.196668865435356,56.459949783582886,35.98328739949105,28.29527417625807
2020-07-06,36.8,27.5,31.4,62,14.1,950.3,18.51,69,31.4,62.0,3.9166666666666665,214.23611111111111,0.69,25.58999866436788,35.33433605919003,52.78422687591586,35.57741385924897,28.11986627689552
2020-07-07,36.6,26.1,30.1,72,19.2,952.3,20.11,68,30.1,72.0,5.333333333333333,232.75462962962962,0.68,26.00069199071307,33.81656586021506,53.706646963209835,34.06311256466397,27.97379756554216
2020-07-08,32.9,26.2,29.3,78,10.6,953.9,13.28,95,29.3,78.0,2.944444444444444,153.7037037037037,0.95,26.158755434213937,31.839335664335664,42.00541733039552,33.31024281831474,27.608995936816886
2020-07-09,33.6,27.8,30.4,68,18.7,952.4,15.54,93,30.4,68.0,5.194444444444444,179.8611111111111,0.93,25.651913639077566,32.75975817438692,45.74353123807481,32.4819940984462,27.54829118223168
2020-07-10,36.0,28.8,31.9,56,24.1,951.3,20.02,95,31.9,56.0,6.694444444444445,231.71296296296293,0.95,25.009434653386965,34.50057897862233,50.63852123149036,33.86758987889156,27.596720053095343
2020-07-11,36.4,27.9,32.1,57,22.1,951.2,21.51,49,32.1,57.0,6.138888888888889,248.95833333333334,0.49,25.362067435230664,36.318633104738154,59.8923027561836,36.221030016469896,28.227173825609093
2020-07-12,32.7,27.8,29.5,73,18.9,952.4,13.76,62,29.5,73.0,5.249999999999999,159.25925925925924,0.62,25.591398580638945,32.18021680216802,46.97349665968056,32.027001257321814,27.300022366880864
2020-07-13,32.3,26.9,28.7,78,19.8,952.7,15.15,75,28.7,78.0,5.5,175.34722222222223,0.75,25.585967356170336,31.309333664021164,46.233835573311126,31.148405704628583,27.04204388212347
2020-07-14,36.3,26.6,31.4,64,12.8,953.1,20.11,76,31.4,64.0,3.555555555555556,232.75462962962962,0.76,25.922600433676596,35.61678841991342,53.206046558942774,36.18716075226006,28.409177987556298
2020-07-15,36.3,28.1,32.3,61,13.0,952.5,20.75,38,32.3,61.0,3.611111111111111,240.16203703703704,0.38,26.234137583157388,37.9476814516129,60.65007337994177,38.52664067062562,29.18343259853275
2020-07-16,35.5,27.5,31.0,70,16.9,951.4,21.29,46,31.0,70.0,4.694444444444444,246.412037037037,0.46,26.527204878465724,35.89293815663801,59.28290871185715,36.596030449545246,28.84763104625361
2020-07-17,35.4,26.2,31.3,68,15.8,952.1,20.06,44,31.3,68.0,4.388888888888889,232.1759259259259,0.44,26.484720424479068,36.122115384615384,58.33827541687015,36.80654835432436,28.89372737405842
2020-07-18,37.1,28.3,32.8,59,13.0,953.6,21.21,64,32.8,59.0,3.611111111111111,245.48611111111111,0.64,26.336639775171964,37.64637096774193,57.45376848604303,38.199647775876485,29.24492203616876
2020-07-19,35.9,27.2,31.3,68,20.9,953.5,19.59,96,31.3,68.0,5.805555555555555,226.7361111111111,0.96,26.484720424479068,34.02782776349614,49.67565038031108,34.18863755255609,28.474869849834572
2020-07-20,35.9,28.3,31.2,62,21.7,951.7,19.76,83,31.2,62.0,6.027777777777778,228.70370370370372,0.83,25.408884479597354,34.233060453400505,51.827385859021035,33.866467171923034,27.752831226398246
2020-07-21,34.9,26.3,30.6,60,18.2,953.9,20.19,80,30.6,60.0,5.055555555555555,233.68055555555557,0.8,24.534654468980822,34.08584254143646,52.25622866311721,33.51793131806074,27.051426636573865
2020-07-22,31.2,24.9,27.7,77,21.8,955.5,15.93,78,27.7,77.0,6.055555555555555,184.375,0.78,24.485599603389048,30.243263190954774,45.76778905908748,29.366660873346188,25.958572360563288
2020-07-23,33.8,25.5,29.2,73,13.4,954.4,19.03,34,29.2,73.0,3.7222222222222223,220.25462962962962,0.34,25.30924434921925,34.43981555201698,56.65601751510684,35.098917889194084,27.52443415485687
2020-07-24,32.7,24.5,28.4,77,14.0,956.4,18.57,44,28.4,77.0,3.888888888888889,214.93055555555554,0.44,25.151929078541375,33.1150390625,54.02785356214099,33.771444007402515,27.069358167478963
2020-07-25,33.2,25.2,28.5,77,11.5,957.3,19.93,72,28.5,77.0,3.194444444444444,230.67129629629628,0.72,25.24711893486076,33.003954802259884,51.02584021680212,34.01938577543123,27.12377421485451
2020-07-26,35.0,25.2,29.5,74,10.5,957.9,20.35,35,29.5,74.0,2.9166666666666665,235.53240740740742,0.35,25.744086335640414,35.63623903508772,57.859788651342456,36.72885039806867,28.098108241965832
2020-07-27,35.0,26.4,31.0,66,17.4,956.7,20.55,47,31.0,66.0,4.833333333333333,237.84722222222223,0.47,25.884015867420132,35.62592690677966,58.26708060923602,35.91634308695148,28.343996488550026
2020-07-28,35.7,27.7,31.8,59,21.2,954.8,20.93,83,31.8,59.0,5.888888888888888,242.24537037037035,0.83,25.441678448646186,35.05362723214286,53.45000825478519,34.74112419303878,27.9999003604809
2020-07-29,36.7,26.3,30.3,70,20.1,954.3,17.54,98,30.3,70.0,5.583333333333334,203.00925925925924,0.98,25.875125325136963,32.745702099737535,46.731612537274145,32.5506359382471,27.69172814754338
2020-07-30,32.3,25.5,27.9,86,11.9,955.3,13.7,89,27.9,86.0,3.3055555555555554,158.5648148148148,0.89,25.979529500819392,30.548933946488294,41.98744061885532,32.02729887142775,27.08545743987123
2020-07-31,32.1,25.2,28.6,81,12.6,954.8,12.73,96,28.6,81.0,3.5,147.33796296296296,0.96,25.93262434046119,30.853404139433554,40.95959682910467,31.91197305664766,27.18351786620954
2020-08-01,32.8,25.6,28.5,82,10.9,954.4,15.16,96,28.5,82.0,3.0277777777777777,175.46296296296296,0.96,25.982707465937832,31.341407151095733,42.88658940858829,32.869017371846326,27.30617665637563
2020-08-02,35.1,26.0,30.5,71,13.9,953.3,21.99,40,30.5,71.0,3.861111111111111,254.51388888888886,0.4,26.218900602718033,36.24451410658307,60.48786558835286,37.09097797255802,28.652133243219236
2020-08-03,35.6,26.4,30.2,72,20.3,950.1,19.06,64,30.2,72.0,5.638888888888889,220.60185185185182,0.64,26.09444855429526,33.725021758050474,53.27980652509922,33.939420409733614,28.031118339616775
2020-08-04,34.6,27.6,30.6,70,15.5,947.6,18.79,53,30.6,70.0,4.305555555555555,217.47685185185182,0.53,26.15458810857605,34.89435634328358,54.891448535275,35.482729017003614,28.347082944659952
2020-08-05,34.3,27.0,29.5,77,16.5,947.4,18.52,72,29.5,77.0,4.583333333333333,214.35185185185185,0.72,26.199016569361117,33.07874396135266,50.86918372364852,33.71058993356969,27.905060390823312
2020-08-06,32.3,26.1,28.7,78,27.9,948.7,18.89,59,28.7,78.0,7.749999999999999,218.63425925925927,0.59,25.585967356170336,31.72229711328976,52.29991537672748,31.650430314749116,27.124636571977188
2020-08-07,32.4,25.2,28.6,79,22.3,952.0,19.44,65,28.6,79.0,6.194444444444445,225.0,0.65,25.638274690223927,31.991749379652607,52.167806732310964,32.003475885654865,27.205142159087266
2020-08-08,31.5,26.1,28.0,84,13.3,952.3,16.17,80,28.0,84.0,3.6944444444444446,187.1527777777778,0.8,25.78917461770667,31.228833865814696,45.81000548014566,32.332648750572595,27.09818900555761
2020-08-09,33.1,24.4,28.0,79,15.0,951.5,18.9,80,28.0,79.0,4.166666666666667,218.74999999999997,0.8,25.063858559388002,31.579545454545453,48.68401409339731,31.9939420037186,26.66061008248069
2020-08-10,31.4,25.2,27.6,87,11.6,951.9,12.72,99,27.6,87.0,3.222222222222222,147.22222222222223,0.99,25.829462585916385,29.860557432432433,39.618375052639806,31.333989018683816,26.812735296627956
2020-08-11,30.8,25.2,27.3,88,17.2,952.6,12.88,100,27.3,88.0,4.777777777777778,149.07407407407408,1.0,25.6776867941653,29.205776515151516,39.656366089909284,29.39033995975116,26.545536058946016
2020-08-12,32.6,25.8,28.8,80,19.1,952.2,17.23,93,28.8,80.0,5.305555555555556,199.4212962962963,0.93,25.97765001300987,31.388176662174303,45.89404383145228,31.519721462843407,27.34199034154177
2020-08-13,29.9,26.1,27.9,84,17.2,950.5,8.46,99,27.9,84.0,4.777777777777778,97.91666666666667,0.99,25.692134894207598,29.164293323863635,36.21733957867764,29.04376605170936,26.607353090718043
2020-08-14,28.3,24.8,26.4,93,10.7,949.2,7.37,100,26.4,93.0,2.972222222222222,85.30092592592592,1.0,25.48964671161499,27.737470963995353,33.46641660167859,29.401025696025012,26.030246890929565
2020-08-15,31.4,25.0,27.5,87,13.0,949.1,16.25,91,27.5,87.0,3.611111111111111,188.0787037037037,0.91,25.73167993218587,30.475890456989248,43.90422349693989,31.698481465162068,26.857354043927955
2020-08-16,31.1,26.0,27.9,88,12.2,950.6,14.8,88,27.9,88.0,3.3888888888888884,171.2962962962963,0.88,26.265831590241703,30.758719646799115,43.202023469690005,32.41912524325682,27.327826042529015
2020-08-17,31.5,25.8,28.4,87,9.7,951.2,18.31,73,28.4,87.0,2.694444444444444,211.92129629629628,0.73,26.61172334034788,32.772311221419976,48.76074399465716,35.025591290591244,28.022668582527512
2020-08-18,32.9,25.8,28.6,86,10.1,952.2,19.38,79,28.6,86.0,2.8055555555555554,224.30555555555554,0.79,26.66229583432988,32.94641903914591,49.18356760520754,35.106826276136346,28.112890891860097
2020-08-19,28.9,25.0,26.6,92,16.2,952.0,7.44,100,26.6,92.0,4.5,86.11111111111111,1.0,25.549072627737388,27.733040935672516,33.9430977501907,27.86765947180034,26.090959026550674
2020-08-20,29.7,24.3,26.4,89,15.0,952.9,11.86,94,26.4,89.0,4.166666666666667,137.2685185185185,0.94,24.934664937931768,28.384154040404038,38.50405712678594,28.668878037987582,25.771096264633044
2020-08-21,30.7,24.9,27.5,84,17.8,954.1,19.24,50,27.5,84.0,4.944444444444445,222.68518518518516,0.5,25.303975857112007,31.698673184357542,53.41356228123027,32.13410946991414,26.80251773684991
2020-08-22,30.2,24.9,27.1,83,20.9,953.0,18.49,51,27.1,83.0,5.805555555555555,214.0046296296296,0.51,24.77370714071506,30.788691623821766,52.02699346442006,30.603819214024664,26.209333323264893
2020-08-23,30.7,25.1,27.1,84,26.8,951.5,17.81,66,27.1,84.0,7.444444444444445,206.13425925925924,0.66,24.915816589202976,29.874530319940476,48.79539559953815,29.246393174510036,26.125977676430175
2020-08-24,29.7,24.9,26.6,87,20.7,951.8,13.45,65,26.6,87.0,5.75,155.67129629629628,0.65,24.85163544493022,29.043677325581395,43.73276029732267,28.50248806592193,25.864880276567433
2020-08-25,29.8,24.2,26.3,87,15.8,955.3,14.41,52,26.3,87.0,4.388888888888889,166.7824074074074,0.52,24.558287038268908,29.586304240631165,46.14420286759321,29.872741786196094,25.738061774914467
2020-08-26,30.7,24.3,27.0,79,19.3,957.3,18.39,51,27.0,79.0,5.361111111111112,212.84722222222223,0.51,24.106497030511296,30.82611427613941,51.842878678031525,30.451730997069504,25.739770776585786
2020-08-27,30.9,24.6,27.5,80,17.2,956.7,19.34,71,27.5,80.0,4.777777777777778,223.84259259259258,0.71,24.729602314943865,31.19149502840909,50.23128673429193,31.242994214690857,26.29902062614252
2020-08-28,31.0,24.9,27.4,81,14.8,954.6,15.01,67,27.4,81.0,4.111111111111112,173.72685185185185,0.67,24.77741083873557,30.56998539126016,45.87609704212804,30.894957878119843,26.19818466536693
2020-08-29,31.3,25.1,27.6,81,14.5,953.6,18.73,49,27.6,81.0,4.027777777777778,216.7824074074074,0.49,24.969946577340572,32.13241987179487,52.87251648783291,32.7928490013227,26.665446578497377
2020-08-30,29.9,24.5,26.1,88,16.6,951.7,12.55,60,26.1,88.0,4.611111111111112,145.25462962962962,0.6,24.501395785599847,28.744809730250484,42.75785289566784,28.704205075416503,25.50993899596999
2020-08-31,29.9,23.4,26.3,83,20.2,954.9,17.77,62,26.3,83.0,5.611111111111111,205.67129629629628,0.62,23.99941975787069,29.643504581151834,48.89818943428406,29.06197156014968,25.358294746739848
2020-09-01,29.9,23.4,26.3,81,19.5,957.8,16.69,55,26.3,81.0,5.416666666666667,193.1712962962963,0.55,23.71846314452158,29.661180555555557,48.63520646762038,29.005844983304865,25.165160312276218
2020-09-02,30.4,23.7,26.8,85,15.1,959.7,16.81,95,26.8,85.0,4.194444444444445,194.56018518518516,0.95,24.765779261151295,29.577331948640484,43.38201254295018,29.87559296019984,25.931511872534003
2020-09-03,29.9,24.5,26.6,88,11.4,959.2,14.38,91,26.6,88.0,3.1666666666666665,166.4351851851852,0.91,24.99151727128336,29.376750283446714,41.17517401606972,30.655583031142505,26.029412146587692
2020-09-04,29.9,24.0,26.3,89,10.0,958.6,14.01,68,26.3,89.0,2.7777777777777777,162.15277777777777,0.68,24.83640212282597,29.739955357142858,43.100638196508555,31.384783608498307,25.96347255740675
2020-09-05,29.9,24.1,26.8,86,16.7,957.6,16.73,50,26.8,86.0,4.638888888888888,193.63425925925927,0.5,24.906609632170106,30.56666066282421,49.753853088243886,30.93828735526571,26.227958875083914
2020-09-06,31.0,24.2,27.3,81,9.6,956.4,20.29,17,27.3,81.0,2.6666666666666665,234.83796296296293,0.17,24.681142945906437,34.30685009057971,58.43504186870308,35.488741833353636,26.868170080250447
2020-09-07,30.4,24.7,27.1,84,12.7,957.1,15.81,48,27.1,84.0,3.5277777777777777,182.98611111111111,0.48,24.915816589202976,31.176954397394137,48.827669704777236,32.16361427764796,26.38646249192091
2020-09-08,31.0,24.8,26.9,87,16.6,957.8,15.12,41,26.9,87.0,4.611111111111112,174.99999999999997,0.41,25.144983728826904,30.518858381502888,48.96213726431341,30.995819647300657,26.395260286479413
2020-09-09,32.1,25.1,28.1,81,12.3,957.8,18.07,44,28.1,81.0,3.416666666666667,209.1435185185185,0.44,25.4512856513881,32.94550330033003,52.950477524233634,34.0902731766835,27.215000616037678
2020-09-10,32.8,25.6,28.8,74,12.3,955.5,20.28,44,28.8,74.0,3.416666666666667,234.72222222222223,0.44,25.083692356536215,34.238118811881186,56.20773904178424,34.99713177995143,27.286208411951584
2020-09-11,33.4,25.2,29.1,72,13.0,955.5,20.3,40,29.1,72.0,3.611111111111111,234.9537037037037,0.4,25.06312531237916,34.55698924731183,57.20497564390587,35.15751393663567,27.36558556812778
2020-09-12,34.4,24.8,29.5,69,11.2,957.7,21.23,30,29.5,69.0,3.1111111111111107,245.71759259259258,0.3,24.974825991331016,35.93746432648402,59.903483788425945,36.54610807708912,27.61987105922851
2020-09-13,34.3,24.6,29.3,65,9.5,957.7,22.31,14,29.3,65.0,2.638888888888889,258.21759259259255,0.14,24.16459187334546,37.15920454545454,63.11871650997756,37.38947503989813,27.27705522043273
2020-09-14,34.8,25.1,29.5,65,9.6,956.6,21.24,74,29.5,65.0,2.6666666666666665,245.83333333333331,0.74,24.347729464772335,34.55027173913044,52.431080992786576,35.05387011141347,26.90346497316672
2020-09-15,34.8,24.8,29.8,65,13.3,956.2,21.34,37,29.8,65.0,3.6944444444444446,246.99074074074073,0.37,24.622435674394723,35.58810569755059,59.55506170261094,35.80628418330058,27.333326111586423
2020-09-16,34.8,25.3,29.9,64,9.3,956.4,20.5,59,29.9,64.0,2.5833333333333335,237.2685185185185,0.59,24.55405038431188,35.414537545787546,54.32126923994923,35.91518472895144,27.260742778175825
2020-09-17,34.7,27.2,30.6,61,14.1,956.6,19.33,24,30.6,61.0,3.9166666666666665,223.72685185185182,0.24,24.70058146355359,36.11998961578401,59.716486756951326,36.16385545396434,27.57440494764431
2020-09-18,34.4,26.9,30.2,65,16.3,955.9,19.54,41,30.2,65.0,4.527777777777778,226.1574074074074,0.41,24.9887102923233,34.91765670553936,57.29661140499087,34.93295577632403,27.49562854573418
2020-09-19,34.3,26.7,30.2,66,14.8,955.3,18.58,74,30.2,66.0,4.111111111111112,215.04629629629628,0.74,25.148853591198808,33.91741615853658,51.139885523070745,34.021620829759854,27.407680745546482
2020-09-20,35.0,26.7,30.1,61,13.0,954.3,19.48,44,30.1,61.0,3.611111111111111,225.46296296296296,0.44,24.249534133503236,35.20564516129032,56.413018030061835,35.20328630211029,27.025802925710327
2020-09-21,35.1,24.6,29.5,57,13.1,953.1,21.75,6,29.5,57.0,3.638888888888889,251.7361111111111,0.06,23.05431074558954,36.56641881028939,64.72921188852803,36.23768236998582,26.401301283970554
2020-09-22,33.9,26.1,29.4,67,15.3,953.2,18.24,47,29.4,67.0,4.25,211.1111111111111,0.47,24.570483583829834,33.76486486486486,54.11414376751259,33.73837183279096,26.892311481653856
2020-09-23,33.7,26.2,29.0,72,13.8,953.5,15.72,69,29.0,72.0,3.8333333333333335,181.94444444444443,0.69,24.969368539056102,32.37283805031446,47.718019447193285,32.67894222627752,26.85312558740216
2020-09-24,35.1,25.3,29.4,69,12.8,955.5,19.28,56,29.4,69.0,3.555555555555556,223.14814814814815,0.56,24.881979282828652,34.09480519480519,53.763635180950246,34.529714379553546,27.176346536941097
2020-09-25,36.1,24.6,29.9,56,19.4,956.0,19.43,30,29.9,56.0,5.388888888888888,224.88425925925924,0.3,23.241792045561393,34.4999053030303,58.61605885404714,33.64901164539691,26.159235492499036
2020-09-26,32.9,25.1,28.1,62,18.9,956.3,15.78,32,28.1,62.0,5.249999999999999,182.63888888888889,0.32,22.60160157540489,31.84186991869919,52.02547192305559,30.660421232144078,24.99949508652326
2020-09-27,32.0,23.9,27.0,69,11.9,958.4,13.25,52,27.0,69.0,3.3055555555555554,153.35648148148147,0.52,22.653651831773896,30.41590022296544,44.96195878101986,30.297313152208353,24.640736326834816
2020-09-28,34.4,23.6,28.3,55,13.6,959.4,19.38,11,28.3,55.0,3.7777777777777777,224.30555555555554,0.11,21.665121417747823,34.337084651898735,59.788142506236454,33.65428662107838,24.86300192280322
2020-09-29,34.3,22.0,28.3,46,12.1,959.0,19.12,16,28.3,46.0,3.3611111111111107,221.2962962962963,0.16,20.147731433775192,34.387486157253605,58.46073323344541,33.35628313996636,23.810909235093355
2020-09-30,34.7,22.8,28.5,42,12.8,958.0,20.04,8,28.5,42.0,3.555555555555556,231.94444444444443,0.08,19.599324780621707,35.006493506493506,61.19847033980602,33.799149284881096,23.570826047733895
2020-10-01,35.2,23.2,28.7,42,20.4,958.0,20.11,4,28.7,42.0,5.666666666666666,232.75462962962962,0.04,19.76394869894428,34.04608289930555,62.46235399416395,32.386511900236236,23.51398066912211
2020-10-02,35.1,23.8,28.4,38,18.2,958.2,21.3,26,28.4,38.0,5.055555555555555,246.52777777777777,0.26,18.771345273789493,33.73235497237569,60.48998690982512,31.89127613251309,22.726412686127784
2020-10-03,34.9,20.4,27.2,38,13.4,958.6,20.93,0,27.2,38.0,3.7222222222222223,242.24537037037035,0.0,17.80837875568469,34.14333864118896,62.76895070415213,32.71817954951669,22.014532857217073
2020-10-04,34.8,20.9,27.6,37,13.8,959.4,20.93,0,27.6,37.0,3.8333333333333335,242.24537037037035,0.0,17.941787590220713,34.45600104821803,63.13398044526622,32.99018654463989,22.210451522798106
2020-10-05,34.7,19.9,27.0,39,15.2,959.5,20.84,0,27.0,39.0,4.222222222222222,241.2037037037037,0.0,17.83004626151994,33.5386546184739,62.702442507010005,31.982279412748053,21.888763306758737
2020-10-06,34.9,20.9,27.8,35,12.9,959.8,20.61,0,27.8,35.0,3.5833333333333335,238.54166666666666,0.0,17.716658160308373,34.747815533980585,62.681096664370614,33.27383842696547,22.13122381901198
2020-10-07,34.6,20.2,27.6,36,15.3,961.2,20.44,3,27.6,36.0,4.25,236.57407407407408,0.03,17.75187351032306,33.897985485485485,62.1306763104306,32.24323583937636,21.96590855432324
2020-10-08,34.4,21.0,27.7,37,10.2,961.6,20.33,29,27.7,37.0,2.833333333333333,235.3009259259259,0.29,18.02149013647084,34.12071143617021,57.20530231142203,32.775543730664644,22.209185382763632
2020-10-09,34.1,21.1,27.6,38,9.4,961.7,19.92,0,27.6,38.0,2.611111111111111,230.55555555555557,0.0,18.129368721289048,35.17299270072993,60.561463255677495,33.86839174149046,22.48515664504832
2020-10-10,34.6,21.5,27.4,39,9.0,960.7,19.74,18,27.4,39.0,2.5,228.4722222222222,0.18,18.153168554983278,34.33032407407407,57.40057646373424,33.08064459642703,22.31328280330311
2020-10-11,34.3,21.0,27.1,37,11.6,958.8,19.97,22,27.1,37.0,3.222222222222222,231.13425925925924,0.22,17.54327373974495,33.354680461711716,57.676611202509264,31.91367465831323,21.66122771016381
2020-10-12,34.1,20.7,27.5,36,9.5,957.2,19.92,8,27.5,36.0,2.638888888888889,230.55555555555557,0.08,17.67272793242412,34.74363636363636,59.3706574093917,33.372090636714,22.069636825424155
2020-10-13,33.8,19.7,27.3,40,9.2,957.5,19.61,15,27.3,40.0,2.5555555555555554,226.96759259259258,0.15,18.25406909041875,34.2467103247549,57.658406720628875,33.039535234970415,22.357190428244106
2020-10-14,33.9,21.9,27.5,47,12.2,958.7,18.66,57,27.5,47.0,3.3888888888888884,215.9722222222222,0.57,19.64450136444106,32.101924668874176,51.240849223408645,30.863996947907758,22.921535888883575
2020-10-15,33.2,23.8,28.3,52,15.5,959.5,17.11,6,28.3,52.0,4.305555555555555,198.0324074074074,0.06,21.17083935795363,33.46066542288557,57.364394125254705,32.3439734818372,24.341720635144654
2020-10-16,33.6,23.4,28.2,39,15.6,959.4,18.49,6,28.2,39.0,4.333333333333333,214.0046296296296,0.06,18.79940988359002,33.76029885912698,59.33529528883622,32.101352682191944,22.73164669033841
2020-10-17,33.7,23.4,28.0,43,15.3,960.1,16.42,16,28.0,43.0,4.25,190.0462962962963,0.16,19.36719929725044,32.72547547547548,54.7898696488312,31.03840722859782,22.902134603170406
2020-10-18,33.6,23.3,28.5,43,12.8,960.5,17.2,31,28.5,43.0,3.555555555555556,199.07407407407405,0.31,19.781209453434435,33.415449134199136,54.04543074974384,32.07488932228033,23.37993644424393
2020-10-19,31.7,22.8,27.2,44,9.2,960.5,12.88,52,27.2,44.0,2.5555555555555554,149.07407407407408,0.52,18.878586508909404,30.85012254901961,44.19247539461156,29.686594714892262,22.105035066040504
2020-10-20,32.9,20.9,26.2,34,10.2,959.8,17.7,5,26.2,34.0,2.833333333333333,204.8611111111111,0.05,16.272655000859455,32.57466755319149,55.81283493423683,31.106661932364023,20.52579201123992
2020-10-21,31.9,19.8,26.2,36,13.0,960.7,14.89,40,26.2,36.0,3.611111111111111,172.33796296296296,0.4,16.643828178180275,30.20268817204301,47.934282005343164,28.083032872726655,20.311217359134798
2020-10-22,31.9,22.1,27.0,42,12.0,959.2,14.26,33,27.0,42.0,3.333333333333333,165.04629629629628,0.33,18.36463798171109,31.134409722222223,48.46898582851429,29.53274343046927,21.782128531642208
2020-10-23,32.0,21.6,26.6,41,13.1,959.2,15.76,31,26.6,41.0,3.638888888888889,182.4074074074074,0.31,17.861077358987632,31.060476956055737,50.577778600150964,29.29426262244867,21.37484954250249
2020-10-24,32.4,19.8,25.6,35,13.2,960.0,18.06,0,25.6,35.0,3.6666666666666665,209.02777777777774,0.0,15.987975543800392,31.629647435897436,57.223841903166885,29.923198786721446,20.07751236783976
2020-10-25,31.5,18.9,25.4,35,13.0,962.5,16.84,15,25.4,35.0,3.611111111111111,194.9074074074074,0.15,15.830820491576564,30.63420698924731,53.18859930166843,28.760283064229274,19.748415741953053
2020-10-26,31.5,20.2,25.4,33,17.1,964.0,16.82,11,25.4,33.0,4.75,194.67592592592592,0.11,15.464170422923857,30.117147435897436,54.035977081382384,27.550784836707052,19.388348783226185
2020-10-27,30.3,18.7,23.5,35,10.9,963.5,17.73,0,23.5,35.0,3.0277777777777777,205.20833333333331,0.0,14.337828871802746,29.890570934256054,54.58260108100512,28.48997506417144,18.364594397113134
2020-10-28,29.2,15.8,22.9,35,9.8,964.0,17.86,0,22.9,35.0,2.7222222222222223,206.71296296296293,0.0,13.866350506246093,29.59214628297362,53.95820847412671,28.364476093238476,17.914874610966987
2020-10-29,29.1,15.7,22.4,41,9.1,964.5,17.54,0,22.4,41.0,2.5277777777777777,203.00925925925924,0.0,14.424865300583836,29.1420049200492,52.80417487544304,28.185201340965328,18.165806694418524
2020-10-30,29.4,16.1,22.1,38,10.9,964.7,17.52,0,22.1,38.0,3.0277777777777777,202.77777777777777,0.0,13.715647627646923,28.414878892733565,53.154098844406406,27.157078675067638,17.493929117899558
2020-10-31,29.7,15.1,21.9,34,11.5,964.9,17.57,0,21.9,34.0,3.194444444444444,203.35648148148147,0.0,12.918827841896466,28.10409604519774,53.23032766935887,26.65556606110257,16.853998698367075
2020-11-01,28.5,14.3,21.5,26,11.9,965.3,17.77,0,21.5,26.0,3.3055555555555554,205.67129629629628,0.0,11.25411122091039,27.69077480490524,53.320578025474674,26.066643438754824,15.566032815618321
2020-11-02,28.6,14.8,21.2,29,12.1,966.0,17.41,0,21.2,29.0,3.3611111111111107,201.50462962962962,0.0,11.554921865844442,27.225055370985604,52.567658267617105,25.580157026355636,15.65345638028823
2020-11-03,29.0,13.6,20.9,32,16.2,965.3,17.36,0,20.9,32.0,4.5,200.9259259259259,0.0,11.821587902033215,26.187524366471735,52.78357574599215,23.611677650223516,15.602616404717597
2020-11-04,29.2,14.0,21.1,35,12.0,964.2,16.89,0,21.1,35.0,3.333333333333333,195.48611111111111,0.0,12.45189268877731,26.964583333333337,51.65061804953638,25.409727026263095,16.219241548810786
2020-11-05,29.0,14.5,21.3,40,11.8,965.1,16.82,0,21.3,40.0,3.2777777777777777,194.67592592592592,0.0,13.375815234819132,27.17947427293065,51.65479740594628,25.78557622122818,16.928965518959522
2020-11-06,28.9,13.3,21.9,39,10.7,967.7,16.61,0,21.9,39.0,2.972222222222222,192.24537037037035,0.0,13.710131970448401,27.92860046457607,51.52596053597938,26.677500421109613,17.372812472229096
2020-11-07,29.0,15.3,21.8,41,9.4,968.6,16.48,0,21.8,41.0,2.611111111111111,190.74074074074073,0.0,13.933967168484582,28.065206812652068,50.81924995044841,27.077367434791228,17.54681838046962
2020-11-08,28.5,13.9,21.6,42,10.6,968.9,16.42,0,21.6,42.0,2.944444444444444,190.0462962962963,0.0,13.919645124841818,27.580477855477856,50.960704504096555,26.44098320089213,17.419847158484842
2020-11-09,28.6,13.6,20.8,47,10.0,967.4,16.35,0,20.8,47.0,2.7777777777777777,189.23611111111111,0.0,13.971708710511656,26.882589285714285,50.0263924258208,26.06203597900664,17.236713954501017
2020-11-10,27.9,13.7,20.4,49,10.1,965.9,16.07,0,20.4,49.0,2.8055555555555554,185.99537037037035,0.0,13.907278369382936,26.35714709371293,49.29799082001978,25.590933297250583,17.04652427731064
2020-11-11,26.1,14.7,19.7,55,12.3,967.3,15.82,1,19.7,55.0,3.416666666666667,183.10185185185185,0.01,14.097083768396278,25.111475522552254,48.76654168694938,24.020526138248464,16.860253742387844
2020-11-12,26.2,14.2,20.0,50,10.5,968.8,15.72,0,20.0,50.0,2.9166666666666665,181.94444444444443,0.0,13.699341968988136,25.74561403508772,48.54364964740671,24.919798106905432,16.738662185309238
2020-11-13,26.8,14.4,20.7,51,9.5,967.9,15.4,2,20.7,51.0,2.638888888888889,178.24074074074073,0.02,14.437698946150775,26.475,48.03426768986213,25.82130474176787,17.471389262305543
2020-11-14,27.3,14.4,20.7,57,10.2,965.5,15.12,13,20.7,57.0,2.833333333333333,174.99999999999997,0.13,15.243274474911395,25.922074468085107,46.47767198930961,25.276591131539238,17.924707026054996
2020-11-15,25.3,17.8,20.6,73,14.0,964.4,11.37,29,20.6,73.0,3.888888888888889,131.5972222222222,0.29,17.220745002701193,23.764501953125002,39.52013968621094,22.14773158908681,18.867421892515832
2020-11-16,25.2,17.1,19.8,86,10.2,965.9,11.35,45,19.8,86.0,2.833333333333333,131.36574074074073,0.45,18.07889603523115,23.049205821513002,36.667131559321376,23.13885629218615,19.245068388964405
2020-11-17,25.1,16.3,19.6,79,11.5,965.2,13.04,40,19.6,79.0,3.194444444444444,150.9259259259259,0.4,17.021966143842256,23.28361581920904,39.612469290830006,22.792821274919156,18.532099464531388
2020-11-18,24.3,14.9,19.0,71,11.8,963.7,13.29,19,19.0,71.0,3.2777777777777777,153.81944444444443,0.19,15.471139694349759,23.204226090604028,41.920736557795976,22.424448999169126,17.370643004165636
2020-11-19,23.5,15.6,18.9,68,12.5,964.0,11.89,32,18.9,68.0,3.4722222222222223,137.61574074074073,0.32,15.010325700535578,22.31106557377049,38.38149682159866,20.804584277931603,16.859441105129005
2020-11-20,24.1,13.1,17.7,49,14.0,966.1,15.12,0,17.7,49.0,3.888888888888889,174.99999999999997,0.0,11.597409172849375,22.621875,46.42548688069098,20.659748515798178,14.41256142099456
2020-11-21,23.3,11.6,16.8,46,12.1,966.7,15.27,0,16.8,46.0,3.3611111111111107,176.7361111111111,0.0,10.46274983470924,22.084468438538206,45.6511512814734,20.71027278827519,13.420818572004109
2020-11-22,22.7,10.3,15.9,51,10.3,966.7,14.91,20,15.9,51.0,2.861111111111111,172.56944444444443,0.2,10.29059239598049,20.839266784452295,41.391884167303715,19.9879262651873,12.961268034076802
2020-11-23,22.9,12.5,16.7,52,11.0,966.6,14.88,0,16.7,52.0,3.0555555555555554,172.22222222222223,0.0,11.101121804800737,22.044827586206896,44.67089647459693,21.18119200364727,13.849750780601896
2020-11-24,23.6,11.2,17.0,58,12.6,965.7,14.02,37,17.0,58.0,3.5,162.2685185185185,0.37,12.077566769187406,20.889671840958606,39.34074742044703,19.04866561529268,14.332231106622906
2020-11-25,24.5,13.5,18.5,56,16.7,965.6,13.35,46,18.5,56.0,4.638888888888888,154.51388888888889,0.46,13.165957697724348,21.58582492795389,38.899468208163455,18.010374098431452,15.383335373997822
2020-11-26,21.6,14.3,17.4,73,13.2,968.3,10.71,36,17.4,73.0,3.6666666666666665,123.95833333333334,0.36,14.211027171567672,20.332091346153845,34.99209490811012,18.33127024153252,15.75413728932814
2020-11-27,24.4,12.6,17.4,56,14.8,970.9,14.58,0,17.4,56.0,4.111111111111112,168.75,0.0,12.193698805091682,22.030335365853656,45.371153296640784,19.915797968482888,14.681656236734907
2020-11-28,24.9,11.5,17.0,54,10.2,969.8,14.69,0,17.0,54.0,2.833333333333333,170.02314814814812,0.0,11.601539178448604,22.426270685579198,44.37250318027543,21.850033448926673,14.306331562029861
2020-11-29,24.1,11.1,17.4,57,10.4,968.2,14.65,0,17.4,57.0,2.888888888888889,169.5601851851852,0.0,12.314056046242225,22.77338615023474,44.68927811957042,22.21867684460468,14.914516462416506
2020-11-30,25.7,11.7,18.4,57,9.5,967.4,14.26,0,18.4,57.0,2.638888888888889,165.04629629629628,0.0,13.201703269189366,23.80151515151515,44.57719631794828,23.41239545193853,15.841495318735586
2020-12-01,26.6,11.4,18.3,57,9.2,967.5,14.09,0,18.3,57.0,2.5555555555555554,163.0787037037037,0.0,13.112938759879633,23.695986519607843,44.11219280603166,23.370674316877306,15.748254435837312
2020-12-02,27.6,13.8,19.9,48,10.0,966.3,14.15,0,19.9,48.0,2.7777777777777777,163.77314814814815,0.0,13.344977316168908,25.164136904761904,45.785013147657764,24.237975165754598,16.364311502270613
2020-12-03,27.9,14.1,19.8,41,10.2,964.8,14.27,0,19.8,41.0,2.833333333333333,165.162037037037,0.0,12.297618591727524,25.071128841607567,45.9575223145531,23.882241825260557,15.602558782530782
2020-12-04,28.3,15.7,20.4,45,11.0,963.3,14.08,0,20.4,45.0,3.0555555555555554,162.96296296296296,0.0,13.355411450340473,25.457471264367815,46.34721162574124,24.150362579238834,16.480282268111893
2020-12-05,28.4,14.0,20.7,52,10.5,963.5,13.94,0,20.7,52.0,2.9166666666666665,161.34259259259258,0.0,14.573513974023907,25.79502923976608,46.238869514445184,24.85414791817391,17.43046562976995
2020-12-06,28.6,16.1,21.2,49,12.4,965.9,13.81,0,21.2,49.0,3.4444444444444446,159.83796296296296,0.0,14.59167544429808,25.932044956140352,46.83640243386088,24.369992094897274,17.520581802236727
2020-12-07,26.9,13.4,19.7,57,10.6,967.6,13.74,0,19.7,57.0,2.944444444444444,159.02777777777777,0.0,14.355637712311339,24.70437062937063,45.11719842548649,23.93020870386671,16.959820524492063
2020-12-08,27.1,15.5,20.3,63,10.1,967.4,13.58,0,20.3,63.0,2.8055555555555554,157.17592592592592,0.0,15.66676271415508,25.334104389086598,45.21238630257966,24.925661569303614,18.063554777725876
2020-12-09,27.8,16.6,21.0,64,10.1,965.7,13.54,0,21.0,64.0,2.8055555555555554,156.71296296296293,0.0,16.433865227395586,26.019276393831554,45.724478477239586,25.656711375161887,18.807560937943222
2020-12-10,27.0,14.7,19.9,67,10.2,964.8,13.39,2,19.9,67.0,2.833333333333333,154.97685185185185,0.02,15.809720769354747,24.79660904255319,44.3775101473658,24.507702625784212,18.016126347058957
2020-12-11,22.2,15.0,18.1,77,12.1,964.9,6.71,35,18.1,77.0,3.3611111111111107,77.66203703703704,0.35,15.347272600127372,20.01574958471761,29.384158508977407,18.02220333518873,16.55624073703268
2020-12-12,24.7,14.8,18.7,72,12.2,965.3,13.15,25,18.7,72.0,3.3888888888888884,152.19907407407408,0.25,15.312305249190413,22.668767246136866,40.83871801605716,21.692594461204074,17.122367123660663
2020-12-13,22.0,13.1,16.9,60,16.0,965.3,12.48,19,16.9,60.0,4.444444444444445,144.44444444444443,0.19,12.22409960397831,20.360294117647058,39.35185157329255,17.183475391396307,14.318928546314227
2020-12-14,21.3,11.3,15.6,57,13.5,965.9,12.1,29,15.6,57.0,3.75,140.04629629629628,0.29,10.716278674316015,19.02113095238095,36.350293093820824,16.398692981764775,12.8656212624974
2020-12-15,20.1,10.4,14.6,61,12.6,967.7,10.87,21,14.6,61.0,3.5,125.81018518518518,0.21,10.266673898146333,17.911768110021786,34.26703321576633,15.603679490836363,12.229025350706792
2020-12-16,19.6,9.4,13.7,61,10.3,969.8,12.3,15,13.7,61.0,2.861111111111111,142.36111111111111,0.15,9.454737203832918,17.887831272084806,36.05008214268082,17.002441607291104,11.565882297100003
2020-12-17,18.7,7.6,12.0,50,13.0,969.8,14.36,0,12.0,50.0,3.611111111111111,166.2037037037037,0.0,6.820933797632636,16.8252688172043,40.47464614236105,14.884248171284801,9.339707421783704
2020-12-18,20.6,6.0,12.2,50,11.3,968.3,14.22,0,12.2,50.0,3.138888888888889,164.58333333333334,0.0,6.992899778030363,17.255460750853242,40.0379855861957,16.131658090419386,9.566121994791903
2020-12-19,22.3,6.4,13.3,40,8.8,968.7,14.13,1,13.3,40.0,2.4444444444444446,163.54166666666666,0.01,6.870967694665035,18.764610541044775,39.82823291698452,18.381652111439173,9.89259949447448
2020-12-20,23.5,6.6,14.6,42,9.0,969.0,13.7,58,14.6,42.0,2.5,158.5648148148148,0.58,8.157268066016915,18.35270061728395,33.5222092188518,17.10505582371134,10.840627769668632
2020-12-21,24.0,8.9,15.7,44,9.1,967.1,13.14,78,15.7,44.0,2.5277777777777777,152.08333333333334,0.78,9.30064704052277,18.780950184501844,31.425814045885602,17.19212229831478,11.836642965266307
2020-12-22,22.6,10.4,15.5,52,11.1,965.8,12.57,39,15.5,52.0,3.083333333333333,145.48611111111111,0.39,10.059385652397076,19.122154209621993,35.49904952343434,17.354443125657657,12.416000798602353
2020-12-23,22.4,9.0,14.5,59,10.5,964.5,14.03,0,14.5,59.0,2.9166666666666665,162.38425925925924,0.0,9.958330893941767,19.627923976608187,41.3446785652182,19.095312605932023,12.346416421080875
2020-12-24,22.2,9.5,14.8,60,12.5,964.9,13.84,0,14.8,60.0,3.4722222222222223,160.18518518518516,0.0,10.337016597080199,19.52677595628415,41.72083688560838,18.171077549008213,12.621266809212969
2020-12-25,21.7,9.4,14.8,58,10.7,966.3,13.91,0,14.8,58.0,2.972222222222222,160.99537037037035,0.0,10.116554943409447,19.84863530778165,41.439687808246106,19.17954630900252,12.531315521942943
2020-12-26,22.5,8.3,15.0,61,9.3,965.6,13.64,37,15.0,61.0,2.5833333333333335,157.87037037037038,0.37,10.627533440033526,19.24168192918193,36.39938375311709,18.736351799086766,12.787609793859854
2020-12-27,22.9,8.8,15.3,56,19.4,963.3,13.64,4,15.3,56.0,5.388888888888888,157.87037037037038,0.04,10.337550962703867,19.023039215686275,41.82294891659291,14.60474767757345,12.570893517029962
2020-12-28,18.6,5.6,12.0,36,13.8,965.7,14.5,0,12.0,36.0,3.8333333333333335,167.82407407407408,0.0,5.403916781466675,16.74973794549266,40.841874365880415,14.02301961796783,8.332689336125206
2020-12-29,19.1,4.9,12.3,42,11.7,966.8,14.49,0,12.3,42.0,3.2499999999999996,167.70833333333331,0.0,6.263806238887508,17.382070707070707,40.677326652881106,15.896731042065745,9.091078508635396
2020-12-30,18.1,5.6,11.0,51,12.0,968.0,14.43,0,11.0,51.0,3.333333333333333,167.01388888888889,0.0,6.056928044816734,16.010416666666668,39.61193125979014,14.568761046677585,8.541932964705047
2020-12-31,18.3,5.4,10.8,55,10.1,967.5,14.53,15,10.8,55.0,2.8055555555555554,168.17129629629628,0.15,6.264664548707501,15.782299080664295,37.22876851478105,15.198789064374836,8.621725000228109
2021-01-01,20.0,7.3,13.3,60,15.4,966.0,11.48,29,13.3,60.0,4.277777777777778,132.87037037037038,0.29,8.989087360712269,16.36119011976048,33.60251085917997,12.449095460225168,10.894599176450685
2021-01-02,20.5,12.4,16.3,77,15.6,964.7,9.41,54,16.3,77.0,4.333333333333333,108.91203703703704,0.54,13.633814203053266,18.42961929563492,30.580609689939592,14.820554151257234,14.85959380126427
2021-01-03,23.9,14.5,18.0,88,16.1,963.3,9.46,59,18.0,88.0,4.472222222222222,109.49074074074075,0.59,16.561377467377,20.037298387096776,31.721490243289622,17.093133759378965,17.400423904583253
2021-01-04,19.6,14.2,17.1,88,19.5,964.5,9.58,63,17.1,88.0,5.416666666666667,110.87962962962962,0.63,15.679146838663975,18.92286111111111,30.772881524699017,14.316916398987695,16.469975009287005
2021-01-05,22.1,14.0,17.4,83,19.5,964.5,10.41,54,17.4,83.0,5.416666666666667,120.4861111111111,0.54,15.385401183337937,19.510916666666667,33.03684086506172,15.111937929937541,16.41196416166989
2021-01-06,21.5,12.4,16.6,79,15.8,965.0,14.09,9,16.6,79.0,4.388888888888889,163.0787037037037,0.09,14.149827808062245,20.74692739151874,42.89467418295783,18.86182656034135,15.71426494394732
2021-01-07,21.3,11.2,15.5,78,12.3,964.5,13.41,17,15.5,78.0,3.416666666666667,155.20833333333331,0.17,12.984459504144247,19.71828589108911,39.53381257704308,18.840070483542515,14.582778831118796
2021-01-08,19.5,11.0,14.6,85,13.1,963.7,8.1,46,14.6,85.0,3.638888888888889,93.74999999999999,0.46,12.896200856765525,16.68902733118971,27.678412098071988,14.057784018840266,13.825146065973808
2021-01-09,17.5,13.1,15.2,87,13.9,965.1,4.26,87,15.2,87.0,3.861111111111111,49.30555555555555,0.87,13.70429980928678,15.985952194357367,20.44880586542905,11.8619731316813,14.310200305372218
2021-01-10,19.4,9.4,13.9,74,12.4,965.4,8.11,42,13.9,74.0,3.4444444444444446,93.86574074074073,0.42,11.026486318110951,16.095346765350875,27.32353062707608,13.3509472523412,12.327609775747842
2021-01-11,20.1,6.5,12.2,66,12.3,966.0,15.31,0,12.2,66.0,3.416666666666667,177.19907407407408,0.0,8.607238749711106,17.463338833883387,42.13162351572629,16.59560273808464,10.737734891574453
2021-01-12,21.3,6.6,12.7,51,12.0,966.3,15.43,0,12.7,51.0,3.333333333333333,178.58796296296296,0.0,7.52577095002496,18.05763888888889,42.66173882993752,16.899628720094523,10.149567442795249
2021-01-13,20.9,5.9,12.5,50,9.9,965.2,15.61,0,12.5,50.0,2.75,180.67129629629628,0.0,7.250848126606133,18.32810633213859,42.19994883656136,18.090492095842436,9.991214955052012
2021-01-14,20.6,8.9,14.0,48,9.7,965.2,15.19,15,14.0,48.0,2.694444444444444,175.81018518518516,0.15,8.32308344953994,19.28382596269555,40.72430571805063,18.740289012042716,11.082923607217067
2021-01-15,21.2,7.2,13.6,67,13.1,963.5,14.99,11,13.6,67.0,3.638888888888889,173.49537037037035,0.11,9.999804360394293,18.344624196141478,41.42360449612454,16.97089117756925,12.028787891504301
2021-01-16,22.8,7.1,14.1,69,9.4,962.4,15.58,0,14.1,69.0,2.611111111111111,180.32407407407408,0.0,10.676140413773016,20.023053527980537,43.2293621217442,20.47482220437718,12.887908995237218
2021-01-17,22.4,9.5,15.0,74,20.0,963.2,14.53,10,15.0,74.0,5.555555555555555,168.17129629629628,0.1,12.064285500837986,18.783854166666668,42.348038501739154,14.880889239186915,13.701770683919923
2021-01-18,22.4,11.7,16.1,73,17.3,964.5,13.41,15,16.1,73.0,4.805555555555555,155.20833333333331,0.15,12.988321545041217,19.76036650141643,40.728816103791985,16.723881482400298,14.653898381812137
2021-01-19,23.7,10.0,16.1,74,10.0,963.9,15.18,0,16.1,74.0,2.7777777777777777,175.69444444444443,0.0,13.102081251132411,21.74732142857143,44.38917651868496,22.05712391726309,15.130921161506972
2021-01-20,24.4,8.8,15.9,62,9.7,964.4,15.82,0,15.9,62.0,2.694444444444444,183.10185185185185,0.0,11.553299714154786,21.84915764139591,45.16678411092744,21.897067276895957,14.047141328187532
2021-01-21,25.4,9.8,15.9,41,15.3,963.7,16.26,0,15.9,41.0,4.25,188.19444444444446,0.0,9.106633014748695,20.986336336336336,47.051631324039136,18.433811353245844,12.161910377591354
2021-01-22,23.9,9.1,15.9,50,14.2,963.5,15.78,0,15.9,50.0,3.944444444444444,182.63888888888889,0.0,10.174213663257841,21.004813664596274,46.13289139862712,19.050182508637807,12.912912297199743
2021-01-23,25.0,9.4,16.2,63,14.1,962.1,15.58,0,16.2,63.0,3.9166666666666665,180.32407407407408,0.0,11.939723841518859,21.255815160955347,46.02166989671076,19.76288550695842,14.22896972125427
2021-01-24,21.7,8.7,14.3,48,16.7,965.4,16.75,0,14.3,48.0,4.638888888888888,193.86574074074073,0.0,8.578440387598285,19.328218059558118,46.74251283200147,16.389822185076536,11.300551883230423
2021-01-25,19.9,7.0,12.2,59,8.7,967.1,16.6,0,12.2,59.0,2.4166666666666665,192.12962962962965,0.0,7.899756322428917,18.676279650436953,43.074832771744354,19.306324831823943,10.485085355787634
2021-01-26,19.6,5.5,11.8,64,8.9,967.0,16.64,0,11.8,64.0,2.4722222222222223,192.59259259259258,0.0,8.039690801030911,18.24361833952912,42.92259275887676,18.9873723094179,10.456507228627462
2021-01-27,20.9,6.1,12.5,61,9.7,966.8,16.69,0,12.5,61.0,2.694444444444444,193.1712962962963,0.0,8.372148875782496,18.77632370637786,43.899552797744434,19.110584106413675,10.865768954323318
2021-01-28,21.1,6.3,12.8,59,7.6,967.1,16.69,0,12.8,59.0,2.111111111111111,193.1712962962963,0.0,8.436778489440394,19.59117838541667,43.079133783467285,20.482586834813098,11.103980619691608
2021-01-29,21.5,6.5,13.2,53,8.8,968.1,16.93,0,13.2,53.0,2.4444444444444446,195.94907407407405,0.0,8.167500140384266,19.78037935323383,44.439574432716995,20.166343467300987,10.993325968915752
2021-01-30,22.4,5.9,13.6,38,10.8,966.7,17.25,12,13.6,38.0,3.0,199.65277777777777,0.12,6.893857693140115,19.464800347222223,44.363017482957844,18.611379338388623,10.078660454642524
2021-01-31,22.5,7.8,14.5,41,11.8,966.8,17.1,0,14.5,41.0,3.2777777777777777,197.91666666666669,0.0,7.961112390854437,20.477348993288594,46.78648918910858,19.430089915344887,11.118248472255825
2021-02-01,24.6,8.8,16.8,44,11.6,968.6,16.98,0,16.8,44.0,3.222222222222222,196.52777777777777,0.0,10.21684201608262,22.77550675675676,48.328605054213995,21.769799207577112,13.386890762609184
2021-02-02,26.5,10.3,18.1,48,12.6,967.3,17.07,0,18.1,48.0,3.5,197.56944444444443,0.0,11.812900611374424,23.910866013071896,49.70703266084348,22.67842301247211,14.861203630576478
2021-02-03,27.4,13.3,19.1,47,13.8,965.4,16.44,9,19.1,47.0,3.8333333333333335,190.27777777777777,0.09,12.532300657936378,24.24288522012579,48.465750536157316,22.417445532801917,15.531187504580622
2021-02-04,25.4,13.9,18.6,50,18.0,965.3,15.77,25,18.6,50.0,5.0,182.52314814814812,0.25,12.495651560490163,22.592693865740742,45.18768395881665,19.15313151142578,15.125494865491262
2021-02-05,23.0,10.3,16.2,55,13.8,967.1,17.63,4,16.2,55.0,3.8333333333333335,204.0509259259259,0.04,11.016972890070372,21.85952568134172,48.77545106500514,20.4932103024057,13.703786159317605
2021-02-06,23.3,9.4,15.8,47,13.0,968.1,17.8,0,15.8,47.0,3.611111111111111,206.0185185185185,0.0,9.738097015640163,21.781182795698925,49.180300382600706,20.53907997445492,12.752904470087898
2021-02-07,24.7,9.1,16.2,46,9.0,968.1,17.91,0,16.2,46.0,2.5,207.29166666666666,0.0,9.9574214435909,23.10972222222222,48.43140980198126,23.03255274021503,13.212139454958074
2021-02-08,26.3,9.9,17.3,49,9.8,967.9,17.98,0,17.3,49.0,2.7222222222222223,208.10185185185185,0.0,11.255202290308889,24.037110311750602,49.73950487394154,23.749291956826777,14.416063665566343
2021-02-09,27.5,11.5,18.8,46,10.3,965.1,18.01,57,18.8,46.0,2.861111111111111,208.44907407407408,0.57,12.147157271688695,23.53982258539458,42.86504391310797,22.355185905785497,15.090974607261002
2021-02-10,28.8,13.3,20.0,40,12.8,963.5,18.38,31,20.0,40.0,3.555555555555556,212.73148148148147,0.31,12.31882191339449,25.252671807359306,48.754844518629795,23.48743348288726,15.673709700848004
2021-02-11,27.5,12.0,19.0,44,8.7,964.0,18.53,14,19.0,44.0,2.4166666666666665,214.46759259259258,0.14,12.049200236055182,25.72319756554307,49.449722158715474,25.248877520105722,15.479079678347242
2021-02-12,26.1,12.9,18.5,54,11.0,965.0,16.78,45,18.5,54.0,3.0555555555555554,194.21296296296296,0.45,12.915727771810928,23.171156609195403,43.004014802937036,22.07617439418414,15.525240762106728
2021-02-13,26.3,11.7,18.5,58,11.1,965.0,17.11,21,18.5,58.0,3.083333333333333,198.0324074074074,0.21,13.414607004154156,23.981618699885452,46.849230798321855,23.305149147967967,16.036548642885
2021-02-14,27.7,11.8,19.5,56,10.5,964.6,18.44,7,19.5,56.0,2.9166666666666665,213.42592592592592,0.07,14.04982433362282,26.00387426900585,51.4160794179769,25.59611036091162,16.98565188733714
2021-02-15,27.7,12.7,19.8,57,14.7,963.0,16.56,34,19.8,57.0,4.083333333333333,191.66666666666663,0.34,14.444401585141993,24.178440366972477,45.881202708306944,22.179429491386532,16.92676918299389
2021-02-16,28.4,13.9,20.7,50,12.3,962.6,16.47,17,20.7,50.0,3.416666666666667,190.62499999999997,0.17,14.301182845137294,25.880847772277228,48.47808923148523,24.52596815753797,17.25699754605155
2021-02-17,27.8,13.6,20.2,49,11.8,964.3,16.3,17,20.2,49.0,3.2777777777777777,188.65740740740742,0.17,13.736178507663265,25.413401845637587,47.72537696545987,24.135922785639558,16.718005324491802
2021-02-18,27.1,13.7,19.7,47,13.6,966.9,18.27,3,19.7,47.0,3.7777777777777777,211.45833333333331,0.03,13.040329236384359,25.632209256329112,52.592699556369325,24.182783738462483,16.22467231673487
2021-02-19,27.6,13.6,19.9,47,11.7,969.4,19.36,0,19.9,47.0,3.2499999999999996,224.07407407407405,0.0,13.209671553653227,26.690123456790122,54.48665843165463,25.826344425100295,16.57479477891528
2021-02-20,27.5,13.1,19.8,45,10.2,969.3,19.33,0,19.8,45.0,2.833333333333333,223.72685185185182,0.0,12.852866152761099,26.94021867612293,53.90577414942214,26.304076846136997,16.365050042157353
2021-02-21,29.0,12.8,21.0,38,9.7,968.2,19.69,0,21.0,38.0,2.694444444444444,227.89351851851853,0.0,12.83287221455885,28.404482551143204,55.18539595387443,27.534619279307453,16.763907060419836
2021-02-22,30.6,14.3,22.1,31,10.3,966.5,19.77,4,22.1,31.0,2.861111111111111,228.81944444444443,0.04,12.573986702210824,29.231404593639578,55.78993148393465,28.00957730288125,16.858071610275495
2021-02-23,31.6,16.0,23.0,26,11.3,964.3,19.75,0,23.0,26.0,3.138888888888889,228.58796296296296,0.0,12.34585764181622,30.021473265073947,57.35585916910202,28.550156000555972,16.946395002286145
2021-02-24,31.7,16.9,23.8,28,11.6,962.8,19.87,3,23.8,28.0,3.222222222222222,229.97685185185185,0.03,13.313419599887709,30.6876513231982,57.786086987374006,29.14536602401184,17.836923984561036
2021-02-25,31.9,18.5,24.4,31,17.2,962.1,20.14,0,24.4,31.0,4.777777777777778,233.10185185185185,0.0,14.325729477185636,30.35999053030303,59.81358713610916,28.147829618461184,18.540008740090553
2021-02-26,33.1,19.1,25.3,32,18.2,960.3,20.08,0,25.3,32.0,5.055555555555555,232.40740740740736,0.0,15.200309568126308,31.0780847145488,60.43280014363194,28.82521614338372,19.385833640598175
2021-02-27,32.9,20.5,26.1,34,20.6,959.5,19.71,4,26.1,34.0,5.722222222222222,228.125,0.04,16.1946610958771,31.31259715025907,59.88305892297069,28.87829973384878,20.20878219716578
2021-02-28,31.1,19.8,24.4,25,19.4,961.4,20.03,12,24.4,25.0,5.388888888888888,231.8287037037037,0.12,13.162649720543484,29.644039661319074,57.85846711304248,26.880234661410633,17.582662736644256
2021-03-01,30.6,16.3,22.6,31,13.0,964.8,20.66,0,22.6,31.0,3.611111111111111,239.12037037037035,0.0,12.954806052895155,29.54220430107527,58.79756972743775,28.003059823748327,17.236805097241664
2021-03-02,30.4,14.8,22.4,22,14.1,966.2,21.44,0,22.4,22.0,3.9166666666666665,248.14814814814815,0.0,11.137992218774217,29.35742471443406,59.989143331867695,27.63112580664303,15.908079496028764
2021-03-03,31.5,14.6,23.0,22,12.4,964.1,21.07,0,23.0,22.0,3.4444444444444446,243.86574074074073,0.0,11.556344041622545,30.21970942982456,59.58937459878291,28.67125632736886,16.43338271510069
2021-03-04,32.8,17.2,24.9,24,10.5,963.1,21.14,0,24.9,24.0,2.9166666666666665,244.67592592592592,0.0,13.313183454742013,32.6266081871345,60.622553836998804,31.088736976299113,18.33455005574631
2021-03-05,33.1,18.3,24.8,20,20.2,963.5,21.61,0,24.8,20.0,5.611111111111111,250.11574074074073,0.0,12.362108631461627,30.692779232111693,62.32720780075164,28.250785259737743,17.272031888445476
2021-03-06,34.4,15.8,25.2,25,18.1,962.7,21.24,0,25.2,25.0,5.027777777777778,245.83333333333331,0.0,13.739023159194812,31.328808864265927,62.081094903010694,29.109096121449383,18.403077984289553
2021-03-07,34.7,18.5,26.7,26,18.4,960.8,21.15,1,26.7,26.0,5.111111111111111,244.79166666666663,0.01,15.038675416705455,32.72227850274725,62.924572735536174,30.5979164225349,19.74152849224327
2021-03-08,33.6,21.0,26.8,33,15.5,961.9,18.16,16,26.8,33.0,4.305555555555555,210.18518518518516,0.16,16.547729467166914,31.99502487562189,56.340625412858,29.895655299632796,20.662415602141216
2021-03-09,33.9,18.6,26.3,39,16.8,962.9,19.43,9,26.3,39.0,4.666666666666667,224.88425925925924,0.09,17.2645795584964,31.854253472222222,58.858551294679785,29.89671915679018,21.086056385391924
2021-03-10,33.1,19.1,26.0,34,15.0,963.4,19.3,13,26.0,34.0,4.166666666666667,223.37962962962962,0.13,16.11666709881431,31.696180555555557,57.73045216222516,29.74256551981625,20.22090308028113
2021-03-11,33.1,19.3,25.9,36,15.5,964.1,20.59,12,25.9,36.0,4.305555555555555,238.31018518518516,0.12,16.406387811059655,31.918221393034823,59.67942498165047,30.06036027955567,20.45811574634872
2021-03-12,32.0,18.8,24.4,40,23.7,965.4,17.93,41,24.4,40.0,6.583333333333333,207.52314814814812,0.41,15.89628021464782,27.9607389088729,50.52754869305659,24.281421735053623,19.159543932028054
2021-03-13,31.8,16.8,24.0,51,10.5,966.6,21.55,22,24.0,51.0,2.9166666666666665,249.4212962962963,0.22,17.288760428226173,31.010051169590643,57.04477608501122,30.254654578186003,20.704142533676446
2021-03-14,32.1,18.1,25.3,42,10.7,964.0,21.32,14,25.3,42.0,2.972222222222222,246.75925925925924,0.14,16.965309666543916,32.496428571428574,59.08089722665267,31.352313927805774,20.905002480866457
2021-03-15,32.2,19.3,25.6,39,11.9,963.3,19.54,26,25.6,39.0,3.3055555555555554,226.1574074074074,0.26,16.699109337173972,31.522449832775923,55.37043796269296,30.04701011470703,20.553866502576966
2021-03-16,33.7,19.2,26.1,36,9.8,963.4,20.63,10,26.1,36.0,2.7222222222222223,238.77314814814812,0.1,16.564681472745004,33.44356264988009,59.06891668604652,32.09873226319122,20.893989560897523
2021-03-17,34.1,19.0,26.6,29,16.4,962.0,18.93,63,26.6,29.0,4.555555555555555,219.0972222222222,0.63,15.597455458809616,30.526553415697677,50.26615279374727,27.75150758303347,19.683529504306268
2021-03-18,31.7,20.9,26.0,35,15.0,962.3,16.04,84,26.0,35.0,4.166666666666667,185.64814814814812,0.84,16.30228457392259,28.93661616161616,43.51025191858736,26.026229732289327,19.79892243406905
2021-03-19,30.5,20.4,25.0,42,21.6,962.0,17.36,54,25.0,42.0,6.0,200.9259259259259,0.54,16.718367448004607,28.33354377104377,48.48296744052277,24.869951166672678,19.86956596781198
2021-03-20,33.8,19.0,26.4,33,9.6,960.8,21.84,13,26.4,33.0,2.6666666666666665,252.77777777777777,0.13,16.238143095944608,34.10697463768116,60.418268106364735,32.65675743870771,20.82809509469746
2021-03-21,34.6,18.8,26.6,30,16.0,959.9,22.23,10,26.6,30.0,4.444444444444445,257.2916666666667,0.1,15.800950967959313,33.07012867647059,62.86940421884822,31.20473238923716,20.334691412865638
2021-03-22,33.6,21.4,26.9,28,23.3,962.6,20.53,39,26.9,28.0,6.472222222222222,237.61574074074073,0.39,15.613128769059912,31.06834392655367,56.14531438315731,28.091011929065147,19.832858923652672
2021-03-23,32.8,19.2,25.7,38,23.6,964.2,19.54,25,25.7,38.0,6.555555555555555,226.1574074074074,0.25,16.604655929108297,29.981224959935897,56.07499755260977,27.043475648553002,20.189504142362985
2021-03-24,32.8,17.4,25.2,38,17.8,964.9,22.54,5,25.2,38.0,4.944444444444445,260.8796296296296,0.05,16.203411179029633,31.594465782122903,63.15700440300469,29.70939264262775,20.18128098174532
2021-03-25,32.5,17.5,24.9,28,17.4,965.1,23.81,0,24.9,28.0,4.833333333333333,275.5787037037037,0.0,14.129460047725203,31.906238229755175,65.57713517610227,30.03229157560689,18.761869679358675
2021-03-26,33.1,17.2,25.4,34,14.8,963.5,23.27,0,25.4,34.0,4.111111111111112,269.3287037037037,0.0,15.648701156715333,32.7901168699187,64.98333161585145,31.21853896342159,20.052114183684473
2021-03-27,36.6,19.6,27.7,31,16.7,961.3,22.53,3,27.7,31.0,4.638888888888888,260.7638888888889,0.03,16.838992596085106,34.361878602305474,65.29769062328097,32.625022318181855,21.429670537720668
2021-03-28,37.8,19.9,28.7,30,14.7,959.2,23.03,2,28.7,30.0,4.083333333333333,266.5509259259259,0.02,17.38677991928904,35.96290137614679,66.76493424156007,34.408656346060184,22.233326218731687
2021-03-29,39.3,24.6,31.7,14,24.4,957.5,24.16,0,31.7,14.0,6.777777777777777,279.6296296296296,0.0,15.174878779148148,37.63553459119497,70.84993849805397,36.60925970062015,21.3195220636427
2021-03-30,38.0,27.3,31.7,15,38.5,955.0,24.35,1,31.7,15.0,10.694444444444445,281.8287037037037,0.01,15.511344355099162,36.166860250737464,69.46278845879294,36.07116017168716,21.261313098716904
2021-03-31,36.7,20.8,28.9,16,20.1,955.1,24.72,0,28.9,16.0,5.583333333333334,286.1111111111111,0.0,14.035924570993725,35.65853018372703,69.79210738578644,34.019727621986775,19.846853236441014
2021-04-01,36.0,19.8,27.9,12,19.0,956.2,25.18,0,27.9,12.0,5.277777777777778,291.43518518518516,0.0,12.185358866113269,34.98896396396396,69.71779321504442,33.29441127348443,18.31754399907208
2021-04-02,34.8,18.0,26.9,13,12.6,957.9,24.99,0,26.9,13.0,3.5,289.2361111111111,0.0,11.888468502833348,35.40694444444444,68.16097041966964,33.72113453625151,18.09331684087223
2021-04-03,34.7,19.9,26.9,14,16.1,960.1,24.65,0,26.9,14.0,4.472222222222222,285.30092592592587,0.0,12.183650256928598,34.429936461388074,68.16204287195177,32.70761420750935,18.104542472127633
2021-04-04,36.7,20.4,28.2,15,14.9,961.3,24.58,1,28.2,15.0,4.138888888888889,284.4907407407407,0.01,13.293906839591394,35.94350937183384,68.7437388336919,34.23557357335417,19.314436662080745
2021-04-05,39.4,20.9,31.4,16,21.1,960.0,22.54,41,31.4,16.0,5.861111111111112,260.8796296296296,0.41,15.644861732878205,36.17389705882353,61.8899194894542,34.319499131966765,21.32618262477945
2021-04-06,39.5,26.0,32.8,15,24.7,959.3,22.72,44,32.8,15.0,6.861111111111111,262.96296296296293,0.44,16.208200867210184,37.1231850117096,62.53225288881987,35.75965621401742,22.050377609389052
2021-04-07,37.0,23.2,30.0,22,18.5,961.1,23.49,2,30.0,22.0,5.138888888888888,271.87499999999994,0.02,16.436603723643106,36.636729452054794,68.57388243552862,35.042383420280636,21.832968496961133
2021-04-08,35.5,23.0,29.0,18,16.8,960.6,24.12,2,29.0,18.0,4.666666666666667,279.1666666666667,0.02,14.674836331817684,36.147629310344826,68.66680616728627,34.457317831677265,20.401911294341346
2021-04-09,35.7,23.1,28.8,14,17.1,961.2,24.89,9,28.8,14.0,4.75,288.0787037037037,0.09,13.367747015378008,35.85423492402659,68.37812908223128,34.11391898060987,19.408269895569923
2021-04-10,36.3,21.4,29.1,14,15.2,962.8,24.94,1,29.1,14.0,4.222222222222222,288.6574074074074,0.01,13.554700923431074,36.8859249497992,69.93575874601953,35.19856478557673,19.77547563636159
2021-04-11,37.1,21.4,29.7,14,14.1,963.1,24.63,6,29.7,14.0,3.9166666666666665,285.0694444444444,0.06,13.928602047999828,37.45282320872274,68.9758185262499,35.71113502826343,20.210586075344423
2021-04-12,38.4,21.3,30.7,12,13.0,963.5,24.39,8,30.7,12.0,3.611111111111111,282.2916666666667,0.08,13.868591072114388,38.56774193548387,68.89712482020485,36.720192910192566,20.491562137576846
2021-04-13,39.5,22.3,30.9,12,15.2,962.1,24.06,9,30.9,12.0,4.222222222222222,278.4722222222222,0.09,13.988813744312981,38.109243222891564,68.72106703830815,36.37362278434553,20.5040182655974
2021-04-14,37.3,23.3,30.9,15,15.3,961.4,19.2,72,30.9,15.0,4.25,222.2222222222222,0.72,15.004524797612653,34.74384384384384,52.70469356416737,32.391673135658216,20.541936127097625
2021-04-15,37.6,24.9,31.1,16,16.3,960.6,23.7,17,31.1,16.0,4.527777777777778,274.30555555555554,0.17,15.451795851478675,37.685732507288634,67.12405082014158,36.024186290026186,21.4634035974928
2021-04-16,37.1,25.1,30.3,24,24.0,959.3,18.12,56,30.3,24.0,6.666666666666666,209.72222222222223,0.56,17.16280863329981,33.535714285714285,53.38942245486356,30.924675318237597,21.751108900452728
2021-04-17,35.1,20.9,28.4,35,19.8,961.3,22.8,9,28.4,35.0,5.5,263.88888888888886,0.09,18.188110096451574,34.40033068783069,65.26131928290556,32.65649649707963,22.451743205082238
2021-04-18,36.3,23.2,29.7,22,13.0,963.0,23.28,12,29.7,22.0,3.611111111111111,269.44444444444446,0.12,16.22746633820802,37.053225806451614,65.9873720365797,35.3792210188022,21.739871598035936
2021-04-19,38.4,21.6,30.5,19,17.1,959.3,22.73,21,30.5,19.0,4.75,263.0787037037037,0.21,15.958371056727863,36.53731896961064,64.76860638304083,34.77050409405378,21.52832353363163
2021-04-20,37.3,23.7,29.4,21,27.2,957.4,16.14,60,29.4,21.0,7.555555555555555,186.80555555555554,0.6,15.758359960813362,32.00370575221239,49.664970247869576,28.742803386244233,20.37159312301183
2021-04-21,33.3,21.0,26.8,29,32.4,960.1,22.74,14,26.8,29.0,9.0,263.1944444444444,0.14,15.747171738931478,31.170907738095238,62.267470244907145,28.702995780028,19.937201764871084
2021-04-22,34.4,18.7,27.1,34,13.0,961.8,24.88,3,27.1,34.0,3.611111111111111,287.96296296296293,0.03,16.974596076653047,35.33481182795699,67.7196171172971,33.92308940041169,21.65917961924853
2021-04-23,37.9,21.8,30.0,22,22.6,959.8,22.25,18,30.0,22.0,6.277777777777778,257.52314814814815,0.18,16.436603723643106,35.19486350574713,64.16791308272832,33.35281595624397,21.544595307699602
2021-04-24,34.9,21.8,28.0,25,22.3,961.9,25.71,0,28.0,25.0,6.194444444444445,297.56944444444446,0.0,15.756253561147371,34.64547146401985,70.41988819085947,33.0168506423158,20.75847178560713
2021-04-25,36.7,21.1,28.6,17,12.8,962.1,25.7,0,28.6,17.0,3.555555555555556,297.4537037037037,0.0,14.130153439121028,37.291829004329,70.43423739466715,35.586468047932996,20.209473208250518
2021-04-26,38.4,21.4,30.3,12,10.6,960.4,25.6,0,30.3,12.0,2.944444444444444,296.2962962962963,0.0,13.628142633805414,39.62400932400932,70.96851580018426,37.48444907706363,20.494501708465656
2021-04-27,40.3,23.4,32.4,11,14.0,959.9,25.25,1,32.4,11.0,3.888888888888889,292.2453703703704,0.01,14.512234819781916,40.578304036458334,72.67170053174704,38.841986317748905,21.51422518113901
2021-04-28,41.0,23.5,33.0,10,15.1,960.5,24.66,19,33.0,10.0,4.194444444444445,285.41666666666663,0.19,14.467546118394111,40.02331948640483,69.38449738247493,38.32108700745385,21.431946180156846
2021-04-29,40.2,26.5,33.7,13,16.6,960.2,21.86,29,33.7,13.0,4.611111111111112,253.00925925925924,0.29,16.052476303476777,39.32689667630058,64.84383593096231,37.78563836541229,22.47211274769386
2021-04-30,37.8,26.8,32.7,22,20.1,959.7,19.95,56,32.7,22.0,5.583333333333334,230.90277777777777,0.56,18.318785150857593,36.627165354330714,57.56086378679396,34.845368346432615,23.418582676466457
2021-05-01,39.4,26.4,32.0,24,18.0,959.5,19.7,50,32.0,24.0,5.0,228.00925925925924,0.5,18.374646556246937,36.275173611111114,57.63118707221929,34.42893878454764,23.317287311595077
2021-05-02,35.9,26.7,30.9,27,17.3,960.2,14.84,75,30.9,27.0,4.805555555555555,171.75925925925924,0.75,18.34004252035611,33.63695703493862,47.80704567138446,31.121112227018926,22.655421171237
2021-05-03,36.4,24.9,31.2,26,19.3,959.0,15.67,50,31.2,26.0,5.361111111111112,181.36574074074073,0.5,18.313474423492444,34.48208780160858,52.17759479793034,32.14490036963769,22.835849656766428
2021-05-04,38.1,26.4,31.8,21,17.7,957.8,21.53,30,31.8,21.0,4.916666666666666,249.1898148148148,0.3,17.41168695377382,37.139781746031744,62.80146072907496,35.464624457808874,22.796137216848024
2021-05-05,38.4,25.8,32.5,24,17.8,957.8,21.66,18,32.5,24.0,4.944444444444445,250.69444444444443,0.18,18.731063076303588,38.23516061452514,65.41486645898988,36.85354168090986,24.00877627631754
2021-05-06,39.0,26.5,32.2,28,28.0,958.4,20.11,33,32.2,28.0,7.777777777777778,232.75462962962962,0.33,19.544629726263764,36.002502264492755,60.46091861373128,34.74699189780117,24.101741261283188
2021-05-07,37.9,24.3,30.4,39,23.6,960.6,20.08,24,30.4,39.0,6.555555555555555,232.40740740740736,0.24,20.576552233448275,34.82467948717949,60.62771933988188,33.23911887055994,24.40852246084969
2021-05-08,38.0,25.6,31.6,32,17.3,959.6,21.72,22,31.6,32.0,4.805555555555555,251.38888888888886,0.22,20.03767522306314,37.304320113314446,64.15146650383082,35.931428805541856,24.647236678807086
2021-05-09,38.9,26.5,32.3,28,22.4,957.8,21.2,22,32.3,28.0,6.222222222222221,245.37037037037035,0.22,19.618806281583602,37.164892739273924,63.94364251024393,35.853869045254235,24.396142944963305
2021-05-10,40.0,26.1,31.9,30,19.8,956.4,18.53,46,31.9,30.0,5.5,214.46759259259258,0.46,19.803198758766445,35.83190586419753,56.758708583372254,34.03846345967512,24.218620303976017
2021-05-11,36.4,25.0,31.4,31,25.9,956.1,18.0,40,31.4,31.0,7.194444444444444,208.33333333333331,0.4,19.656766108625842,34.816856492027334,56.326510940524656,32.96939700798591,23.863107574443557
2021-05-12,35.4,26.2,30.3,35,23.9,954.7,17.5,43,30.3,35.0,6.638888888888888,202.54629629629628,0.43,19.681022966836714,33.71524960222753,54.49001183853534,31.51821090738334,23.54976599723121
2021-05-13,36.4,24.8,29.9,40,24.7,954.9,20.27,30,29.9,40.0,6.861111111111111,234.60648148148147,0.3,20.3679015913637,34.10313719750195,59.51205528087985,32.37882692534166,24.06815855345498
2021-05-14,37.6,23.7,30.2,41,31.3,955.4,20.97,22,30.2,41.0,8.694444444444445,242.70833333333331,0.22,20.806310001408985,34.143395030425964,61.37233438090527,32.957145300169515,24.41309600707148
2021-05-15,37.7,25.4,31.6,35,21.7,956.3,18.93,31,31.6,35.0,6.027777777777778,219.0972222222222,0.31,20.70247458727223,35.797063916876574,59.13423938707689,34.23161064157366,24.811144994465877
2021-05-16,38.0,26.9,32.9,32,16.2,957.8,17.47,63,32.9,32.0,4.5,202.19907407407405,0.63,21.03582003523378,36.54490436159844,53.92196582246822,35.05286111159343,25.324054896983334
2021-05-17,33.9,26.7,29.9,47,24.1,959.2,11.66,98,29.9,47.0,6.694444444444445,134.9537037037037,0.98,21.67649028899431,31.371347980997623,41.07908627934154,28.64908613270959,24.437812798495543
2021-05-18,26.1,21.0,22.8,79,22.6,958.0,4.65,100,22.8,79.0,6.277777777777778,53.81944444444444,1.0,20.08555969728179,23.39652093596059,27.60698399978986,18.773461107873253,21.019195975289374
2021-05-19,21.7,20.0,20.9,94,32.4,952.7,2.92,94,20.9,94.0,9.0,33.79629629629629,0.94,20.160259765484934,21.219857804232802,24.10377622385579,14.223603586619307,20.44615339668601
2021-05-20,31.2,19.1,24.9,70,18.2,954.8,22.07,27,24.9,70.0,5.055555555555555,255.4398148148148,0.27,20.84476308559158,30.39336728821363,58.63417043767515,29.512170851810414,23.16000761755683
2021-05-21,33.6,21.4,27.7,65,12.4,956.5,22.92,4,27.7,65.0,3.4444444444444446,265.27777777777777,0.04,22.69948765638627,35.39654605263158,65.17014323914424,35.3342965028406,25.738950569996703
2021-05-22,33.7,23.5,28.4,62,16.9,956.8,21.74,13,28.4,62.0,4.694444444444444,251.62037037037035,0.13,22.873275220802046,34.467006924546325,63.12546801841978,33.97815269676843,25.744694039470694
2021-05-23,32.6,23.1,27.7,54,14.4,958.1,22.83,12,27.7,54.0,4.0,264.2361111111111,0.12,20.975850487527804,34.59949845679012,64.05632745597103,33.811510530301994,24.372995032627486
2021-05-24,35.3,21.8,28.7,46,20.7,958.6,24.16,0,28.7,46.0,5.75,279.6296296296296,0.0,20.4845867080668,35.203014642549526,68.84921715390732,34.02748470812149,24.249813624156666
2021-05-25,37.1,23.6,30.6,37,15.3,955.6,24.12,1,30.6,37.0,4.25,279.1666666666667,0.01,20.332833200181682,38.10731981981982,69.92858858599817,36.963471409847855,24.91444720409114
2021-05-26,38.0,25.1,31.6,38,19.5,953.4,22.63,7,31.6,38.0,5.416666666666667,261.92129629629625,0.07,21.339209281482752,37.66609722222222,67.77074498500804,36.62371386091555,25.63066594148237
2021-05-27,39.3,26.7,32.6,40,21.0,953.3,21.97,10,32.6,40.0,5.833333333333333,254.2824074074074,0.1,22.562993459824757,38.17465277777778,67.12163016408778,37.43110218601648,26.689025977432888
2021-05-28,40.2,25.2,33.5,37,17.5,954.2,22.09,9,33.5,37.0,4.861111111111111,255.67129629629628,0.09,22.644121738937052,39.69012617370892,68.16742985544096,38.98133511875423,27.13891045199772
2021-05-29,39.9,27.0,33.9,38,16.2,955.6,22.34,11,33.9,38.0,4.5,258.5648148148148,0.11,23.184823482773595,40.330098684210526,68.45434652932147,39.740019495862185,27.68539617478362
2021-05-30,39.6,27.3,33.7,37,16.3,955.5,23.11,11,33.7,37.0,4.527777777777778,267.47685185185185,0.11,22.80351910918761,40.332334183673474,69.32866171891015,39.67537790770592,27.39893021316602
2021-05-31,38.0,28.9,32.7,39,12.7,953.4,20.34,30,32.7,39.0,3.5277777777777777,235.41666666666666,0.3,22.434442841618115,38.566245928338766,61.644745894536925,37.739616687725885,26.68735917480043
2021-06-01,37.9,27.6,31.6,47,21.4,954.9,21.74,11,31.6,47.0,5.944444444444444,251.62037037037035,0.11,23.11580030403531,37.03155139593909,65.8729996855497,36.34550737907519,26.747370492012536
2021-06-02,38.0,26.0,31.0,50,16.2,957.0,21.91,10,31.0,50.0,4.5,253.58796296296296,0.1,23.1565589198678,37.339699074074076,65.79620762759174,36.72945973094369,26.777531058722275
2021-06-03,35.6,25.5,30.3,53,23.2,957.8,19.81,34,30.3,53.0,6.444444444444444,229.2824074074074,0.34,23.08094991371792,34.45713491100324,58.71454146711028,33.46155727440536,26.078091921803193
2021-06-04,35.1,26.7,30.9,48,8.0,957.5,17.68,44,30.9,48.0,2.2222222222222223,204.62962962962962,0.44,22.70727084255509,36.425,53.701929963067414,35.976757183944684,26.27008958978856
2021-06-05,37.3,26.5,31.2,46,18.9,956.7,19.87,21,31.2,46.0,5.249999999999999,229.97685185185185,0.21,22.58991525791819,36.22022640018067,61.567909225033645,35.21758304332137,26.176985960578865
2021-06-06,37.2,26.5,32.0,46,14.2,956.4,21.77,14,32.0,46.0,3.944444444444444,251.96759259259258,0.14,23.26361452677162,38.549592391304344,65.59270935594424,37.9619920520179,27.194448647001
2021-06-07,38.8,28.4,33.8,40,25.3,955.3,20.77,12,33.8,40.0,7.027777777777778,240.3935185185185,0.12,23.53857735448472,38.49683410315627,65.88978225014284,38.297061770163545,27.556370968770555
2021-06-08,39.7,29.9,34.8,38,24.7,953.8,22.31,5,34.8,38.0,6.861111111111111,258.21759259259255,0.05,23.907012441864218,40.10646223653396,69.83585482071862,40.261413620116464,28.236201156611745
2021-06-09,40.3,30.1,34.8,38,24.3,952.2,23.42,2,34.8,38.0,6.75,271.06481481481484,0.02,23.907012441864218,40.509663120567375,71.83434519186244,40.710271686371904,28.316841333418427
2021-06-10,40.0,30.4,35.0,36,28.5,951.1,22.68,6,35.0,36.0,7.916666666666666,262.5,0.06,23.608452809404884,39.928225806451614,70.01265506993872,40.5043792261914,28.011562127873738
2021-06-11,39.9,30.6,34.9,37,24.9,950.7,22.54,25,34.9,37.0,6.916666666666666,260.8796296296296,0.25,23.759898644718774,39.68887432012432,67.05480715362484,39.72612451808489,28.059703915328008
2021-06-12,39.9,30.9,35.0,36,23.8,951.4,23.63,2,35.0,36.0,6.611111111111111,273.4953703703703,0.02,23.608452809404884,40.8297697368421,72.30315080891205,40.9788132924754,28.19187091395184
2021-06-13,38.5,28.7,32.9,51,18.8,952.0,19.78,16,32.9,51.0,5.222222222222222,228.9351851851852,0.16,24.977746269859338,38.05104166666666,63.52461040629282,37.84796903828244,28.384630722234867
2021-06-14,38.4,28.1,32.6,51,26.2,950.7,20.26,20,32.6,51.0,7.277777777777778,234.49074074074073,0.2,24.718571874765495,36.89722850678733,63.028086618191026,36.88665364096828,27.94244601369331
2021-06-15,37.7,28.2,32.3,51,26.5,948.4,19.16,28,32.3,51.0,7.361111111111111,221.75925925925924,0.28,24.45939717168279,36.15711610486891,60.17638311799999,35.91360314413544,27.583001241151738
2021-06-16,34.6,25.1,30.2,61,19.5,950.1,19.01,35,30.2,61.0,5.416666666666667,220.02314814814815,0.35,24.339743652060207,34.55645833333333,57.57573359346139,34.07579453723471,26.96911222310881
2021-06-17,37.8,26.8,32.3,48,16.8,951.6,20.16,31,32.3,48.0,4.666666666666667,233.33333333333331,0.31,23.898795133372655,37.39913793103448,61.292160089695756,36.81960127822811,27.438984179567758
2021-06-18,37.9,27.5,32.7,48,21.8,952.0,21.19,50,32.7,48.0,6.055555555555555,245.25462962962962,0.5,24.239229237268518,36.85946922110553,59.8596255608457,36.298213806241385,27.609354310309065
2021-06-19,37.9,27.6,31.7,49,16.1,952.4,12.96,80,31.7,49.0,4.472222222222222,150.0,0.8,23.574085380656275,34.07536656891496,45.93696999331098,32.931488837178556,26.48693308024238
2021-06-20,35.3,27.8,31.0,56,15.9,953.7,14.6,72,31.0,56.0,4.416666666666667,168.98148148148147,0.72,24.213996986538287,33.87118977384464,47.975258832881195,33.16592642515622,26.82403584534573
2021-06-21,37.0,27.6,32.0,51,20.4,954.9,18.07,42,32.0,51.0,5.666666666666666,209.1435185185185,0.42,24.200222157272254,35.87242296006944,56.842776133864334,35.16134349032948,27.314640102104466
2021-06-22,37.6,29.0,33.2,46,20.8,955.0,17.76,38,33.2,46.0,5.777777777777778,205.55555555555557,0.38,24.274158399311975,37.06211340206186,57.991391252250196,36.42718138625204,27.724333559930756
2021-06-23,38.4,29.7,34.1,42,20.2,954.7,16.88,37,34.1,42.0,5.611111111111111,195.37037037037035,0.37,24.2087148002096,37.85141797556719,57.77545361867823,37.223050868144426,27.926383955260157
2021-06-24,39.1,30.0,33.7,41,18.8,954.5,17.98,39,33.7,41.0,5.222222222222222,208.10185185185185,0.39,23.66966153729228,37.79700520833334,58.56549459697948,37.02170768252846,27.498164117771264
2021-06-25,37.9,28.3,32.7,47,19.5,953.9,20.6,39,32.7,47.0,5.416666666666667,238.42592592592592,0.39,24.047112157571473,37.30638888888889,60.957179208549405,36.6991011967469,27.564256288077807
2021-06-26,37.4,26.6,31.8,50,11.7,955.0,17.96,33,31.8,50.0,3.2499999999999996,207.87037037037038,0.33,23.844336169794204,37.059750280583614,57.30812132792738,36.74684479613407,27.282985374972665
2021-06-27,38.4,28.9,33.7,42,17.7,957.2,19.36,40,33.7,42.0,4.916666666666666,224.07407407407405,0.4,23.879477775542032,38.219140989729226,60.109661244244705,37.56686826995672,27.729462640825265
2021-06-28,39.6,28.4,34.1,39,11.5,956.0,21.59,22,34.1,39.0,3.194444444444444,249.88425925925924,0.22,23.565318541837506,40.88499293785311,65.34228102595154,40.314833310681884,28.082721566856875
2021-06-29,40.7,28.9,35.2,35,23.2,954.1,22.27,11,35.2,35.0,6.444444444444444,257.7546296296296,0.11,23.53105208983399,40.52088137135922,69.25674249718332,40.50688490990937,28.09591273715564
2021-06-30,39.4,31.4,35.4,39,27.7,952.9,21.87,45,35.4,39.0,7.694444444444444,253.125,0.45,24.615408408557002,39.26334108315098,63.26858335452408,39.69939457317566,28.623454102620094
2021-07-01,38.6,30.3,34.4,41,25.5,950.9,23.47,17,34.4,41.0,7.083333333333333,271.6435185185185,0.17,24.242324515961137,39.54249281609195,69.0870234868114,39.75973494606415,28.318125724391187
2021-07-02,38.2,29.6,33.9,42,22.0,951.9,22.77,18,33.9,42.0,6.111111111111111,263.54166666666663,0.18,24.044096379326486,39.296015624999995,67.86439230141718,39.06861353542742,28.08007059052854
2021-07-03,37.5,28.9,33.0,45,21.0,954.2,22.56,24,33.0,45.0,5.833333333333333,261.1111111111111,0.24,23.908359762209916,38.3025641025641,65.97126585249299,37.86531850828284,27.69636465405976
2021-07-04,36.7,29.1,31.9,50,15.6,955.7,17.04,44,31.9,50.0,4.333333333333333,197.2222222222222,0.44,23.93030816023301,36.020535714285714,55.15808077622637,35.38041393051147,27.14532285502025
2021-07-05,36.9,27.8,31.6,55,15.2,956.1,17.23,41,31.6,55.0,4.222222222222222,199.4212962962963,0.41,24.569063011901317,35.89776920180723,55.52620358371473,35.58158631218591,27.53789794869237
2021-07-06,38.1,28.5,33.0,50,15.6,954.8,19.74,29,33.0,50.0,4.333333333333333,228.4722222222222,0.29,24.87599768188265,38.232421875,61.565029840399404,38.008461936290765,28.359682752317855
2021-07-07,39.1,30.1,34.7,39,20.2,953.9,20.34,45,34.7,39.0,5.611111111111111,235.41666666666666,0.45,24.049976450846536,38.99851112565445,61.32883102691824,38.517103790582325,28.10468574072346
2021-07-08,38.8,29.9,34.5,38,20.3,953.3,21.97,61,34.5,38.0,5.638888888888889,254.2824074074074,0.61,23.666283262976123,38.652836705831156,60.41821521895355,38.02899553390199,27.746965625249516
2021-07-09,38.8,28.7,33.8,44,10.4,953.1,21.63,65,33.8,44.0,2.888888888888889,250.3472222222222,0.65,24.375129818858692,39.1551386443662,58.10847372145446,38.8902245053609,28.273618602074325
2021-07-10,36.3,29.3,33.1,52,14.2,952.8,20.32,48,33.1,52.0,3.944444444444444,235.18518518518516,0.48,25.33745141044298,38.09585921325052,59.38420306736742,38.08016835961974,28.66538782996019
2021-07-11,36.4,29.6,32.5,59,20.9,953.4,18.56,83,32.5,59.0,5.805555555555555,214.81481481481478,0.83,26.068151652488503,35.40745501285347,51.80890177230856,35.308707027765486,28.579197159312645
2021-07-12,33.3,25.2,28.8,78,18.4,954.7,13.69,94,28.8,78.0,5.111111111111111,158.44907407407405,0.94,25.681432076728765,30.87637934981685,42.47607482315459,30.730184066979586,27.032278323673506
2021-07-13,34.2,27.3,29.9,74,15.8,954.5,18.78,80,29.9,74.0,4.388888888888889,217.36111111111111,0.8,26.121453925755528,33.37263313609467,50.22203878692403,33.941188711843935,27.949544375247804
2021-07-14,34.6,27.5,30.4,72,15.5,954.0,19.41,91,30.4,72.0,4.305555555555555,224.65277777777777,0.91,26.281961625317148,33.68931902985074,49.498692526365005,34.279229156065625,28.175236943692152
2021-07-15,36.1,26.9,31.7,65,18.4,954.3,21.88,43,31.7,65.0,5.111111111111111,253.2407407407407,0.43,26.36223684459456,36.615235805860806,61.053057494366044,37.08959619447384,28.94661295238835
2021-07-16,36.1,28.1,32.4,59,15.9,956.0,21.19,31,32.4,59.0,4.416666666666667,245.25462962962962,0.31,25.97865555950497,37.90195120452311,62.630121708085596,38.20594969795225,29.0054491325581
2021-07-17,38.4,28.1,32.9,58,17.1,955.1,20.04,92,32.9,58.0,4.75,231.94444444444443,0.92,26.249754387940637,36.11153846153846,52.098487498093164,36.218232502265046,28.887135763866134
2021-07-18,33.1,26.4,29.8,75,18.4,952.8,13.74,99,29.8,75.0,5.111111111111111,159.02777777777777,0.99,26.180122972225174,31.785662774725274,42.81233189029996,31.827253161067226,27.663218635502677
2021-07-19,28.3,26.3,27.0,91,12.7,951.1,4.39,100,27.0,91.0,3.5277777777777777,50.810185185185176,1.0,25.804881786932192,27.744774701411508,31.318245434340042,28.786296061907212,26.312372191134838
2021-07-20,33.8,25.2,29.2,71,22.1,951.5,19.52,77,29.2,71.0,6.138888888888889,225.9259259259259,0.77,25.003950809661738,32.31845386533666,50.85825208729858,31.847848122684333,26.886456339830545
2021-07-21,32.4,26.6,29.3,71,16.7,950.5,17.65,60,29.3,71.0,4.638888888888888,204.2824074074074,0.6,25.097408603665176,33.00887367915466,51.526903635895394,33.02616199103384,27.099960758396556
2021-07-22,33.6,26.9,29.6,72,13.9,948.9,18.9,65,29.6,72.0,3.861111111111111,218.74999999999997,0.65,25.531908889879706,33.765850313479625,52.26507790122014,34.3403014711808,27.585506285611718
2021-07-23,31.3,25.5,28.0,84,7.9,949.9,12.07,88,28.0,84.0,2.1944444444444446,139.69907407407408,0.88,25.78917461770667,30.71846846846847,39.982315846325605,32.85370841715165,26.996115926088365
2021-07-24,32.6,25.1,28.8,81,12.7,951.2,17.09,90,28.8,81.0,3.5277777777777777,197.80092592592592,0.9,26.12515970947551,31.98929831704669,45.939335182552554,33.220729851292795,27.565471460042193
2021-07-25,34.9,26.6,30.8,72,13.5,950.9,21.29,52,30.8,72.0,3.75,246.412037037037,0.52,26.656987544320028,36.009854497354496,57.90677943618823,37.0858114952194,28.941862180494923
2021-07-26,32.2,26.4,29.3,80,12.1,950.0,15.43,99,29.3,80.0,3.3611111111111107,178.58796296296296,0.99,26.45766765451942,31.996618909191586,43.58600935325353,33.40666755114716,27.84969114000191
2021-07-27,29.8,25.5,27.1,83,24.3,949.2,10.6,97,27.1,83.0,6.75,122.68518518518518,0.97,24.77370714071506,28.444316390858944,37.639129576881146,26.988965686849127,25.740458276672328
2021-07-28,30.1,25.1,26.7,84,20.1,950.0,12.28,99,26.7,84.0,5.583333333333334,142.12962962962962,0.99,24.527657087978717,28.395483377077863,38.69289420711806,27.367895108569932,25.518456637000675
2021-07-29,30.1,24.9,27.0,83,18.3,950.6,13.74,91,27.0,83.0,5.083333333333333,159.02777777777777,0.91,24.676921270731526,29.14884641873278,41.28445566958345,28.624386914263287,25.803614173258623
2021-07-30,27.6,24.9,25.9,93,14.5,951.0,3.81,98,25.9,93.0,4.027777777777778,44.09722222222222,0.98,24.993704357633607,26.52278846153846,29.802623844478603,26.584822665712878,25.390150742651215
2021-07-31,26.1,24.6,25.3,94,22.3,951.1,4.65,98,25.3,94.0,6.194444444444445,53.81944444444444,0.98,24.53445022402502,25.91298076923077,30.098895612888327,23.980629776568936,24.886711310663667
2021-08-01,31.3,24.2,27.0,85,17.4,950.9,15.29,93,27.0,85.0,4.833333333333333,176.96759259259258,0.93,24.960360525495048,29.40705920433145,42.50080319214857,29.285811256631586,26.05366420871282
2021-08-02,29.9,24.4,26.0,86,24.5,951.4,7.78,99,26.0,86.0,6.805555555555555,90.04629629629629,0.99,24.1263032170049,26.962965686274508,33.759501387949285,24.790908263426758,24.881005389158332
2021-08-03,29.8,24.3,25.9,89,23.2,952.0,8.83,97,25.9,89.0,6.444444444444444,102.19907407407408,0.97,24.443350731602298,27.04973958333333,34.85724651332163,25.324639303827837,25.110293428788275
2021-08-04,30.3,24.9,26.8,86,14.4,952.4,10.99,65,26.8,86.0,4.0,127.19907407407408,0.65,24.906609632170106,29.18498263888889,40.871792042673064,29.610075181301365,25.95162327029685
2021-08-05,31.7,24.9,27.9,82,13.8,953.0,18.54,60,27.9,82.0,3.8333333333333335,214.58333333333331,0.6,25.403536973280502,32.15117924528302,51.188652999384544,33.06296502365974,27.002711730352953
2021-08-06,32.7,25.7,28.1,84,11.8,953.0,16.78,94,28.1,84.0,3.2777777777777777,194.21296296296296,0.94,25.886214326972397,31.20871085011186,44.36844640793885,32.624236610027815,27.17209219890305
2021-08-07,31.0,25.6,27.6,84,12.8,954.4,10.95,97,27.6,84.0,3.555555555555556,126.7361111111111,0.97,25.40101563792773,29.507213879870132,38.312099627316,30.328685576210486,26.44215372252344
2021-08-08,32.1,25.0,28.4,80,14.2,955.9,17.34,98,28.4,80.0,3.944444444444444,200.69444444444443,0.98,25.59363562057946,31.260830745341615,44.764569626181185,31.922718484228774,27.007711083473943
2021-08-09,32.9,25.8,28.8,74,21.9,956.4,20.46,86,28.8,74.0,6.083333333333333,236.80555555555554,0.86,25.083692356536215,31.84464285714286,49.965547084884804,31.419145415188098,26.80751322100392
2021-08-10,32.8,26.2,29.1,69,22.6,955.9,22.85,42,29.1,69.0,6.277777777777778,264.4675925925926,0.42,24.603439031141413,33.73143986042693,60.22942577766281,33.51665644470109,26.878695293884373
2021-08-11,32.2,25.1,28.3,68,21.2,956.2,24.47,73,28.3,68.0,5.888888888888888,283.21759259259255,0.73,23.708691112570573,32.429052402210885,55.79411076612712,31.722106743665375,25.911894259241578
2021-08-12,32.4,24.2,28.1,68,18.0,957.1,23.57,58,28.1,68.0,5.0,272.8009259259259,0.58,23.523621795488314,32.94221643518519,57.51658388199172,32.490443304617116,25.864978543878856
2021-08-13,32.5,25.2,28.5,66,17.2,955.6,22.47,51,28.5,66.0,4.777777777777778,260.0694444444444,0.51,23.586628935684264,33.45387961647727,57.82485149942994,33.04727932232638,26.05141617827444
2021-08-14,32.3,24.8,28.2,68,20.7,953.7,23.58,34,28.2,68.0,5.75,272.91666666666663,0.34,23.616156465259483,33.467926356589146,61.86985799906421,33.03894931252757,26.044894796999465
2021-08-15,32.8,24.6,28.2,67,17.3,954.7,23.85,5,28.2,67.0,4.805555555555555,276.0416666666667,0.05,23.463873398555897,35.06194228045326,67.2116473056908,34.90401377886233,26.257099835079778
2021-08-16,33.6,24.3,28.9,62,12.4,957.3,22.04,10,28.9,62.0,3.4444444444444446,255.09259259259258,0.1,23.32606408966922,36.07447916666666,63.91078381911177,35.99471195594867,26.433140696101788
2021-08-17,35.4,25.7,30.0,56,16.0,956.9,23.08,30,30.0,56.0,4.444444444444445,267.1296296296296,0.3,23.330174468473825,36.010416666666664,63.2743635198168,35.519057554632276,26.53320546126501
2021-08-18,35.3,26.2,30.6,54,13.1,954.8,22.02,70,30.6,54.0,3.638888888888889,254.8611111111111,0.7,23.516471340914247,35.39401125401929,55.471943827091536,34.983364050708346,26.600332189443833
2021-08-19,36.1,27.3,31.1,53,22.1,953.8,21.84,87,31.1,53.0,6.138888888888889,252.77777777777777,0.87,23.778624299105193,34.30542394014962,52.992756989869406,33.25242947515366,26.616121797403558
2021-08-20,33.8,26.4,29.9,66,13.7,955.3,13.36,99,29.9,66.0,3.8055555555555554,154.62962962962962,0.99,24.873167368931217,32.117008412197684,42.43423518776814,32.03777084334959,26.824618840691386
2021-08-21,30.7,24.8,27.3,83,12.4,956.5,15.95,93,27.3,83.0,3.4444444444444446,184.60648148148147,0.93,24.967278835774092,30.22394805372807,43.11433367495158,31.09758412277848,26.25188479578748
2021-08-22,31.3,24.3,27.1,85,12.3,956.6,15.93,62,27.1,85.0,3.416666666666667,184.375,0.62,25.057651136297814,30.87877475247525,47.08711219850073,31.993236547639437,26.42611074590352
2021-08-23,31.8,25.1,28.3,77,16.0,955.8,19.74,47,28.3,77.0,4.444444444444445,228.4722222222222,0.47,25.05673920514425,32.9265625,55.06655634440153,33.31257547528087,26.955029943600977
2021-08-24,34.9,26.9,30.2,62,24.5,955.2,21.0,75,30.2,62.0,6.805555555555555,243.05555555555554,0.75,24.503312060931385,33.41691176470588,53.40998375096666,32.7400250718536,26.855700795593144
2021-08-25,33.8,27.1,29.9,59,22.8,953.9,23.08,63,29.9,59.0,6.333333333333333,267.1296296296296,0.63,23.741244494372772,33.936407271241826,57.44373712143306,33.1449951335269,26.396152600309307
2021-08-26,32.3,25.2,28.4,63,21.0,952.9,22.47,74,28.4,63.0,5.833333333333333,260.0694444444444,0.74,23.029773237452822,32.18100961538461,53.69713283522907,31.06717016971746,25.397043189293896
2021-08-27,33.2,23.8,28.3,64,15.5,954.2,22.4,61,28.3,64.0,4.305555555555555,259.25925925925924,0.61,23.09425766752906,33.1407960199005,55.76943479138686,32.67997260936202,25.62413957125044
2021-08-28,33.2,24.1,28.9,64,8.7,954.5,20.74,65,28.9,64.0,2.4166666666666665,240.04629629629628,0.65,23.641680681342535,34.36172752808989,52.59204846296325,34.734902750002334,26.311521982557753
2021-08-29,31.9,25.9,28.5,71,12.0,954.9,15.95,60,28.5,71.0,3.333333333333333,184.60648148148147,0.6,24.349745691739013,32.376736111111114,48.53139565463022,32.79178619792365,26.37016920643953
2021-08-30,31.1,24.9,27.4,81,16.5,957.2,16.26,66,27.4,81.0,4.583333333333333,188.19444444444446,0.66,24.77741083873557,30.6893115942029,47.49878889142229,30.777852862435054,26.22204990595548
2021-08-31,30.6,24.6,26.7,84,19.6,958.4,16.62,84,26.7,84.0,5.444444444444445,192.36111111111111,0.84,24.527657087978717,29.370545212765958,44.800557706046106,28.832775678209842,25.713469004138297
2021-09-01,30.4,24.1,26.4,87,15.7,958.1,15.35,96,26.4,87.0,4.361111111111111,177.662037037037,0.96,24.656069854189994,28.867235410484668,41.57587246192497,28.975363272963722,25.67269598002993
2021-09-02,30.6,24.0,26.4,87,16.7,956.5,14.62,93,26.4,87.0,4.638888888888888,169.21296296296293,0.93,24.656069854189994,28.748012728146012,41.32194509121115,28.630136222720846,25.648851443562197
2021-09-03,29.7,23.6,25.9,90,16.5,955.5,14.12,96,25.9,90.0,4.583333333333333,163.4259259259259,0.96,24.58117766880238,28.116908212560386,40.01558313168272,28.029717718088865,25.42020601067374
2021-09-04,30.8,24.5,27.4,82,9.6,955.6,18.66,66,27.4,82.0,2.6666666666666665,215.9722222222222,0.66,24.920894482148817,32.11852355072463,49.275706463897905,33.54449777855117,26.6083308476491
2021-09-05,31.3,24.9,27.7,83,8.7,955.7,16.47,72,27.7,83.0,2.4166666666666665,190.62499999999997,0.72,25.354422047395737,31.812359550561798,46.145074477481614,33.55917691132588,26.880567343289375
2021-09-06,32.1,25.6,28.4,82,7.9,956.8,18.18,58,28.4,82.0,2.1944444444444446,210.41666666666666,0.58,25.88617908778298,33.591361003861,50.19494253885779,35.44482365073501,27.678597562220286
2021-09-07,31.9,25.6,28.2,82,17.8,957.2,18.87,67,28.2,82.0,4.944444444444445,218.40277777777777,0.67,25.693122286849434,31.851230796089386,50.948796556259026,32.277635175036366,27.17543176001248
2021-09-08,30.4,25.0,27.4,81,23.4,955.6,17.16,37,27.4,81.0,6.499999999999999,198.61111111111111,0.37,24.77741083873557,30.91887077294686,52.53395821386994,30.556796338556072,26.26796174170427
2021-09-09,30.6,24.3,27.0,83,17.0,955.1,18.5,53,27.0,83.0,4.722222222222222,214.12037037037035,0.53,24.676921270731526,31.046875,51.6452899691451,31.268598049127107,26.183219889512067
2021-09-10,29.5,23.9,25.8,88,16.9,954.7,14.66,91,25.8,88.0,4.694444444444444,169.67592592592592,0.91,24.20732273292772,28.184700334288443,41.09588133435318,27.868477754594924,25.16206597990709
2021-09-11,28.8,24.0,25.3,90,18.1,954.0,12.07,99,25.3,90.0,5.027777777777778,139.69907407407408,0.99,23.99018650666344,27.058815212373037,37.228543460195795,26.179365180293207,24.734893597139017
2021-09-12,28.6,23.3,25.5,91,15.4,953.1,12.03,94,25.5,91.0,4.277777777777778,139.2361111111111,0.94,24.323913545750028,27.488491766467067,37.86930742591716,27.45779277502407,25.07443783531843
2021-09-13,30.4,23.9,26.6,86,15.8,953.7,17.19,76,26.6,86.0,4.388888888888889,198.95833333333334,0.76,24.711533112721423,29.884578402366866,46.390486920472426,30.198404028773755,25.934988859378368
2021-09-14,30.7,24.8,27.3,85,19.7,955.5,18.22,39,27.3,85.0,5.472222222222222,210.87962962962962,0.39,25.252232315355368,31.35258068081344,53.63835507937756,31.60156622394424,26.677078756911445
2021-09-15,30.9,24.6,27.4,74,32.5,956.4,18.75,28,27.4,74.0,9.027777777777777,217.01388888888889,0.28,23.762901673786903,30.72611386138614,55.297997883186554,29.989602499251824,25.519253943928064
2021-09-16,32.2,23.8,26.9,72,20.5,955.4,21.06,13,26.9,72.0,5.694444444444445,243.74999999999997,0.13,23.000471725369803,32.22767857142857,61.05852372168573,31.71118566678903,25.235865922044578
2021-09-17,29.1,22.8,25.7,79,24.3,954.6,13.45,48,25.7,79.0,6.75,155.67129629629628,0.48,22.86192452554158,28.217237982663512,44.85041671714265,26.419818900139422,24.216794764411805
2021-09-18,29.4,24.1,26.1,85,20.9,956.4,13.85,44,26.1,85.0,5.805555555555555,160.30092592592592,0.44,24.084744383158014,28.992834190231363,46.26978556402554,28.230709496813972,25.26788790625688
2021-09-19,29.7,24.1,26.2,86,15.1,958.2,15.03,53,26.2,86.0,4.194444444444445,173.95833333333331,0.53,24.321379905439475,29.676538897280967,46.671776747926515,30.014235177856545,25.580273713263825
2021-09-20,30.4,23.9,26.6,86,12.4,957.7,15.64,49,26.6,86.0,3.4444444444444446,181.0185185185185,0.49,24.711533112721423,30.646121162280703,48.025017539628266,31.701761416151403,26.08729741136114
2021-09-21,29.3,23.8,26.0,90,11.5,956.8,13.73,57,26.0,90.0,3.194444444444444,158.91203703703704,0.57,24.679676150675046,29.466437146892655,44.05798111502787,30.792575850486735,25.769060734851063
2021-09-22,29.7,23.7,25.7,90,15.3,956.1,13.31,71,25.7,90.0,4.25,154.05092592592592,0.71,24.38418066649041,28.385482357357358,42.008168166961184,28.615474814868044,25.316022938014758
2021-09-23,29.4,23.6,25.9,88,12.4,957.6,11.94,72,25.9,88.0,3.4444444444444446,138.19444444444443,0.72,24.305347097339506,28.518421052631577,40.31794268083013,29.282266805485452,25.307427178663968
2021-09-24,30.0,23.8,26.6,84,13.3,958.7,17.79,23,26.6,84.0,3.6944444444444446,205.90277777777774,0.23,24.430617175920535,31.83966653354633,54.460924145532886,32.70428729322405,26.129365329853638
2021-09-25,30.3,23.4,26.5,85,10.0,957.9,16.66,40,26.5,85.0,2.7777777777777777,192.82407407407408,0.4,24.4739072572152,31.458333333333336,49.932630343075004,32.8607459574222,26.07340174671731
2021-09-26,29.4,23.6,26.0,86,13.3,957.2,15.11,30,26.0,86.0,3.6944444444444446,174.88425925925924,0.3,24.1263032170049,30.27432774227902,49.332977813349544,31.02718186169514,25.543277800359235
2021-09-27,30.0,23.7,26.5,84,17.3,957.7,13.89,42,26.5,84.0,4.805555555555555,160.76388888888889,0.42,24.33357724908168,29.738048866855525,46.89002238601489,29.606351753727846,25.63111384772828
2021-09-28,31.4,25.1,27.7,78,22.6,958.1,18.96,19,27.7,78.0,6.277777777777778,219.44444444444443,0.19,24.631319237513463,32.102401477832515,57.77970013673303,31.949239050989608,26.432403761825924
2021-09-29,31.0,24.5,27.4,81,22.0,959.0,16.88,29,27.4,81.0,6.111111111111111,195.37037037037035,0.29,24.77741083873557,31.158437499999998,53.298827605268514,30.91615335482461,26.315875087114897
2021-09-30,30.3,24.6,26.7,85,15.8,961.0,15.05,54,26.7,85.0,4.388888888888889,174.1898148148148,0.54,24.66848860753379,30.085878944773174,47.031377145539466,30.37752369753317,25.955117814228288
2021-10-01,31.6,23.6,27.4,82,8.4,961.3,17.7,35,27.4,82.0,2.3333333333333335,204.8611111111111,0.35,24.920894482148817,33.16171875,52.1394708959412,34.6576601278976,26.81696988750417
2021-10-02,31.6,24.3,27.2,82,9.7,960.4,16.87,28,27.2,82.0,2.694444444444444,195.25462962962962,0.28,24.727837379081233,32.65585138387485,52.27942709158407,33.99804449698579,26.56065644213183
2021-10-03,31.9,24.4,27.9,74,12.3,959.2,17.04,19,27.9,74.0,3.416666666666667,197.2222222222222,0.19,24.234613055480324,33.201567656765675,54.862243228646946,33.74787993063375,26.39454267018936
2021-10-04,31.8,23.8,27.6,70,11.9,958.5,18.8,7,27.6,70.0,3.3055555555555554,217.59259259259258,0.07,23.359952050839983,33.9203734671126,58.69128745528957,34.2031105019852,25.89604112901051
2021-10-05,31.8,23.5,27.6,70,9.4,960.4,17.88,9,27.6,70.0,2.611111111111111,206.94444444444443,0.09,23.359952050839983,34.0915602189781,56.40361398545696,34.58178482220829,25.93027847938361
2021-10-06,32.2,24.7,28.1,70,11.0,960.6,17.05,18,28.1,70.0,3.0555555555555554,197.33796296296296,0.18,23.825726024619673,33.673096264367814,54.91531753410777,34.12922162913004,26.222627470107334
2021-10-07,33.4,23.6,27.8,65,7.4,959.3,19.51,6,27.8,65.0,2.055555555555556,225.8101851851852,0.06,22.791056854810073,35.561113845144355,58.305869079637716,35.614304978883084,25.845962567395922
2021-10-08,34.1,21.9,27.6,55,8.3,958.4,20.11,0,27.6,55.0,2.305555555555556,232.75462962962962,0.0,21.049129109090078,35.56498732572877,60.32965173266251,35.01735643376117,24.60738784150881
2021-10-09,34.6,20.8,27.9,52,10.4,958.9,19.66,2,27.9,52.0,2.888888888888889,227.54629629629628,0.02,20.823617878523816,35.03886443661972,60.492494184392854,34.395695726274916,24.374305402290613
2021-10-10,34.6,23.6,28.6,51,12.4,959.4,19.31,6,28.6,51.0,3.4444444444444446,223.49537037037035,0.06,21.26288247576668,35.018140076754385,60.45595269969601,34.267774867272486,24.74764574838755
2021-10-11,34.1,22.5,28.1,51,11.0,958.8,19.2,4,28.1,51.0,3.0555555555555554,222.2222222222222,0.04,20.83091702769041,34.858620689655176,59.875605681114735,34.15480358050532,24.363366057314323
2021-10-12,34.2,23.1,28.0,47,12.1,959.0,18.03,8,28.0,47.0,3.3611111111111107,208.68055555555557,0.08,20.067834600567224,33.990033222591364,57.79692014615989,32.97391697901812,23.64549086491533
2021-10-13,34.1,22.6,27.4,38,15.2,959.5,19.35,0,27.4,38.0,4.222222222222222,223.95833333333334,0.0,17.968873881418304,33.47115963855421,60.806150016903075,31.822213259564162,22.01244364470365
2021-10-14,32.9,20.0,25.8,41,13.9,959.6,19.65,0,25.8,41.0,3.861111111111111,227.43055555555551,0.0,17.20657027277675,32.21653605015674,59.877895624723635,30.723016987406396,21.067906400975076
2021-10-15,32.4,18.4,25.1,41,11.1,957.3,19.75,0,25.1,41.0,3.083333333333333,228.58796296296296,0.0,16.633873056169453,32.169730813287515,58.92736027746815,30.96402420306751,20.587657301976122
2021-10-16,31.9,18.1,25.8,47,9.7,957.1,18.84,3,25.8,47.0,2.694444444444444,218.05555555555554,0.03,18.205159170576398,32.77856498194946,57.26660981765747,31.867715644012925,21.87932441579337
2021-10-17,30.6,22.8,25.7,73,17.8,957.7,11.49,84,25.7,73.0,4.944444444444445,132.98611111111111,0.84,22.017432121655677,27.63907122905028,38.63125438919815,25.819130989384675,23.510016730969028
2021-10-18,25.9,21.2,23.3,91,14.8,956.7,5.73,77,23.3,91.0,4.111111111111112,66.31944444444444,0.77,22.15182161229998,24.419140625,30.429474577741985,23.193169771107737,22.720103253609985
2021-10-19,29.5,19.4,23.8,74,13.1,960.0,18.25,1,23.8,74.0,3.638888888888889,211.22685185185185,0.01,20.36656512235915,29.882110798499465,55.94976755968173,29.818226108999887,22.613017745351296
2021-10-20,30.4,18.4,23.7,63,17.4,963.0,18.59,0,23.7,63.0,4.833333333333333,215.16203703703704,0.0,18.75743330867574,29.170221280602636,56.927312748158045,27.833162820273323,21.334247572193544
2021-10-21,30.2,18.8,23.9,44,20.1,963.3,18.72,0,23.9,44.0,5.583333333333334,216.66666666666663,0.0,16.130228027407544,29.01811023622047,57.30416247654347,26.523850913674615,19.484781666429374
2021-10-22,29.4,19.3,23.7,57,15.7,963.1,18.26,0,23.7,57.0,4.361111111111111,211.3425925925926,0.0,17.906159819649986,29.344164193867456,56.327820421210504,27.990598466114193,20.77314471252848
2021-10-23,27.9,18.2,22.8,66,14.9,963.6,16.87,11,22.8,66.0,4.138888888888889,195.25462962962962,0.11,18.34852932332876,27.84753989361702,51.91067072675378,26.769001762419077,20.693478505053534
2021-10-24,26.5,19.3,22.4,67,13.5,964.6,13.11,35,22.4,67.0,3.75,151.7361111111111,0.35,18.11520802926247,25.976636904761904,42.9254066376223,24.655850447517317,20.115973001436107
2021-10-25,28.4,18.6,23.2,61,11.2,965.4,16.66,9,23.2,61.0,3.1111111111111107,192.82407407407408,0.09,18.025008327277597,28.87576341324201,51.60021621257482,28.347488358040728,20.712658511742717
2021-10-26,28.4,18.1,22.3,55,11.8,964.6,17.64,0,22.3,55.0,3.2777777777777777,204.16666666666666,0.0,16.385127572598677,28.466107382550337,53.723630144062895,27.653401331719248,19.392810777329142
2021-10-27,28.4,16.6,21.9,53,10.4,966.4,17.5,1,21.9,53.0,2.888888888888889,202.54629629629628,0.01,15.755221632401021,28.286627053990607,52.68264632375593,27.63138149169957,18.875980553478836
2021-10-28,29.2,16.3,21.9,49,9.2,966.6,17.59,0,21.9,49.0,2.5555555555555554,203.58796296296296,0.0,15.19051984627323,28.636366421568628,52.523175753802946,27.99369891762502,18.55063717670499
2021-10-29,27.8,15.6,21.4,47,9.8,967.8,17.59,0,21.4,47.0,2.7222222222222223,203.58796296296296,0.0,14.47973058213072,27.990977218225417,52.35798465563238,27.23839167078497,17.87400685113659
2021-10-30,29.4,14.7,21.5,47,11.1,967.8,17.58,0,21.5,47.0,3.083333333333333,203.4722222222222,0.0,14.564400673807494,27.79295532646048,52.82879968730509,26.819666238862883,17.90367153695734
2021-10-31,30.0,15.1,22.3,43,11.6,965.5,17.29,1,22.3,43.0,3.222222222222222,200.11574074074073,0.01,14.647376953550985,28.3541772240991,53.00010641417299,27.094569796391234,18.15399931230551
2021-11-01,29.3,14.6,21.7,50,11.0,964.2,17.26,0,21.7,50.0,3.0555555555555554,199.76851851851853,0.0,15.160950736414613,27.89971264367816,52.462912027239554,27.02321160091209,18.36260804422586
2021-11-02,27.8,14.3,20.8,52,12.7,965.3,16.92,0,20.8,52.0,3.5277777777777777,195.83333333333334,0.0,14.660322651081202,26.541042345276875,51.59911135509873,25.36374392953911,17.650434324812217
2021-11-03,28.7,15.1,21.3,52,11.5,965.6,16.62,1,21.3,52.0,3.194444444444444,192.36111111111111,0.01,15.09436526335217,27.13930084745763,51.139899019257996,26.195457913332355,18.123915853838042
2021-11-04,27.7,14.9,20.9,43,11.2,964.9,17.15,0,20.9,43.0,3.1111111111111107,198.49537037037035,0.0,13.48808880629188,27.01800799086758,51.71278334817532,25.88840795503767,16.935263762577833
2021-11-05,26.7,14.9,20.4,55,10.5,964.8,16.3,39,20.4,55.0,2.9166666666666665,188.65740740740742,0.39,14.713098615553662,25.195869883040935,44.64720908215571,24.29556696726857,17.378343007495747
2021-11-06,28.9,14.2,21.2,50,9.0,963.8,16.46,55,21.2,50.0,2.5,190.50925925925927,0.55,14.731067483164878,25.803973765432097,42.923956559374915,24.933285582759602,17.592541991301836
2021-11-07,30.1,15.4,22.4,43,10.8,963.3,16.43,24,22.4,43.0,3.0,190.162037037037,0.24,14.730182700378261,27.629456018518518,48.54643369092929,26.298298879747037,18.077019093968484
2021-11-08,29.7,15.9,21.6,47,9.4,965.0,16.2,42,21.6,47.0,2.611111111111111,187.49999999999997,0.42,14.649070703286593,26.4654197080292,44.8054345525274,25.45141233275763,17.707433433906452
2021-11-09,30.3,14.8,21.4,49,11.6,965.6,16.25,14,21.4,49.0,3.222222222222222,188.0787037037037,0.14,14.762774130141043,26.718306587837837,48.97133118122679,25.505272001172244,17.8176032086663
2021-11-10,29.6,15.4,21.8,48,10.1,965.0,16.14,46,21.8,48.0,2.8055555555555554,186.80555555555554,0.46,14.96214696288419,26.406983985765123,44.564296603174796,25.243276598932553,17.93489967117196
2021-11-11,28.2,14.4,20.9,46,9.2,964.4,16.04,9,20.9,46.0,2.5555555555555554,185.64814814814812,0.09,13.915753469719299,26.766344975490192,48.2017782519286,25.973570744685126,17.184296423901547
2021-11-12,27.6,14.5,20.7,51,8.8,964.8,15.79,28,20.7,51.0,2.4444444444444446,182.75462962962962,0.28,14.437698946150775,25.97806281094527,45.11642110032028,25.336609262912603,17.372001824494596
2021-11-13,26.7,13.8,20.2,51,9.0,964.8,15.79,0,20.2,51.0,2.5,182.75462962962962,0.0,14.005714973181863,26.29182098765432,48.2982300514243,25.794473985367876,17.082364678758168
2021-11-14,24.9,12.7,19.2,53,10.0,963.7,15.8,0,19.2,53.0,2.7777777777777777,182.87037037037038,0.0,13.400456748206786,25.07797619047619,47.87514426437349,24.524311792925058,16.315914961839987
2021-11-15,24.8,11.3,17.9,59,9.2,962.8,15.62,0,17.9,59.0,2.5555555555555554,180.787037037037,0.0,13.001392990702989,23.88192401960784,46.25482054879893,23.799708429437327,15.667359897413661
2021-11-16,24.5,11.4,17.3,54,9.4,963.7,15.81,8,17.3,54.0,2.611111111111111,182.98611111111111,0.08,11.864377877620104,23.07007299270073,45.137993465367174,22.7624792895198,14.649079112874219
2021-11-17,23.8,10.4,16.9,59,12.4,965.3,15.61,79,16.9,59.0,3.4444444444444446,180.67129629629628,0.79,12.106380319411532,20.136036869517543,35.680685884637455,17.991743020138465,14.191673597491581
2021-11-18,22.5,13.0,17.5,68,13.7,964.4,11.29,95,17.5,68.0,3.8055555555555554,130.67129629629628,0.95,13.71480334230424,19.44770307570978,29.720664124207474,16.317206638632026,15.239902954754923
2021-11-19,22.1,15.1,17.8,78,10.3,962.4,9.25,86,17.8,78.0,2.861111111111111,107.06018518518518,0.86,15.180203006839246,19.740702296819787,28.411593063059627,18.4947118001387,16.35428256415143
2021-11-20,21.1,15.4,17.2,88,10.0,962.6,7.03,56,17.2,88.0,2.7777777777777777,81.36574074074073,0.56,15.777172532324155,19.083035714285714,27.417778757834412,18.284501785420193,16.58062791548405
2021-11-21,25.5,14.2,19.4,74,10.6,964.3,14.3,0,19.4,74.0,2.944444444444444,165.50925925925927,0.0,16.2154491199717,24.60833333333333,45.791662481840376,24.62446204762615,18.212481050646858
2021-11-22,26.9,15.0,19.2,44,12.3,964.5,15.26,0,19.2,44.0,3.416666666666667,176.62037037037035,0.0,12.21577627426852,24.446149614961495,47.58579880102292,22.913523872745536,15.360273314980263
2021-11-23,25.8,11.3,18.0,46,9.5,963.0,15.25,0,18.0,46.0,2.638888888888889,176.50462962962962,0.0,11.473397981100419,23.776515151515152,45.85599569384152,23.139448168180202,14.586681617073324
2021-11-24,25.3,13.1,18.7,56,10.5,963.8,14.92,0,18.7,56.0,2.9166666666666665,172.68518518518516,0.0,13.342731405567623,24.153216374269004,46.208655215546855,23.519256201932098,16.040555258751137
2021-11-25,25.8,12.3,18.6,69,10.4,964.9,14.39,0,18.6,69.0,2.888888888888889,166.55092592592592,0.0,14.854396147227785,23.878022300469485,45.233868512691686,23.735365220299474,17.033681763153346
2021-11-26,26.1,14.9,19.3,76,11.3,964.9,14.32,0,19.3,76.0,3.138888888888889,165.74074074074073,0.0,16.366855303741364,24.391012514220705,45.91599564902202,24.30212191259154,18.265001215463094
2021-11-27,25.7,13.9,19.1,73,10.1,965.3,14.42,0,19.1,73.0,2.8055555555555554,166.89814814814815,0.0,15.80994304075761,24.44549228944247,45.60174095207549,24.5583377585146,17.86605858641882
2021-11-28,26.0,13.6,18.8,73,10.5,966.9,14.16,2,18.8,73.0,2.9166666666666665,163.88888888888889,0.02,15.527781966165186,23.923684210526318,44.813602575031325,23.885312331508857,17.534184218420894
2021-11-29,25.4,13.8,18.8,70,11.3,968.0,13.87,53,18.8,70.0,3.138888888888889,160.5324074074074,0.53,15.16223387648752,22.424306740614334,38.479341619853585,21.474437468555355,16.97842506166413
2021-11-30,24.6,12.8,18.3,51,10.7,967.6,13.42,99,18.3,51.0,2.972222222222222,155.32407407407408,0.99,12.364162991660603,20.759748838559815,31.75830715039058,18.55689030265557,14.636863861874385
2021-12-01,21.5,13.9,17.5,62,10.9,967.3,7.05,100,17.5,62.0,3.0277777777777777,81.59722222222221,1.0,13.002287720892543,18.77054498269896,24.782493395151164,16.063451619344757,14.605710401164572
2021-12-02,18.7,14.4,16.3,75,11.6,967.4,3.0,99,16.3,75.0,3.222222222222222,34.72222222222222,0.99,13.405109276133697,16.83315033783784,19.549987238524068,13.479209750199198,14.380206560861156
2021-12-03,22.6,11.2,16.7,69,10.9,967.4,13.67,10,16.7,69.0,3.0277777777777777,158.21759259259258,0.1,13.090251642730763,21.380831891580158,41.47068288827751,20.883602764875274,15.109342528227566
2021-12-04,23.4,11.8,17.2,71,8.7,966.4,13.71,0,17.2,71.0,2.4166666666666665,158.68055555555554,0.0,13.788851759073601,22.548782771535578,42.396400265521436,22.910718948826293,15.881952785658639
2021-12-05,23.6,13.1,18.3,73,11.9,966.3,10.3,54,18.3,73.0,3.3055555555555554,119.21296296296296,0.54,15.057512990446824,20.919495540691194,33.29698226013903,19.315204194645922,16.554158201451017
2021-12-06,24.2,15.0,18.9,70,9.0,966.8,11.16,58,18.9,70.0,2.5,129.16666666666666,0.58,15.255390893721103,21.956944444444442,34.06350247368363,21.476277276852525,16.96016251449366
2021-12-07,24.3,12.8,17.4,62,9.2,968.0,14.04,0,17.4,62.0,2.5555555555555554,162.49999999999997,0.0,12.9117262754201,22.776838235294115,43.29389352826149,22.68112306045116,15.333576039852893
2021-12-08,22.5,10.7,15.9,61,9.2,967.7,13.93,0,15.9,61.0,2.5555555555555554,161.22685185185185,0.0,11.439464762154962,21.23471200980392,41.88739397632264,21.16502509869455,13.844567735469258
2021-12-09,21.9,10.4,15.6,65,7.9,969.5,13.81,0,15.6,65.0,2.1944444444444446,159.83796296296296,0.0,11.61940179842804,21.15421492921493,40.885264091163435,21.59509040518987,13.924424244742616
2021-12-10,22.7,10.1,15.7,55,10.9,970.0,13.93,0,15.7,55.0,3.0277777777777777,161.22685185185185,0.0,10.576951733597307,20.720905420991926,42.253792910756545,19.866563093718796,13.118047297716501
2021-12-11,21.3,9.5,14.7,56,10.0,968.9,14.15,16,14.7,56.0,2.7777777777777777,163.77314814814815,0.16,9.807218631089691,19.543005952380952,39.64191994362153,18.930422029403868,12.243654232238976
2021-12-12,20.3,8.4,13.9,67,10.8,968.7,13.89,21,13.9,67.0,3.0,160.76388888888889,0.21,10.276470222254797,18.396365017361113,38.192562355299685,17.711298395718202,12.262802159050581
2021-12-13,21.1,8.5,14.4,69,11.0,967.1,11.78,48,14.4,69.0,3.0555555555555554,136.34259259259258,0.48,10.954692870812428,17.61580459770115,32.41512381076649,16.170868642951486,12.631445929108928
2021-12-14,22.0,12.1,15.9,73,10.5,966.4,11.98,26,15.9,73.0,2.9166666666666665,138.65740740740742,0.26,12.800212568257976,19.709429824561404,36.25670143749994,19.054041306860963,14.492034762692864
2021-12-15,21.3,11.6,15.3,76,11.4,967.1,13.28,6,15.3,76.0,3.1666666666666665,153.7037037037037,0.06,12.570315421077463,19.8640589569161,40.258979332323804,19.386628183452935,14.302032586137443
2021-12-16,21.5,11.5,15.3,73,18.8,967.4,11.19,35,15.3,73.0,5.222222222222222,129.51388888888889,0.35,12.23588495180286,17.91315387228261,34.31615255313034,13.202657441612224,13.677750240718524
2021-12-17,19.3,9.4,13.3,40,17.5,970.1,14.04,21,13.3,40.0,4.861111111111111,162.49999999999997,0.21,6.870967694665035,16.987147887323943,38.75931385333308,12.180749464203984,9.537106963730313
2021-12-18,19.4,5.2,11.5,49,10.5,970.2,14.39,0,11.5,49.0,2.9166666666666665,166.55092592592592,0.0,6.293068150408365,16.75950292397661,39.55101983042681,16.0157569583591,8.907048290081176
2021-12-19,19.6,4.1,11.2,41,12.0,969.5,14.4,0,11.2,41.0,3.333333333333333,166.66666666666666,0.0,5.260862608804199,16.2,39.71805878007433,14.470270974210091,8.042603826162939
2021-12-20,20.0,4.7,12.0,43,9.7,968.1,14.05,0,12.0,43.0,2.694444444444444,162.61574074074073,0.0,6.117929217167754,17.283543922984357,39.10964654162865,16.667541507234358,8.9392592366143
2021-12-21,21.7,8.0,13.8,54,9.3,966.8,13.85,0,13.8,54.0,2.5833333333333335,160.30092592592592,0.0,8.79789376884743,19.08464590964591,40.08175067431267,18.846643858323755,11.355454820122384
2021-12-22,22.2,7.2,14.4,65,11.0,964.6,13.64,11,14.4,65.0,3.0555555555555554,157.87037037037038,0.11,10.520523413239427,19.029956896551724,39.44636926959555,18.289742314579954,12.610357768577943
2021-12-23,23.0,10.0,15.7,68,10.2,963.7,12.67,37,15.7,68.0,2.833333333333333,146.6435185185185,0.37,12.04912247927113,19.51429151891253,35.846497136545906,18.763352012742082,13.907244039272296
2021-12-24,23.4,10.7,15.9,68,11.5,963.6,13.34,20,15.9,68.0,3.194444444444444,154.39814814814815,0.2,12.234198663531739,20.13940677966102,39.254552473823935,19.17917649137824,14.18182042040442
2021-12-25,22.9,10.5,16.1,69,9.2,965.6,13.46,7,16.1,69.0,2.5555555555555554,155.78703703703704,0.07,12.53315103090106,21.074303002450982,40.48328387293145,21.16475774282552,14.598066322120939
2021-12-26,22.4,10.3,16.1,74,13.5,966.9,12.23,60,16.1,74.0,3.75,141.55092592592592,0.6,13.102081251132411,18.93101851851852,33.487740999362074,16.58904273234204,14.56766057949639
2021-12-27,20.6,12.4,15.8,79,13.2,968.2,12.43,65,15.8,79.0,3.6666666666666665,143.86574074074073,0.65,13.383920850618082,18.601231971153847,32.87920399726926,16.50979494657818,14.668990989663428
2021-12-28,15.3,11.0,13.6,85,11.8,967.5,5.0,76,13.6,85.0,3.2777777777777777,57.87037037037037,0.76,11.923272573848816,14.6836129753915,20.30235615425272,11.53625260589523,12.64301339677247
2021-12-29,20.2,9.1,13.2,63,11.4,968.4,14.02,9,13.2,63.0,3.1666666666666665,162.2685185185185,0.09,9.212579871208506,17.94387046485261,39.430288339547076,17.02953706179122,11.357580002816476
2021-12-30,18.6,7.0,12.0,57,10.8,972.0,13.59,24,12.0,57.0,3.0,157.29166666666666,0.24,7.520671790622197,16.325520833333332,35.799293604459706,15.150322489507277,9.729574420102203
2021-12-31,17.6,7.1,11.9,56,10.7,972.1,10.4,76,11.9,56.0,2.972222222222222,120.37037037037037,0.76,7.332306614596003,14.240301974448316,25.409185052706732,11.598420599768001,9.170675025106865
2022-01-01,19.1,6.1,12.2,66,8.2,970.8,13.4,42,12.2,66.0,2.2777777777777777,155.09259259259258,0.42,8.607238749711106,16.408810432569975,32.719743464800786,16.454608335527258,10.52682921131177
2022-01-02,19.9,7.5,13.2,70,8.3,969.5,13.31,53,13.2,70.0,2.305555555555556,154.05092592592592,0.53,9.94539232556332,17.07470294676806,32.19154916226444,17.04914679516865,11.696715217247936
2022-01-03,21.3,8.4,14.1,73,8.6,968.2,13.77,21,14.1,73.0,2.388888888888889,159.375,0.21,11.107226560535665,18.926186560150377,37.479513865125625,19.319793971784925,12.97029590440504
2022-01-04,22.6,11.4,16.2,64,10.0,967.4,13.33,51,16.2,64.0,2.7777777777777777,154.2824074074074,0.51,12.054336821259746,19.894512648809524,35.52350872113959,19.014624809614762,14.036938304643726
2022-01-05,15.2,12.0,13.8,90,17.1,965.3,2.53,96,13.8,90.0,4.75,29.282407407407405,0.96,12.662755598510998,14.190432098765433,16.77303799791389,7.490353502564042,13.082015338710784
2022-01-06,17.1,11.1,13.9,91,13.4,965.2,7.36,75,13.9,91.0,3.7222222222222223,85.18518518518519,0.75,12.870987120167701,15.426008492569004,23.78164503041654,12.160415993990668,13.484892682631191
2022-01-07,19.7,12.1,15.1,88,18.4,964.9,7.24,85,15.1,88.0,5.111111111111111,83.79629629629629,0.85,13.718629281689832,16.291334706959706,24.132690927678652,10.546682011741376,14.371307438574823
2022-01-08,19.4,12.7,15.3,90,14.0,964.4,7.6,68,15.3,90.0,3.888888888888889,87.96296296296295,0.68,14.14025848693159,16.9328125,25.940797386558643,13.804441087502813,14.814743440852112
2022-01-09,18.4,9.4,13.1,75,13.6,965.0,14.04,21,13.1,75.0,3.7777777777777777,162.49999999999997,0.21,10.376894500301198,17.24220727848101,38.291634977479475,15.49655199725385,12.022267605907041
2022-01-10,17.4,7.4,11.8,70,11.3,967.1,14.47,21,11.8,70.0,3.138888888888889,167.47685185185185,0.21,8.64116572664632,16.404184442548353,37.50947726372101,15.614751867344774,10.509652897162095
2022-01-11,16.6,6.9,11.4,71,11.8,967.3,14.55,12,11.4,71.0,3.2777777777777777,168.40277777777777,0.12,8.368078816552236,16.18083053691275,38.574841498389674,15.316238568923897,10.233821278969115
2022-01-12,15.9,6.4,10.7,73,12.1,966.7,14.9,7,10.7,73.0,3.3611111111111107,172.4537037037037,0.07,7.909336829263816,15.67594822812846,39.30714345342324,14.838502757165658,9.741725426110364
2022-01-13,16.1,5.3,10.1,75,9.1,966.6,14.96,1,10.1,75.0,2.5277777777777777,173.14814814814815,0.01,7.537915982016877,15.821555965559655,38.77048927796915,16.594155008921973,9.450852380523743
2022-01-14,16.7,5.3,10.8,75,8.8,967.0,14.03,13,10.8,75.0,2.4444444444444446,162.38425925925924,0.13,8.200346805118286,15.898744558457711,36.2001797461769,16.465584834962698,9.999991675274343
2022-01-15,16.3,6.2,10.5,80,8.4,968.5,14.92,5,10.5,80.0,2.3333333333333335,172.68518518518516,0.05,8.408684718303974,16.239820075757574,38.20166486718631,17.388892850800524,10.184043317964298
2022-01-16,17.4,4.9,10.0,81,9.4,969.2,15.31,1,10.0,81.0,2.611111111111111,177.19907407407408,0.01,8.02651576990074,15.79130550486618,39.40341883629844,16.68248393667844,9.776822139903754
2022-01-17,17.0,5.0,10.0,84,10.1,969.7,12.48,54,10.0,84.0,2.8055555555555554,144.44444444444443,0.54,8.32175094221844,13.377224199288257,28.745794705358833,12.566347601206868,9.50067049941056
2022-01-18,19.2,5.1,10.9,77,11.1,967.9,14.75,27,10.9,77.0,3.083333333333333,170.71759259259258,0.27,8.493389172458189,15.467135595647193,36.393721210753654,14.908920879999075,10.12879953985017
2022-01-19,19.4,6.6,12.2,81,9.8,965.1,14.36,26,12.2,81.0,2.7222222222222223,166.2037037037037,0.26,10.144481396775161,16.88120503597122,36.62522202079754,17.091919973407173,11.697377984936857
2022-01-20,20.5,8.8,13.4,84,12.1,960.7,14.3,17,13.4,84.0,3.3611111111111107,165.50925925925927,0.17,11.621201591538746,17.9281353820598,39.20950137805204,17.37345364433517,13.060468190489082
2022-01-21,19.4,8.0,13.2,85,16.9,960.9,15.06,28,13.2,85.0,4.694444444444444,174.30555555555554,0.28,11.53410068011653,17.065687679083094,39.34422498158648,14.22486538329807,12.80700801189819
2022-01-22,20.9,11.5,15.2,78,20.5,956.2,12.65,53,15.2,78.0,5.694444444444445,146.41203703703704,0.53,12.698057243583797,17.715625,34.36067210095416,12.516565755693716,13.951765070508657
2022-01-23,17.1,8.2,12.2,72,18.8,959.8,13.56,19,12.2,72.0,5.222222222222222,156.94444444444443,0.19,9.217900468432866,15.67367527173913,37.37661483631837,11.031190416801719,10.807265382250833
2022-01-24,17.6,7.0,11.7,69,12.5,963.4,14.8,13,11.7,69.0,3.4722222222222223,171.2962962962963,0.13,8.447709174848162,16.426092896174865,39.23788454049782,15.199374463939709,10.368615001628687
2022-01-25,17.9,6.2,11.4,67,14.3,964.4,15.53,9,11.4,67.0,3.9722222222222223,179.74537037037035,0.09,7.970910618001984,16.18300761093911,41.0137221473546,14.185298153395895,9.95623895478921
2022-01-26,17.4,6.3,11.2,64,12.0,965.5,16.37,0,11.2,64.0,3.333333333333333,189.46759259259258,0.0,7.49223251085623,16.884027777777778,43.07897906766925,16.278895317891976,9.741368313154915
2022-01-27,18.1,6.0,11.3,62,9.0,966.8,16.54,0,11.3,62.0,2.5,191.43518518518516,0.0,7.387396389859136,17.68117283950617,42.415469933981456,18.34521256253289,9.83741204080263
2022-01-28,19.5,5.4,11.9,54,10.4,966.8,16.74,0,11.9,54.0,2.888888888888889,193.74999999999997,0.0,7.133198774325226,18.039964788732394,43.77357556907327,17.92676145201542,9.791232099774136
2022-01-29,21.6,7.5,13.7,55,9.4,966.7,16.68,0,13.7,55.0,2.611111111111111,193.05555555555554,0.0,8.816852655386407,20.041240875912408,44.70037156861315,20.22207588121958,11.550045033952966
2022-01-30,23.6,8.1,15.4,45,13.0,963.2,16.94,0,15.4,45.0,3.611111111111111,196.0648148148148,0.0,9.167448065754654,21.09220430107527,47.47654083738138,19.65146987764315,12.175654506243312
2022-01-31,24.3,9.1,16.3,50,12.0,961.7,16.69,0,16.3,50.0,3.333333333333333,193.1712962962963,0.0,10.51813345688268,22.09513888888889,47.56459135658116,21.108214277259485,13.411721197595655
2022-02-01,25.6,10.8,17.7,56,16.3,961.5,16.63,0,17.7,56.0,4.527777777777778,192.47685185185182,0.0,12.458860916559221,22.750413022351797,49.13437541092907,20.526758094586434,15.041285246061813
2022-02-02,23.2,9.3,15.7,66,11.3,960.9,17.1,0,15.7,66.0,3.138888888888889,197.91666666666669,0.0,11.823746406594264,21.779351535836177,47.58716127253831,21.633523298680622,14.202492791783222
2022-02-03,21.0,10.3,15.4,61,28.7,956.9,16.69,7,15.4,61.0,7.972222222222221,193.1712962962963,0.07,10.988392253183653,18.992489739471807,46.2137445468216,12.746080770355073,13.030372525122917
2022-02-04,21.5,8.6,14.0,54,16.7,960.0,17.57,0,14.0,54.0,4.638888888888888,203.35648148148147,0.0,8.973123439141016,19.274375600384246,47.8745466183164,16.680311839897207,11.536061527475562
2022-02-05,20.6,7.7,13.3,60,9.8,963.3,17.92,0,13.3,60.0,2.7222222222222223,207.40740740740742,0.0,8.989087360712269,20.014628297362112,46.54306123745124,20.40689963526393,11.62528681197101
2022-02-06,22.3,7.0,14.0,63,11.4,965.2,17.67,0,14.0,63.0,3.1666666666666665,204.51388888888889,0.0,9.939822049433952,20.26062925170068,47.221116609725186,20.112514428733743,12.410001284943903
2022-02-07,24.7,9.3,16.5,58,10.9,964.8,17.45,1,16.5,58.0,3.0277777777777777,201.96759259259258,0.01,11.631884352200533,22.758199971164935,48.51706099405567,22.461773920520077,14.34395904077336
2022-02-08,25.6,11.7,18.5,52,13.6,963.3,16.33,9,18.5,52.0,3.7777777777777777,189.0046296296296,0.09,12.663709522874786,23.640806302742615,47.791827960878265,22.01775576574249,15.442757926560873
2022-02-09,22.8,12.7,16.7,66,15.5,964.2,15.39,31,16.7,66.0,4.305555555555555,178.125,0.31,12.742740080048488,20.743703358208954,42.17138978735977,18.361976596029614,14.738658727675732
2022-02-10,22.9,9.5,15.5,55,10.7,967.6,18.33,0,15.5,55.0,2.972222222222222,212.15277777777774,0.0,10.40094287667225,22.15287456445993,49.21640844164688,22.000220606554976,13.261234926562562
2022-02-11,23.5,9.6,15.8,49,12.5,966.9,18.4,0,15.8,49.0,3.4722222222222223,212.96296296296293,0.0,9.971916539769085,22.08415300546448,50.04113438915289,21.16592682194996,12.977172178931255
2022-02-12,24.0,8.3,15.5,46,9.2,965.3,18.76,0,15.5,46.0,2.5555555555555554,217.12962962962965,0.0,9.367867867857978,22.684436274509807,49.30035814436724,22.72684403836342,12.644394762402547
2022-02-13,23.9,9.9,16.4,43,10.8,963.5,18.78,0,16.4,43.0,3.0,217.36111111111111,0.0,9.761698411812032,23.19253472222222,50.647021353659,22.65617537432142,13.111695832712867
2022-02-14,25.0,10.5,17.1,43,11.8,963.2,18.83,0,17.1,43.0,3.2777777777777777,217.93981481481478,0.0,10.341370794162417,23.68207494407159,51.54833172644885,22.81508233412332,13.68537454472801
2022-02-15,25.5,10.7,17.8,43,13.5,963.3,18.63,1,17.8,43.0,3.75,215.62499999999997,0.01,10.921038663972523,23.929910714285715,51.97283002999433,22.490715121127533,14.210709207637908
2022-02-16,26.9,11.4,18.6,40,14.0,961.6,18.27,9,18.6,40.0,3.888888888888889,211.45833333333331,0.09,11.180503885059656,24.279638671875002,50.929940167632935,22.444630200186353,14.54228045391676
2022-02-17,26.8,11.7,19.2,39,13.8,961.2,18.32,3,19.2,39.0,3.8333333333333335,212.03703703703704,0.03,11.528910895456189,25.11103249475891,52.31485903559019,23.391526111207877,15.012444125771113
2022-02-18,25.9,11.5,19.3,37,18.7,962.6,15.73,19,19.3,37.0,5.194444444444444,182.0601851851852,0.19,11.326180120993506,23.340545526793825,46.50047770205549,19.457462432814484,14.526435190054219
2022-02-19,27.9,12.6,20.0,33,18.9,964.2,19.3,0,20.0,33.0,5.249999999999999,223.37962962962962,0.0,11.284530130861308,25.44828364950316,55.24774414116882,22.500021693266685,14.988827821503547
2022-02-20,26.9,12.1,19.6,31,26.8,960.6,19.58,0,19.6,31.0,7.444444444444445,226.62037037037035,0.0,10.669837909050921,24.152641369047622,55.06994023493104,19.596763487442768,14.25941481014517
2022-02-21,28.0,12.8,19.9,34,14.0,959.5,19.75,0,19.9,34.0,3.888888888888889,228.58796296296296,0.0,11.358838810337964,26.329036458333334,55.53735451204835,24.656309729184393,15.206994458903242
2022-02-22,29.7,12.6,20.7,47,21.3,959.8,19.57,7,20.7,47.0,5.916666666666667,226.50462962962962,0.07,13.887038175713382,25.705579410517387,55.10520065644795,22.655792307555487,16.932042605102843
2022-02-23,29.3,16.7,22.0,38,13.8,963.7,19.42,20,22.0,38.0,3.8333333333333335,224.76851851851853,0.2,13.635395787128921,27.725235849056606,53.592155888260095,25.89743399151689,17.289824220801567
2022-02-24,27.9,14.8,20.6,52,16.8,965.9,17.19,46,20.6,52.0,4.666666666666667,198.95833333333334,0.46,14.486705244935479,24.562015086206898,45.80786760611733,21.73685295721562,17.113096688696213
2022-02-25,27.5,13.9,20.3,47,15.5,965.9,19.39,6,20.3,47.0,4.305555555555555,224.4212962962963,0.06,13.548355389367973,26.148351990049754,54.552607742811745,24.32673459957879,16.74351917056753
2022-02-26,27.8,14.9,20.5,51,16.2,965.3,19.79,12,20.5,51.0,4.5,229.0509259259259,0.12,14.264905521277758,26.165996588693957,54.43737810161667,24.291024641785913,17.268633182633224
2022-02-27,26.7,13.9,19.6,56,16.3,967.6,19.98,1,19.6,56.0,4.527777777777778,231.25,0.01,14.138210738621279,25.637445335276972,55.752134512112605,24.040060478613455,16.98423658409029
2022-02-28,26.7,11.6,18.6,38,12.2,967.2,21.25,0,18.6,38.0,3.3888888888888884,245.94907407407405,0.0,10.906774938307095,25.92960816777042,56.50148493635504,24.996948175052488,14.68066409036905
2022-03-01,27.2,12.6,19.4,42,15.3,966.9,20.44,0,19.4,42.0,4.25,236.57407407407408,0.0,12.108660086062024,25.79389389389389,56.380785460663674,24.076883090502715,15.574840839022194
2022-03-02,28.4,13.4,20.9,44,15.9,966.6,20.38,10,20.9,44.0,4.416666666666667,235.87962962962962,0.1,13.631660105525572,26.849176499508356,55.900204387309145,24.931426415659875,17.00199737376957
2022-03-03,28.8,15.1,21.4,45,17.0,965.8,20.21,5,21.4,45.0,4.722222222222222,233.91203703703704,0.05,14.192981263054588,27.264508928571427,56.87583414592183,25.20672053231537,17.527988669852494
2022-03-04,28.1,15.0,20.9,48,16.5,967.1,21.11,0,20.9,48.0,4.583333333333333,244.3287037037037,0.0,14.196121990450298,27.273792270531402,58.615748696950675,25.56337289352449,17.482043847421487
2022-03-05,29.1,13.5,20.9,47,13.0,965.9,21.36,1,20.9,47.0,3.611111111111111,247.2222222222222,0.01,14.056379181166385,28.041532258064514,58.40278914411175,27.017492732796594,17.53777187842937
2022-03-06,28.8,13.2,21.1,43,10.8,964.2,20.74,78,21.1,43.0,3.0,240.04629629629628,0.78,13.653702295628381,25.67588252314815,44.52012204881146,24.17556516203072,16.802768111569495
2022-03-07,29.8,16.5,22.7,44,14.7,965.0,20.34,42,22.7,44.0,4.083333333333333,235.41666666666666,0.42,15.130808204079305,27.818692660550457,52.01484781150879,25.83989866992451,18.425304274965605
2022-03-08,29.8,16.0,22.8,46,13.7,965.0,19.52,85,22.8,46.0,3.8055555555555554,225.9259259259259,0.85,15.515886464581492,26.4882229232387,43.98542369879607,24.20407184701116,18.438765109854785
2022-03-09,30.6,17.5,23.5,45,16.2,964.2,19.54,22,23.5,45.0,4.5,226.1574074074074,0.22,15.951855994676702,28.796844541910332,54.853078985585284,26.757978334644314,19.275668104655757
2022-03-10,30.3,16.9,23.3,43,10.3,964.3,19.97,18,23.3,43.0,2.861111111111111,231.13425925925924,0.18,15.475431244681786,29.989009128386336,54.91866455251085,28.94112725730739,19.160603696954517
2022-03-11,31.6,16.9,24.1,38,16.3,964.7,21.69,0,24.1,38.0,4.527777777777778,251.04166666666666,0.0,15.320665692534892,30.687099125364433,61.85075904555163,28.89108760707959,19.271885809847312
2022-03-12,32.6,16.9,24.3,37,12.9,963.6,21.92,0,24.3,37.0,3.5833333333333335,253.70370370370372,0.0,15.311559793606214,31.689428263214673,61.922458505862494,30.305793216082936,19.485977508167284
2022-03-13,34.7,17.1,25.7,35,14.5,963.1,21.72,0,25.7,35.0,4.027777777777778,251.38888888888886,0.0,16.066552934958153,32.66153846153846,62.931945395382684,31.049620558554892,20.3488947467784
2022-03-14,36.6,18.4,27.6,32,18.4,962.6,22.0,0,27.6,32.0,5.111111111111111,254.62962962962962,0.0,16.96637428405025,33.89578754578755,64.99281287810118,32.0556745543902,21.415619507992684
2022-03-15,38.0,19.5,29.2,25,21.9,960.6,22.2,19,29.2,25.0,6.083333333333333,256.9444444444444,0.19,16.620747614439143,34.44514411027569,63.36024006647369,32.44394401578593,21.44355215216254
2022-03-16,38.5,19.9,29.1,29,21.7,959.1,22.23,16,29.1,29.0,6.027777777777778,257.2916666666667,0.16,17.468877080911632,34.4661838790932,63.818815563587805,32.54601420504596,22.031450732456783
2022-03-17,39.0,22.0,30.0,26,16.6,959.0,22.45,0,30.0,26.0,4.611111111111112,259.83796296296293,0.0,17.44021813148805,36.75879094412331,67.39087463148354,35.18179290651578,22.559910880866298
2022-03-18,36.4,20.6,28.7,46,12.7,959.3,21.33,15,28.7,46.0,3.5277777777777777,246.87499999999997,0.15,20.4845867080668,35.39457451140065,62.05984101744451,34.40119157414622,24.28812559792689
2022-03-19,38.1,21.0,29.4,37,16.1,958.0,22.56,0,29.4,37.0,4.472222222222222,261.1111111111111,0.0,19.376422401941756,36.29149560117302,67.06828800756392,34.93225193473738,23.761794801593833
2022-03-20,37.1,23.4,29.8,16,23.3,957.3,23.09,3,29.8,16.0,6.472222222222222,267.2453703703704,0.03,14.615156708446875,35.53639275625505,67.54999683512631,33.91318152330824,20.317888247163822
2022-03-21,37.6,21.3,30.0,17,18.5,959.2,20.48,19,30.0,17.0,5.138888888888888,237.03703703703704,0.19,15.044730826005175,35.28949771689498,61.74516323209059,33.252181687334975,20.58921112158262
2022-03-22,37.2,23.2,29.8,24,19.0,960.3,22.91,1,29.8,24.0,5.277777777777778,265.162037037037,0.01,16.806378995360888,36.21763795045045,67.77654811481887,34.583794143985706,21.98799288684271
2022-03-23,35.9,21.1,28.6,26,15.8,959.9,21.56,10,28.6,26.0,4.388888888888889,249.537037037037,0.1,16.421398324938163,34.912253451676534,63.44756775290438,33.093849218942566,21.33742951779202
2022-03-24,36.3,23.0,29.1,21,17.7,958.3,23.36,1,29.1,21.0,4.916666666666666,270.3703703703703,0.01,15.55168801583848,35.88197945845005,67.87666964486249,34.17445222270939,20.972577502776947
2022-03-25,36.5,20.8,28.8,20,21.6,959.4,23.22,0,28.8,20.0,6.0,268.75,0.0,15.083978694957402,34.907954545454544,67.56889127124111,33.129839871309315,20.420375995561088
2022-03-26,37.2,20.3,28.9,17,23.1,961.9,23.8,0,28.9,17.0,6.416666666666667,275.46296296296293,0.0,14.326137659175341,34.93203568532036,68.37968378746683,33.25030140119363,19.90470349848681
2022-03-27,38.4,20.2,29.6,14,17.2,961.5,24.09,0,29.6,14.0,4.777777777777778,278.8194444444444,0.0,13.866285802131294,36.72890625,69.42182025478206,35.06003030838499,20.012181311491908
2022-03-28,38.8,21.4,30.2,13,13.7,960.4,24.12,0,30.2,13.0,3.8055555555555554,279.1666666666667,0.0,13.909380325369185,38.12586750788644,69.61147506869133,36.35797643263269,20.381739729335717
2022-03-29,39.4,21.2,30.7,13,13.0,958.8,24.25,0,30.7,13.0,3.611111111111111,280.6712962962963,0.0,14.215553890588158,38.84852150537634,70.05081584545297,37.041342399565494,20.790592024486976
2022-03-30,39.1,23.9,31.3,16,13.6,958.6,24.11,0,31.3,16.0,3.7777777777777777,279.0509259259259,0.0,15.580506628304402,39.247652953586496,70.40821685924823,37.59072701833262,21.88588523053038
2022-03-31,39.6,23.2,31.3,15,20.2,959.3,24.42,0,31.3,15.0,5.611111111111111,282.6388888888889,0.0,15.257936187017457,37.959031413612564,71.13667114696489,36.611148550347735,21.40236161363473
2022-04-01,37.6,24.3,30.6,17,15.1,960.2,24.76,0,30.6,17.0,4.194444444444445,286.5740740740741,0.0,15.436680811189664,38.3920443101712,70.96015965314353,36.81079227505957,21.544085429867003
2022-04-02,38.0,20.9,29.7,14,13.1,960.9,24.59,0,29.7,14.0,3.638888888888889,284.60648148148147,0.0,13.928602047999828,37.93620042872455,69.78744454159175,36.16301995378734,20.307261519344785
2022-04-03,39.8,22.6,31.3,10,19.8,960.6,24.96,0,31.3,10.0,5.5,288.88888888888886,0.0,13.486300598556067,38.17830687830688,71.88725624260962,36.75819907148114,20.206071794650622
2022-04-04,39.4,22.6,30.7,9,21.8,960.7,24.83,0,30.7,9.0,6.055555555555555,287.38425925925924,0.0,12.757369401330486,37.19863902847571,71.19674813871876,35.81054579993061,19.439886386626483
2022-04-05,39.4,22.6,31.2,12,17.8,963.0,24.61,75,31.2,12.0,4.944444444444445,284.83796296296293,0.75,14.169145859172282,35.67545682029795,57.913528869605955,33.477149987876,20.17349346548019
2022-04-06,39.6,22.0,31.2,11,18.1,962.8,24.8,49,31.2,11.0,5.027777777777778,287.037037037037,0.49,13.804954467662327,36.6028162511542,62.96165521239203,34.67309950239067,20.10403137759447
2022-04-07,40.7,22.8,32.0,10,17.2,962.1,25.02,1,32.0,10.0,4.777777777777778,289.5833333333333,0.01,13.890352245755814,39.36709872159091,72.30855332882601,37.82956452416359,20.79666631634725
2022-04-08,41.7,23.9,32.9,9,20.5,959.8,25.04,0,32.9,9.0,5.694444444444445,289.8148148148148,0.0,13.999232949381181,39.67489177489177,73.15377512191662,38.47562697259059,21.02444141954518
2022-04-09,42.1,25.0,33.8,11,21.1,958.6,23.41,10,33.8,11.0,5.861111111111112,270.9490740740741,0.1,15.337350914546093,39.724845481670926,69.95860615878746,38.62773733723182,22.061114736516448
2022-04-10,41.9,27.0,33.6,12,16.5,958.2,24.8,4,33.6,12.0,4.583333333333333,287.037037037037,0.04,15.611726179983112,40.93816425120773,72.6684071206248,39.566955887194055,22.475841176229725
2022-04-11,41.5,26.5,33.6,14,18.1,957.5,24.87,47,33.6,14.0,5.027777777777778,287.84722222222223,0.47,16.358763799095012,39.08982860110804,65.28474418065503,37.64698423539661,22.629100379588117
2022-04-12,39.7,27.6,32.5,15,18.3,957.2,20.57,76,32.5,15.0,5.083333333333333,238.0787037037037,0.76,16.018151352620436,36.15972222222222,54.87861096574994,34.02425265603163,21.69465039127875
2022-04-13,38.8,23.6,31.5,14,19.1,956.6,25.09,0,31.5,14.0,5.305555555555556,290.3935185185185,0.0,15.050255063922332,38.54458670260557,72.22301377683362,37.195039426659534,21.394095885266744
2022-04-14,39.2,25.1,32.5,17,18.6,956.6,24.43,20,32.5,17.0,5.166666666666667,282.7546296296296,0.2,16.67781290875069,38.75768442622951,68.67110572129957,37.397670957880216,22.676005921371384
2022-04-15,39.8,25.0,32.4,17,19.6,955.9,22.51,31,32.4,17.0,5.444444444444445,260.5324074074074,0.31,16.612491711917865,37.669545101950355,64.33240308496738,36.1121855011685,22.402653218732574
2022-04-16,40.2,25.4,32.6,10,15.8,955.4,25.64,1,32.6,10.0,4.388888888888889,296.75925925925924,0.01,14.236671685384373,40.46236439842209,73.52297758870628,38.87121706857909,21.31814305945348
2022-04-17,40.5,23.8,32.6,15,22.4,956.5,24.11,17,32.6,15.0,6.222222222222221,279.0509259259259,0.17,16.08150137570931,38.28808013613862,68.74056670628323,37.131240140854295,22.174666990224242
2022-04-18,41.6,26.6,33.5,17,18.2,958.6,24.51,6,33.5,17.0,5.055555555555555,283.68055555555554,0.06,17.331015976486373,40.34124654696132,71.91006070249495,39.23790112802634,23.549960492932726
2022-04-19,40.6,27.9,34.0,16,20.9,961.1,24.11,7,34.0,16.0,5.805555555555555,279.0509259259259,0.07,17.31803188357708,40.23022440017138,71.53740223231836,39.37947012553417,23.56866719853823
2022-04-20,40.4,27.2,33.9,15,15.8,959.5,24.12,51,33.9,15.0,4.388888888888889,279.1666666666667,0.51,16.905035228932203,39.43790680473373,63.91326735930397,37.946720435142915,23.111106021199287
2022-04-21,36.3,26.0,31.4,21,21.4,959.8,17.32,71,31.4,21.0,5.944444444444444,200.46296296296296,0.71,17.136138187804246,34.35352157360406,51.371816722983056,31.811114989152447,22.006001046183783
2022-04-22,38.4,23.7,31.0,23,14.8,960.2,23.94,24,31.0,23.0,4.111111111111112,277.0833333333333,0.24,17.40067128644837,37.6905487804878,66.05688802073007,36.11882612599343,22.818579656611423
2022-04-23,39.2,24.0,31.9,17,13.8,960.2,24.6,7,31.9,17.0,3.8333333333333335,284.72222222222223,0.07,16.285883220937837,39.67613993710692,70.37854425163056,38.09675335662666,22.52534624207787
2022-04-24,40.0,25.6,32.8,15,14.9,959.3,24.98,9,32.8,15.0,4.138888888888889,289.1203703703704,0.09,16.208200867210184,40.35315982776089,71.34515746377343,38.87178526116184,22.69637257259931
2022-04-25,40.4,24.0,32.8,17,21.7,958.0,24.71,11,32.8,17.0,6.027777777777778,285.9953703703704,0.11,16.873775514634534,38.92692852644836,70.72043741831197,37.89865209304468,22.87702856553385
2022-04-26,40.7,26.1,33.3,18,17.1,958.4,23.52,14,33.3,18.0,4.75,272.22222222222223,0.14,17.523966434765107,39.791452991452985,69.10108735069065,38.523859469735164,23.555067102626168
2022-04-27,41.9,27.3,34.4,15,21.6,957.9,24.76,0,34.4,15.0,6.0,286.5740740740741,0.0,17.221771198171737,40.91304713804713,73.83774770830343,40.289792349436,23.67784926632964
2022-04-28,42.5,26.2,34.5,15,20.2,958.3,24.42,3,34.5,15.0,5.611111111111111,282.6388888888889,0.03,17.285117890656462,41.05914594240838,73.01292653385997,40.2751215262921,23.761411711941197
2022-04-29,42.0,27.8,34.6,14,17.6,958.3,24.71,0,34.6,14.0,4.888888888888889,285.9953703703704,0.0,16.981833771749024,41.83022003745319,74.00017486977845,40.81326392273993,23.713327647714955
2022-04-30,41.7,27.6,34.6,15,13.7,955.3,24.36,4,34.6,15.0,3.8055555555555554,281.9444444444444,0.04,17.348464418377407,42.444637223974766,72.59397550862207,41.073117918956655,24.09285253765914
2022-05-01,42.8,28.0,35.0,20,22.6,953.5,22.61,17,35.0,20.0,6.277777777777778,261.6898148148148,0.17,19.302351794569628,40.30792025862069,68.63589753099228,39.77908930781788,25.073230307922877
2022-05-02,42.4,27.6,35.0,19,23.8,954.0,23.0,11,35.0,19.0,6.611111111111111,266.2037037037037,0.11,18.98061983284592,40.41641746411483,70.02628716616084,40.063199137975325,24.86971737581511
2022-05-03,40.0,27.7,33.8,17,21.1,956.6,24.24,0,33.8,17.0,5.861111111111112,280.55555555555554,0.0,17.52697382806399,40.25780051150895,72.71124475116653,39.46488756277141,23.700441781946584
2022-05-04,39.5,26.0,33.0,20,20.3,958.3,22.78,6,33.0,20.0,5.638888888888889,263.6574074074074,0.06,17.941645285250253,39.00973672758921,69.17935792382139,37.892673396522945,23.66109904519302
2022-05-05,39.6,23.6,32.0,33,11.8,958.6,23.19,9,32.0,33.0,3.2777777777777777,268.40277777777777,0.09,20.57222623832604,39.741348573825505,67.88620531606904,38.55601878890318,25.548828081593328
2022-05-06,39.7,25.8,32.8,25,10.8,958.5,21.9,13,32.8,25.0,3.0,253.4722222222222,0.13,19.21412576965819,40.206141493055554,65.92299597255453,38.76235007161973,24.771116337371843
2022-05-07,41.1,26.5,33.6,22,23.3,958.1,20.59,21,33.6,22.0,6.472222222222222,238.31018518518516,0.21,18.946158486891385,38.24791414447135,64.27580859308995,37.2087540024142,24.27189376971824
2022-05-08,42.5,26.5,34.8,17,25.8,956.0,24.43,2,34.8,17.0,7.166666666666667,282.7546296296296,0.02,18.18015689147139,40.55192636986301,73.06839562555035,40.52290625717855,24.316495098002573
2022-05-09,43.3,26.3,34.9,22,21.3,955.4,23.66,9,34.9,22.0,5.916666666666667,273.84259259259255,0.09,19.852347900450827,40.8890002120441,71.27711104715075,40.38275195665946,25.5644435727244
2022-05-10,44.0,27.2,34.8,27,22.6,955.5,22.42,17,34.8,27.0,6.277777777777778,259.49074074074076,0.17,21.205840097654235,40.063315886699506,68.23667699747921,39.60134272233051,26.336751245697865
2022-05-11,43.9,27.2,35.3,26,25.5,954.5,21.19,23,35.3,26.0,7.083333333333333,245.25462962962962,0.23,21.29698948719822,39.790696839080454,65.94651458685837,39.6131166655119,26.396032008854846
2022-05-12,44.3,29.0,36.1,20,19.6,953.4,23.32,7,36.1,20.0,5.444444444444445,269.9074074074074,0.07,20.050719536392258,42.33443040780142,72.11930960238072,41.951148192169235,26.11238975703486
2022-05-13,44.5,32.2,38.1,12,26.9,951.7,24.31,5,38.1,12.0,7.472222222222221,281.3657407407407,0.05,18.31624996529293,43.598851614699335,74.79799309652338,44.58592696412872,25.351145298644916
2022-05-14,44.2,31.2,37.3,13,27.0,952.1,24.47,1,37.3,13.0,7.5,283.21759259259255,0.01,18.25655194859149,42.93603009259259,75.04127006233728,43.772263984882734,25.09679238253256
2022-05-15,43.3,30.5,36.4,17,20.2,953.5,19.21,29,36.4,17.0,5.611111111111111,222.33796296296296,0.29,19.22522021026934,40.8787712696335,63.692536247001215,40.19552738405049,25.27340840111524
2022-05-16,40.5,31.2,35.0,14,21.4,953.9,24.3,3,35.0,14.0,5.944444444444444,281.25,0.03,17.23105682477945,41.328125,73.1800131637865,40.73998999766527,23.827364777345615
2022-05-17,41.5,29.0,34.8,18,24.8,953.5,23.53,15,34.8,18.0,6.888888888888889,272.33796296296293,0.15,18.517780743726824,40.09722790109034,69.84662747963057,39.774627361338815,24.461892100826844
2022-05-18,41.6,26.3,34.5,16,17.2,954.5,23.44,7,34.5,16.0,4.777777777777778,271.2962962962963,0.07,17.639782434102774,41.19377367424242,71.05925064896354,40.12287733051546,24.036602438720426
2022-05-19,44.5,27.0,36.0,15,19.6,954.8,22.31,17,36.0,15.0,5.444444444444445,258.21759259259255,0.17,18.235299048740362,41.65537732712766,69.13590438390116,40.967184722088085,24.695784799543787
2022-05-20,43.5,30.5,36.9,15,23.7,953.0,22.77,6,36.9,15.0,6.583333333333333,263.54166666666663,0.06,18.805391270533175,42.41731115107913,71.96817012336754,42.554718524986306,25.337236119589047
2022-05-21,39.8,30.8,34.9,23,24.0,950.7,23.2,11,34.9,23.0,6.666666666666666,268.5185185185185,0.11,20.150445972818087,40.3375,70.19850213174016,40.05605671409785,25.662812180972665
2022-05-22,40.2,28.3,34.2,32,19.2,949.1,22.77,10,34.2,32.0,5.333333333333333,263.54166666666663,0.1,22.033952483643986,40.25720766129032,69.46409463254071,39.61327610434853,26.89520827080886
2022-05-23,35.8,24.9,30.2,47,23.8,950.0,18.63,35,30.2,47.0,6.611111111111111,215.62499999999997,0.35,21.930487073786484,34.03018092105263,56.961767275007446,32.55260026675935,25.177377135861065
2022-05-24,37.2,22.2,28.5,55,23.3,955.1,22.77,12,28.5,55.0,6.472222222222222,263.54166666666663,0.12,21.841118907011694,33.89845641646489,64.66867835304066,32.87629315182414,24.918474518201165
2022-05-25,38.5,23.9,31.1,42,21.2,957.1,23.81,0,31.1,42.0,5.888888888888888,275.5787037037037,0.0,21.739418599421672,37.427062074829934,70.11234667398571,36.568976082343774,25.813005434561155
2022-05-26,40.0,24.6,32.4,35,18.8,955.5,22.46,8,32.4,35.0,5.222222222222222,259.9537037037037,0.08,21.331054471028764,38.50326086956522,67.993788901664,37.50959318952743,25.872390303633182
2022-05-27,39.3,27.8,33.5,32,20.7,953.8,23.0,4,33.5,32.0,5.75,266.2037037037037,0.04,21.496498041658693,39.566968130921616,70.1642341118561,38.86177127618561,26.31094225534541
2022-05-28,39.7,28.6,33.8,39,24.4,952.7,23.44,9,33.8,39.0,6.777777777777777,271.2962962962963,0.09,23.32298889917933,39.29950864779874,69.97476083457963,39.16795323905732,27.565993958985278
2022-05-29,41.1,29.2,35.0,34,23.2,952.8,22.31,12,35.0,34.0,6.444444444444444,258.21759259259255,0.12,23.1358050707917,40.30223503236246,68.99982195184788,40.180070114486305,27.755510556026678
2022-05-30,40.8,28.7,34.5,33,26.1,953.3,20.79,13,34.5,33.0,7.25,240.62499999999997,0.13,22.507007122166325,39.091517857142854,66.25559921110846,38.921263579204314,27.023208556944997
2022-05-31,42.1,28.7,34.9,27,23.2,953.8,23.48,4,34.9,27.0,6.444444444444444,271.75925925925924,0.04,21.27932028186739,40.717758899676376,71.7451098498907,40.50343833901643,26.52907597724245
2022-06-01,41.2,29.1,35.2,21,16.2,954.5,20.35,13,35.2,21.0,4.5,235.53240740740742,0.13,19.753768429687522,40.99533686647174,66.50147452144586,40.04202450949029,25.54670527407561
2022-06-02,41.5,29.2,35.8,19,19.9,954.1,22.45,8,35.8,19.0,5.527777777777778,259.83796296296293,0.08,19.51787957917912,41.72348284960422,70.56747268893366,41.2098756858034,25.587212275346225
2022-06-03,42.2,29.8,36.1,19,19.7,953.3,17.63,42,36.1,19.0,5.472222222222222,204.0509259259259,0.42,19.719349961514535,39.948281388152076,59.7078378733338,39.046760460214564,25.40320125069059
2022-06-04,43.0,30.4,36.5,15,23.4,953.9,22.67,28,36.5,15.0,6.499999999999999,262.38425925925924,0.28,18.55201841581526,41.40544484702093,68.07745256148013,41.20463730855881,24.917501860474864
2022-06-05,41.8,29.3,35.4,14,24.7,954.4,24.08,2,35.4,14.0,6.861111111111111,278.7037037037037,0.02,17.480277159938144,41.2155737704918,73.13969881428841,41.12651065122362,24.01930876605506
2022-06-06,40.5,29.2,34.9,21,22.3,953.7,19.11,28,34.9,21.0,6.194444444444445,221.18055555555554,0.28,19.547119784713768,39.14798387096774,62.42763053391661,38.26309059322056,25.002580623493188
2022-06-07,42.2,32.2,36.4,20,27.6,953.6,22.04,37,36.4,20.0,7.666666666666667,255.09259259259258,0.37,20.254817417679508,40.50329861111111,65.53378595870345,40.80838196622526,25.91903191459788
2022-06-08,41.0,30.7,35.6,19,25.7,953.6,24.67,1,35.6,19.0,7.138888888888888,285.5324074074074,0.01,19.383565384796796,41.45112747902365,74.15487016082693,41.71952953143917,25.41872126516249
2022-06-09,40.9,31.2,35.1,26,20.2,952.2,20.88,18,35.1,26.0,5.611111111111111,241.66666666666663,0.18,21.151455805782515,40.28128272251309,66.40780115344279,39.624872093458244,26.372275608550378
2022-06-10,41.8,30.4,35.8,25,23.9,952.9,22.96,6,35.8,25.0,6.638888888888888,265.74074074074076,0.06,21.37517034289718,41.33679395385839,71.368214054323,41.394743739244994,26.809978030799705
2022-06-11,41.5,30.3,35.7,25,26.0,953.5,22.83,8,35.7,25.0,7.222222222222222,264.2361111111111,0.08,21.30313688252327,40.888636363636365,70.64904843784126,41.130441591785555,26.65992309049356
2022-06-12,41.0,29.4,35.3,31,23.1,954.4,21.28,35,35.3,31.0,6.416666666666667,246.2962962962963,0.35,22.626729714627384,39.74951338199513,64.36118644245954,39.399671232416246,27.318613476638195
2022-06-13,39.8,31.1,34.8,36,22.5,956.3,18.04,63,34.8,36.0,6.25,208.79629629629628,0.63,23.450171384629762,37.978343621399176,56.11924307257567,37.242374141178416,27.49078869352067
2022-06-14,35.3,27.9,30.9,54,18.0,955.8,13.64,72,30.9,54.0,5.0,157.87037037037038,0.72,23.77929255232904,33.425925925925924,46.89141867825214,32.26983241440646,26.42068997181551
2022-06-15,39.1,28.5,33.1,48,22.7,954.4,20.35,34,33.1,48.0,6.305555555555555,235.53240740740742,0.34,24.57966273245965,37.422916666666666,61.64466500162183,37.09724459372779,28.000347246055085
2022-06-16,38.3,29.0,32.6,50,18.5,954.1,19.52,22,32.6,50.0,5.138888888888888,225.9259259259259,0.22,24.532111081627612,37.55799086757991,62.06486691471338,37.161966066502146,27.94407593065531
2022-06-17,36.9,27.0,31.7,52,18.8,954.2,15.43,41,31.7,52.0,5.222222222222222,178.58796296296296,0.41,24.12219788154969,35.172274116847824,53.431092397315695,34.34670533906356,27.089993340454342
2022-06-18,37.7,25.7,29.9,62,23.2,954.5,19.4,30,29.9,62.0,6.444444444444444,224.537037037037,0.3,24.231639841589,34.06919498381877,58.468940498762095,33.538181506530776,26.765986885876053
2022-06-19,32.7,22.9,26.9,76,24.1,954.2,17.2,50,26.9,76.0,6.694444444444445,199.07407407407405,0.5,23.58018263465065,30.091805225653204,50.34033508737468,28.99254551412561,25.2144888893861
2022-06-20,32.0,23.9,26.9,76,13.3,952.4,18.05,52,26.9,76.0,3.6944444444444446,208.91203703703704,0.52,23.58018263465065,31.345220979765706,50.91511682928257,31.604509062742302,25.4651720402086
2022-06-21,32.9,22.9,27.5,71,17.4,951.3,19.91,30,27.5,71.0,4.833333333333333,230.4398148148148,0.3,23.41516522110087,32.479843455743875,57.31995635304429,32.14104262599396,25.636584345919385
2022-06-22,34.0,25.5,29.3,63,13.5,955.4,21.38,13,29.3,63.0,3.75,247.45370370370367,0.13,23.847873994384646,35.91054894179894,63.03394218294352,35.891955130990304,26.80562158442904
2022-06-23,36.2,26.2,30.8,49,13.5,957.3,21.97,14,30.8,49.0,3.75,254.2824074074074,0.14,22.80418363418674,37.556646825396825,64.83928211394868,36.948858397530756,26.554257909010083
2022-06-24,37.3,25.3,31.1,43,11.8,954.9,24.74,0,31.1,43.0,3.2777777777777777,286.34259259259255,0.0,21.9340408472564,39.747930648769575,70.76462654475353,38.855719737278186,26.413414722833394
2022-06-25,38.2,25.4,32.1,36,11.7,951.9,24.22,13,32.1,36.0,3.2499999999999996,280.324074074074,0.13,21.31334928651977,40.04251543209877,68.632536925306,38.98170624098983,26.137847586983593
2022-06-26,39.1,26.2,33.2,38,16.6,952.2,23.38,41,33.2,38.0,4.611111111111112,270.60185185185185,0.41,22.623117954966524,38.795827312138734,64.29821656949554,37.962241363657014,26.915348030904312
2022-06-27,38.4,29.1,33.8,49,15.3,953.6,22.59,60,33.8,49.0,4.25,261.4583333333333,0.6,25.370510977677363,38.746509009009,60.59804110956446,38.65836008047841,28.88865948617595
2022-06-28,41.5,29.9,35.0,46,21.7,952.0,22.04,100,35.0,46.0,6.027777777777778,255.09259259259258,1.0,25.789963419869643,37.89147774979009,54.19590308610856,37.746124443003936,29.131269943866766
2022-06-29,39.9,29.6,34.6,47,24.1,950.3,21.81,100,34.6,47.0,6.694444444444445,252.43055555555551,1.0,25.655730575515275,37.298188836104515,53.59250934739924,37.17614151508224,28.878649170081598
2022-06-30,32.9,25.3,28.1,81,17.9,951.4,12.84,100,28.1,81.0,4.972222222222221,148.61111111111111,1.0,25.4512856513881,29.96281337047354,40.351553074238836,29.745484068118063,26.618462630066382
2022-07-01,31.3,24.1,26.3,88,11.5,952.1,12.19,99,26.3,88.0,3.194444444444444,141.08796296296296,0.99,24.697444420012413,28.473711158192092,37.948545210733755,29.514261723734403,25.612953325647105
2022-07-02,32.7,24.6,27.8,80,11.3,950.8,19.76,71,27.8,80.0,3.138888888888889,228.70370370370372,0.71,25.01761356008782,32.3311433447099,50.384532206802646,33.43847188077959,26.758558161003453
2022-07-03,32.4,24.4,27.6,83,9.4,951.6,17.6,88,27.6,83.0,2.611111111111111,203.7037037037037,0.88,25.25763626670152,31.346958637469587,45.12542617787216,32.96095434547009,26.709737114184982
2022-07-04,33.6,25.2,29.4,76,8.9,951.4,20.69,66,29.4,76.0,2.4722222222222223,239.46759259259258,0.66,25.95296325311993,34.76799101610904,52.872705861253166,36.22099624048971,28.06067248040576
2022-07-05,34.8,24.8,30.5,72,16.6,950.8,21.44,75,30.5,72.0,4.611111111111112,248.14814814814815,0.75,26.3757181328664,34.534200385356456,54.20616151309355,35.15598925464488,28.41984277007777
2022-07-06,34.1,28.2,30.6,71,21.7,953.3,20.06,64,30.6,71.0,6.027777777777778,232.1759259259259,0.64,26.31235814364557,34.179135180520575,54.66401572392181,34.489674125349694,28.314477736656016
2022-07-07,34.1,26.4,29.6,75,19.5,955.0,21.81,71,29.6,75.0,5.416666666666667,252.43055555555551,0.71,25.990866167299885,33.507625000000004,54.55900351930518,33.836028908080515,27.85513131710992
2022-07-08,34.8,25.0,30.1,72,15.1,953.0,22.95,38,30.1,72.0,4.194444444444445,265.625,0.38,26.00069199071307,35.95016993957704,61.77271203083558,36.671567803746385,28.400518381414553
2022-07-09,33.5,25.1,29.2,76,16.9,951.3,21.25,85,29.2,76.0,4.694444444444444,245.94907407407405,0.85,25.763141206736588,32.84695260267431,51.226904929796945,33.22882857256955,27.523589365250473
2022-07-10,32.2,24.7,27.8,80,9.8,952.7,12.58,73,27.8,80.0,2.7222222222222223,145.60185185185185,0.73,25.01761356008782,30.793217925659473,42.26785858851457,32.099811872287596,26.450973077193368
2022-07-11,33.6,25.6,29.5,74,9.8,953.5,22.23,13,29.5,74.0,2.7222222222222223,257.2916666666667,0.13,25.744086335640414,37.28816321942446,63.441923302836074,38.24271087384992,28.42849307883318
2022-07-12,34.7,26.2,30.3,70,10.7,952.8,21.65,25,30.3,70.0,2.972222222222222,250.57870370370367,0.25,25.875125325136963,37.17563516260162,61.72682488771977,38.050864402345425,28.577714760116198
2022-07-13,33.4,25.9,29.8,73,13.3,950.7,17.84,42,29.8,73.0,3.6944444444444446,206.48148148148147,0.42,25.873552644941135,34.49036208732694,54.49061306813644,35.32205159284017,27.989559268924182
2022-07-14,33.8,25.6,29.8,71,18.4,950.0,20.98,50,29.8,71.0,5.111111111111111,242.82407407407408,0.5,25.56469727760448,34.30291895604395,57.33483466503367,34.51809551547694,27.735871885531925
2022-07-15,33.2,26.9,29.8,67,21.3,951.2,21.28,51,29.8,67.0,5.916666666666667,246.2962962962963,0.51,24.93935292531563,34.002078032230706,57.48354799179498,33.77630641943104,27.23796265416708
2022-07-16,32.1,25.2,27.1,82,15.4,952.4,14.7,79,27.1,82.0,4.277777777777778,170.13888888888889,0.79,24.631308804533884,29.87367140718563,43.777142500487514,29.974891250546865,25.926650444610843
2022-07-17,32.5,24.3,28.0,83,12.7,954.4,18.48,80,28.0,83.0,3.5277777777777777,213.88888888888889,0.8,25.64477930119384,31.762214983713356,48.065968290627495,32.93095186407576,27.103788507578358
2022-07-18,33.8,25.4,29.0,79,13.8,953.8,19.14,55,29.0,79.0,3.8333333333333335,221.52777777777777,0.55,26.021218455811564,33.54549921383648,53.540312127983384,34.59031480213666,27.823952761835386
2022-07-19,34.6,25.2,30.0,77,8.3,952.8,22.67,50,30.0,77.0,2.305555555555556,262.38425925925924,0.5,26.674964762878474,36.73419676806083,57.81297852676613,38.308748719335725,29.019314687627098
2022-07-20,33.5,25.5,28.2,83,20.1,953.4,18.86,100,28.2,83.0,5.583333333333334,218.287037037037,1.0,25.838350730552364,30.778193350831145,45.732314570020264,30.8036085457434,27.062484181552882
2022-07-21,31.8,24.4,27.5,83,14.5,954.7,18.23,100,27.5,83.0,4.027777777777778,210.99537037037035,1.0,25.160850471226638,30.421474358974358,44.46211766567882,30.960645923017164,26.446890201653517
2022-07-22,32.6,23.8,27.1,84,11.7,956.0,16.3,100,27.1,84.0,3.2499999999999996,188.65740740740742,1.0,24.915816589202976,29.958445566778902,42.198645683011875,30.990289637897337,26.142760725797864
2022-07-23,28.5,24.2,25.6,91,12.1,953.7,7.6,100,25.6,91.0,3.3611111111111107,87.96296296296295,1.0,24.422644849157766,26.915060908084165,33.017469092849694,27.572638871306495,25.038863576027268
2022-07-24,31.2,24.3,26.9,86,18.8,953.1,16.46,99,26.9,86.0,5.222222222222222,190.50925925925927,0.99,25.00414787097687,29.252892889492752,42.6596895737041,28.954416604588157,26.04348208758236
2022-07-25,30.2,24.1,26.2,87,16.3,955.5,15.49,88,26.2,87.0,4.527777777777778,179.2824074074074,0.88,24.46050420859876,28.8343537414966,42.642063682645414,28.80041431126056,25.509223694318454
2022-07-26,29.3,23.9,25.7,89,17.0,956.5,12.95,80,25.7,89.0,4.722222222222222,149.88425925925924,0.8,24.246824957031254,28.0125,40.61735341499548,27.689923511900762,25.145277469921876
2022-07-27,30.6,23.6,26.5,85,16.9,957.0,17.68,90,26.5,85.0,4.694444444444444,204.62962962962962,0.9,24.4739072572152,29.402340019102198,44.746486976233484,29.306946782924914,25.662203083871077
2022-07-28,30.6,24.7,27.2,81,15.5,958.6,16.19,98,27.2,81.0,4.305555555555555,187.38425925925927,0.98,24.5848750373349,29.767444029850747,42.758627438191525,29.749215201031948,25.882901332104577
2022-07-29,31.0,24.8,27.7,77,15.5,958.1,19.56,99,27.7,77.0,4.305555555555555,226.38888888888886,0.99,24.485599603389048,30.771455223880597,45.99535870618041,30.736507479918487,26.064210767148452
2022-07-30,31.1,24.7,27.8,71,17.7,956.5,19.61,91,27.8,71.0,4.916666666666666,226.96759259259258,0.91,23.695539579119778,30.91842028478058,47.52048974593782,30.17725433630196,25.550561762339964
2022-07-31,29.9,24.6,26.8,79,23.6,954.4,19.61,74,26.8,79.0,6.555555555555555,226.96759259259258,0.74,23.915024524768643,29.893524639423077,49.38233873712028,28.927746015816414,25.39922209522266
2022-08-01,29.9,24.5,26.5,83,18.1,954.6,15.34,76,26.5,83.0,5.027777777777778,177.54629629629628,0.76,24.192991694633342,29.244344413665743,44.39997806308975,28.755432222339746,25.43396306897649
2022-08-02,31.4,24.2,27.4,81,16.3,954.3,19.88,76,27.4,81.0,4.527777777777778,230.09259259259258,0.76,24.77741083873557,31.143197278911565,49.87384862089823,31.363626286413613,26.31282704289721
2022-08-03,31.8,24.1,27.4,81,13.8,955.2,18.36,97,27.4,81.0,3.8333333333333335,212.49999999999997,0.97,24.77741083873557,30.497287735849056,44.91055647154269,30.98531625830888,26.18364513428471
2022-08-04,31.6,25.5,28.0,83,11.9,955.0,18.39,99,28.0,83.0,3.3055555555555554,212.84722222222223,0.99,25.64477930119384,31.235420150501675,44.959589552027296,32.50221337195985,26.998429540936023
2022-08-05,31.0,24.8,27.2,86,8.2,953.5,16.42,82,27.2,86.0,2.2777777777777777,190.0462962962963,0.82,25.296762504170243,31.051701653944022,44.179852698911134,33.02262330963454,26.63807408370797
2022-08-06,31.9,24.4,27.9,82,9.4,952.0,22.11,59,27.9,82.0,2.611111111111111,255.90277777777777,0.59,25.403536973280502,33.82592381386861,54.41525393962206,35.33411983486495,27.33766064407007
2022-08-07,31.8,25.5,27.9,85,12.1,951.7,17.91,100,27.9,85.0,3.3611111111111107,207.29166666666666,1.0,25.835975514857473,30.999044850498336,44.33259695939529,32.37674750707769,27.074991830499897
2022-08-08,31.6,24.8,28.1,81,11.5,951.4,18.19,81,28.1,81.0,3.194444444444444,210.53240740740742,0.81,25.4512856513881,31.921698446327685,47.55303211571618,33.146621634961505,27.010239645237206
2022-08-09,32.2,25.8,29.0,78,17.0,950.9,21.28,53,29.0,78.0,4.722222222222222,246.2962962962963,0.53,25.87236146864669,33.655,56.51808128229226,34.283925359535715,27.74165302805268
2022-08-10,33.1,26.2,29.5,72,22.3,949.1,23.22,18,29.5,72.0,6.194444444444445,268.75,0.18,25.438152212738363,34.961693548387096,65.07982187247671,35.299966265372525,27.749045258594272
2022-08-11,30.4,26.3,27.7,76,33.2,950.2,14.99,88,27.7,76.0,9.222222222222223,173.49537037037035,0.88,24.339473641553983,29.40784505208333,43.05945244816684,27.91226090202208,25.689200559504453
2022-08-12,29.6,24.8,26.4,84,22.5,950.9,16.01,92,26.4,84.0,6.25,185.30092592592592,0.92,24.236537307422005,28.62361111111111,42.7706569650299,27.470838982971447,25.330298337417624
2022-08-13,30.4,23.9,26.6,86,18.1,951.6,18.05,82,26.6,86.0,5.027777777777778,208.91203703703704,0.82,24.711533112721423,29.67291666666667,46.43983724673541,29.58371542876066,25.89265651223833
2022-08-14,31.0,24.6,26.6,83,15.0,954.6,13.74,93,26.6,83.0,4.166666666666667,159.02777777777777,0.93,24.289777640147946,28.92035984848485,40.60275144682538,28.860522034086433,25.446916317800532
2022-08-15,30.2,23.5,26.3,85,17.9,954.6,15.62,90,26.3,85.0,4.972222222222221,180.787037037037,0.9,24.279325849193803,28.792746053853296,42.61769152309648,28.315687354619868,25.38407730520632
2022-08-16,27.7,23.6,24.8,90,29.0,951.3,10.81,91,24.8,90.0,8.055555555555555,125.11574074074073,0.91,23.49769351308596,26.105729166666666,36.22071745651766,23.412282562957188,24.149531292493506
2022-08-17,30.0,23.4,25.3,89,28.0,953.8,12.93,71,25.3,89.0,7.777777777777778,149.65277777777777,0.71,23.85377324858928,27.188552989130436,41.09765389586232,25.29202088039433,24.665351871838585
2022-08-18,30.1,23.1,26.6,80,19.0,955.0,19.56,34,26.6,80.0,5.277777777777778,226.38888888888886,0.34,23.865567705406427,31.17060810810811,55.557626680216345,30.970292041993954,25.60001901540612
2022-08-19,30.4,24.0,27.0,80,14.9,955.6,20.07,36,27.0,80.0,4.138888888888889,232.29166666666666,0.36,24.24958325050458,32.21067629179331,56.06603893173423,32.656616760349934,26.11684353371187
2022-08-20,31.3,24.1,27.5,77,18.7,955.9,20.38,94,27.5,77.0,5.194444444444444,235.87962962962962,0.94,24.295219597286124,30.56579246139873,47.46733327166402,30.042050739537917,25.869812210380033
2022-08-21,31.7,25.0,27.1,80,14.5,954.4,17.93,99,27.1,80.0,4.027777777777778,207.52314814814812,0.99,24.345587095856484,30.00213141025641,44.008776529858324,30.132483855529372,25.75233724915082
2022-08-22,30.6,24.2,26.4,83,21.8,951.6,12.71,100,26.4,83.0,6.055555555555555,147.1064814814815,1.0,24.096205733888187,28.063264237855947,38.68665394920646,26.585494219055082,25.119996861292922
2022-08-23,28.3,24.5,25.6,83,29.8,951.1,12.69,85,25.6,83.0,8.277777777777779,146.875,0.85,23.321917494578976,27.19012160041841,39.447124810004595,24.74622167014822,24.323366566288968
2022-08-24,29.8,23.1,26.1,79,19.9,956.7,20.13,65,26.1,79.0,5.527777777777778,232.9861111111111,0.65,23.244870220266872,29.834539907651717,50.920220401437405,29.07106461847015,24.848317135717153
2022-08-25,28.5,23.4,25.2,86,12.6,957.4,13.41,76,25.2,86.0,3.5,155.20833333333331,0.76,23.34599589085975,28.030269607843138,40.900654163827994,28.409675961103297,24.46825104517045
2022-08-26,30.6,24.0,26.8,75,15.0,957.4,21.01,53,26.8,75.0,4.166666666666667,243.1712962962963,0.53,23.34126337245715,31.674479166666668,54.326185811553955,31.665197823258808,25.35378019405334
2022-08-27,30.6,23.9,26.8,73,18.0,957.1,22.63,19,26.8,73.0,5.0,261.92129629629625,0.19,23.052004300806374,32.725969328703705,62.16313283982589,32.48496307895867,25.361596876305203
2022-08-28,30.7,23.4,26.5,73,15.5,957.3,22.71,40,26.5,73.0,4.305555555555555,262.84722222222223,0.4,22.76984849677022,32.149253731343286,58.348934337129094,32.01123634735231,25.018744694007808
2022-08-29,30.9,23.2,26.8,71,10.5,960.0,19.08,71,26.8,71.0,2.9166666666666665,220.83333333333331,0.71,22.76095765040364,31.298026315789475,48.67433456687513,31.63902593951592,24.87227561844044
2022-08-30,32.6,23.8,27.6,71,9.4,960.6,21.7,40,27.6,71.0,2.611111111111111,251.1574074074074,0.4,23.50862336127921,34.19975669099757,56.82631093157744,34.74932321950464,26.05598769109496
2022-08-31,32.6,25.4,28.3,74,14.0,958.6,20.48,62,28.3,74.0,3.888888888888889,237.03703703703704,0.62,24.611981820324157,32.9,53.38640348858746,33.278112640672475,26.638387274226908
2022-09-01,33.4,25.7,29.0,71,12.5,958.5,21.69,70,29.0,71.0,3.4722222222222223,251.04166666666666,0.7,24.817035161965627,33.815061475409834,53.73154398978852,34.34664351383382,27.034936908457908
2022-09-02,32.5,25.9,28.4,76,12.5,959.8,19.46,86,28.4,76.0,3.4722222222222223,225.23148148148147,0.86,25.003852330240914,32.18831967213114,48.391338204310614,32.89537704393301,26.78036056559487
2022-09-03,32.3,25.1,28.5,71,16.3,957.9,21.77,29,28.5,71.0,4.527777777777778,251.96759259259258,0.29,24.349745691739013,34.15274234693877,60.633364434628504,34.24551978860919,26.725370453605063
2022-09-04,32.0,24.4,27.8,71,16.0,956.6,22.84,9,27.8,71.0,4.444444444444445,264.35185185185185,0.09,23.695539579119778,34.48265931372549,64.78560305281326,34.535948908640975,26.263409568128946
2022-09-05,31.3,23.2,27.0,71,13.8,957.6,21.61,7,27.0,71.0,3.8333333333333335,250.11574074074073,0.07,22.947874205077355,33.830991221174,62.563653302034595,33.92480125998776,25.529710187788947
2022-09-06,32.4,23.7,27.8,67,11.1,958.7,21.95,7,27.8,67.0,3.083333333333333,254.0509259259259,0.07,23.09500260133235,35.382241552119126,63.1021504703383,35.52784410657388,26.02295013135647
2022-09-07,33.3,24.7,28.8,63,10.6,959.9,21.83,10,28.8,63.0,2.944444444444444,252.662037037037,0.1,23.393373832055186,36.3533581002331,63.097584203851284,36.3916304071989,26.52603330248525
2022-09-08,34.1,25.3,29.5,62,9.4,960.3,21.76,4,29.5,62.0,2.611111111111111,251.85185185185185,0.04,23.86940985473232,37.60705596107056,64.04538071386298,37.62953186912526,27.179998090526734
2022-09-09,33.3,25.3,29.3,65,10.4,959.6,21.29,4,29.3,65.0,2.888888888888889,246.412037037037,0.04,24.16459187334546,36.952655516431925,63.60389968295465,37.187794502099976,27.235745414628205
2022-09-10,33.0,25.7,28.9,73,14.0,958.6,19.87,14,28.9,73.0,3.888888888888889,229.97685185185185,0.14,25.02708994920621,34.915332031249996,60.557017002283374,35.46262760059958,27.392029370694345
2022-09-11,31.9,25.3,28.5,74,14.5,956.4,18.33,29,28.5,74.0,4.027777777777778,212.15277777777774,0.29,24.80066609046037,33.523125,56.01650530552428,33.93622782065977,26.91509126332226
2022-09-12,32.9,25.9,28.8,69,17.8,954.5,21.0,13,28.8,69.0,4.944444444444445,243.05555555555554,0.13,24.324898588829416,34.51316340782123,62.439386000207264,34.46827594379836,26.810061693744835
2022-09-13,31.9,25.4,27.8,71,21.9,954.7,19.5,52,27.8,71.0,6.083333333333333,225.69444444444443,0.52,23.695539579119778,31.567230576441105,53.62221880723706,30.757478091284998,25.68032382067207
2022-09-14,31.3,24.2,26.6,80,21.0,955.1,16.62,86,26.6,80.0,5.833333333333333,192.36111111111111,0.86,23.865567705406427,29.130288461538463,44.41422523358426,28.03704596778097,25.19195508609219
2022-09-15,31.2,24.0,26.8,79,15.5,954.3,17.21,67,26.8,79.0,4.305555555555555,199.1898148148148,0.67,23.915024524768643,30.358659825870646,47.870503572795826,30.299944849046273,25.49224913251218
2022-09-16,32.8,22.5,27.3,74,19.5,952.9,20.8,17,27.3,74.0,5.416666666666667,240.74074074074073,0.17,23.66855934013624,32.586666666666666,60.393637619334925,32.32712124685584,25.8153248714287
2022-09-17,31.9,24.2,27.7,69,19.5,955.5,21.68,19,27.7,69.0,5.416666666666667,250.9259259259259,0.19,23.303581974117346,33.15011111111111,61.58046934431394,32.71387833079245,25.712529604104365
2022-09-18,34.0,24.1,28.3,60,19.2,958.4,21.51,7,28.3,60.0,5.333333333333333,248.95833333333334,0.07,22.467961589228388,34.112373991935485,63.71609518695345,33.3685103622173,25.38004791084697
2022-09-19,34.4,24.7,29.0,57,17.0,958.3,20.82,28,29.0,57.0,4.722222222222222,240.9722222222222,0.28,22.610509044301217,34.32892857142857,59.98919829535896,33.551992229326956,25.593142045296567
2022-09-20,34.2,23.6,28.4,62,16.2,957.5,19.29,27,28.4,62.0,4.5,223.26388888888886,0.27,22.873275220802046,33.48219115497076,57.622241547626174,32.89296017024074,25.54773088555558
2022-09-21,34.0,23.7,27.2,73,20.0,957.1,19.93,53,27.2,73.0,5.555555555555555,230.67129629629628,0.53,23.42821175816955,31.21550164473684,53.52498618177788,30.497909905047337,25.36284855966605
2022-09-22,28.4,23.1,24.9,85,17.9,956.0,8.6,96,24.9,85.0,4.972222222222221,99.53703703703702,0.96,22.917254350905985,26.197585886722376,33.81040430618094,24.52338068595161,23.77159522297866
2022-09-23,27.6,23.0,24.4,90,12.1,955.0,9.05,100,24.4,90.0,3.3611111111111107,104.74537037037037,1.0,23.103698880518373,25.96596068660022,33.25787000554817,26.138041183587973,23.805781353682903
2022-09-24,27.9,22.9,25.2,85,25.0,954.3,9.37,100,25.2,85.0,6.944444444444445,108.44907407407406,1.0,23.209127059600508,26.334932170542636,34.440337758147905,23.668269851619872,24.033375375828882
2022-09-25,30.4,23.7,26.4,73,18.2,957.8,19.79,54,26.4,73.0,5.055555555555555,229.0509259259259,0.54,22.67579652157496,30.557084484346223,52.553199138129514,29.790589500118177,24.624474461971715
2022-09-26,30.9,22.3,26.0,75,10.3,961.0,18.77,22,26.0,75.0,2.861111111111111,217.24537037037035,0.22,22.58423132512904,32.14888839811543,54.84594323152845,32.71364173883295,24.838739607213412
2022-09-27,31.6,22.3,26.4,70,11.5,959.7,20.28,6,26.4,70.0,3.194444444444444,234.72222222222223,0.06,22.24209230402107,33.34618644067797,59.92822164200334,33.52239104608058,24.878701900950343
2022-09-28,32.1,22.6,26.9,64,13.2,958.8,19.81,11,26.9,64.0,3.6666666666666665,229.2824074074074,0.11,21.81693371047833,33.15015024038461,59.24076745106481,32.84790816916868,24.591883645411755
2022-09-29,32.3,22.8,26.9,62,13.5,958.9,18.79,10,26.9,62.0,3.75,217.47685185185182,0.1,21.514904508567845,32.80294312169312,57.97194289221517,32.32798287403336,24.311021780336116
2022-09-30,33.1,23.1,27.1,58,16.0,959.1,20.1,4,27.1,58.0,4.444444444444445,232.63888888888889,0.04,21.080126512313882,33.13492647058824,61.15216505533766,32.262069376568135,24.093073852737366
2022-10-01,33.3,23.3,27.2,54,17.1,958.4,19.99,8,27.2,54.0,4.75,231.3657407407407,0.08,20.537809381239885,32.89515669515669,60.52451191992202,31.696027270227894,23.675497905899256
2022-10-02,33.1,23.2,27.0,51,18.0,959.0,19.65,5,27.0,51.0,5.0,227.43055555555551,0.05,19.880589459399715,32.543619791666664,60.34661077648724,31.08149856663512,23.125136579913132
2022-10-03,33.0,23.2,27.0,50,17.9,959.9,19.86,5,27.0,50.0,4.972222222222221,229.8611111111111,0.05,19.717635048742217,32.618471448467965,60.651961166290164,31.13544141145702,23.026038823813145
2022-10-04,33.3,22.4,27.5,52,17.8,960.7,19.3,22,27.5,52.0,4.944444444444445,223.37962962962962,0.22,20.476395771925173,32.49796322160149,57.71986628853796,31.036319600176487,23.58306968466792
2022-10-05,32.4,23.8,27.5,64,14.2,959.7,18.38,37,27.5,64.0,3.944444444444444,212.73148148148147,0.37,22.36435888860218,32.34591744306418,54.09334108209896,31.8686209904988,24.87423471063436
2022-10-06,32.1,22.2,26.3,72,16.9,959.7,19.33,55,26.3,72.0,4.694444444444444,223.72685185185182,0.55,22.4379281290887,30.48285876313276,51.743837743296524,29.778613720426225,24.43312144298864
2022-10-07,26.4,22.1,24.1,83,13.7,960.5,5.31,100,24.1,83.0,3.8055555555555554,61.45833333333333,1.0,21.87012433500538,24.972436908517352,29.45529529161155,23.6981159317153,22.713574416207233
2022-10-08,25.3,22.1,23.0,94,17.5,960.1,5.59,100,23.0,94.0,4.861111111111111,64.69907407407406,1.0,22.24794458642734,23.82012910798122,28.74654537066806,21.674438239080008,22.637587032095382
2022-10-09,27.0,21.9,23.4,91,11.0,960.3,7.65,94,23.4,91.0,3.0555555555555554,88.54166666666667,0.94,22.250553201654164,24.85635775862069,31.357619071462807,25.072065418232935,22.886658792882052
2022-10-10,29.3,21.3,24.7,80,9.0,962.0,17.37,33,24.7,80.0,2.5,201.04166666666666,0.33,22.04149020757612,30.295659722222222,49.97060923801632,31.195093624901656,23.958175089747726
2022-10-11,28.7,20.6,24.1,80,10.7,961.3,17.97,17,24.1,80.0,2.972222222222222,207.9861111111111,0.17,21.465464443779787,30.06782447735192,53.026471419160146,30.70128412753874,23.449390006116236
2022-10-12,30.0,19.8,23.9,71,9.5,962.6,19.49,1,23.9,71.0,2.638888888888889,225.57870370370367,0.01,20.050657725836036,31.245662878787876,56.92404016289345,31.523963134555416,22.6745929838428
2022-10-13,29.7,17.4,23.3,64,11.6,963.9,19.47,0,23.3,64.0,3.222222222222222,225.3472222222222,0.0,18.53236182344783,30.15177364864865,57.246396336520434,29.859045214306626,21.33300800614321
2022-10-14,29.7,17.3,22.9,61,12.6,963.9,19.49,0,22.9,61.0,3.5,225.57870370370367,0.0,17.75437341508288,29.534667755991283,57.19103787570816,28.950108077327954,20.62499494175627
2022-10-15,29.7,17.5,23.0,62,10.0,963.1,19.33,0,23.0,62.0,2.7777777777777777,223.72685185185182,0.0,17.98310983501714,30.191220238095237,56.31824086101665,29.99925812161463,20.926420932131045
2022-10-16,29.0,19.4,24.3,54,8.9,965.2,19.17,0,24.3,54.0,2.4722222222222223,221.875,0.0,17.99715198886044,31.72332713754647,56.6548161404221,31.187490859104912,21.372671819711602
2022-10-17,29.3,18.7,23.6,54,9.7,965.5,19.04,0,23.6,54.0,2.694444444444444,220.37037037037035,0.0,17.383884753653042,30.760048134777378,56.24497308724062,30.211762551551676,20.680728954512603
2022-10-18,29.9,18.7,23.7,56,10.2,963.9,19.0,0,23.7,56.0,2.833333333333333,219.9074074074074,0.0,17.762015502860674,30.718321513002365,56.44370294315638,30.21170905066592,20.947075154602945
2022-10-19,30.0,18.5,23.5,55,11.3,963.6,18.72,0,23.5,55.0,3.138888888888889,216.66666666666663,0.0,17.441137733400456,30.155290102389078,56.19486867716091,29.471121311439745,20.589854433858136
2022-10-20,29.6,17.3,23.3,54,11.9,964.9,18.63,1,23.3,54.0,3.3055555555555554,215.62499999999997,0.01,17.121055300044112,29.757932692307694,55.90643972750695,28.935719111624458,20.266325248492414
2022-10-21,30.1,18.4,23.8,46,12.5,967.2,18.4,0,23.8,46.0,3.4722222222222223,212.96296296296293,0.0,16.35805270220479,30.08415300546448,56.21280802781001,28.84186089695557,19.847467492636248
2022-10-22,30.4,18.8,23.6,48,13.2,968.1,18.09,1,23.6,48.0,3.6666666666666665,209.375,0.01,16.494182799546984,29.60946514423077,55.564765908002755,28.297549839132483,19.82782098852904
2022-10-23,29.5,17.0,22.8,49,13.5,966.8,18.29,0,22.8,49.0,3.75,211.68981481481478,0.0,15.960458620879898,28.848280423280425,55.43579170188565,27.5279201153968,19.221977119272015
2022-10-24,29.2,16.2,21.9,51,9.9,962.9,18.48,0,21.9,51.0,2.75,213.88888888888889,0.0,15.474455001843353,28.79964157706093,54.144609582184444,28.18532679446038,18.782046816702533
2022-10-25,30.0,15.4,22.4,45,14.8,961.5,18.17,0,22.4,45.0,4.111111111111112,210.30092592592592,0.0,15.0305442456662,28.170452235772355,55.10311209630163,26.429379249843933,18.39547141912081
2022-10-26,31.0,18.3,23.8,44,12.5,964.4,17.93,0,23.8,44.0,3.4722222222222223,207.52314814814812,0.0,16.046943400207294,29.92363387978142,55.49317156035414,28.577082278316368,19.597587156101387
2022-10-27,31.4,18.6,24.2,45,10.9,964.6,17.76,0,24.2,45.0,3.0277777777777777,205.55555555555557,0.0,16.538141347397186,30.601384083044984,55.1821765857847,29.509311738678974,20.116975759787024
2022-10-28,31.5,18.3,24.2,45,12.6,964.5,17.48,4,24.2,45.0,3.5,202.3148148148148,0.04,16.538141347397186,30.031427015250543,54.59285696412121,28.65554449080153,20.00298434622814
2022-10-29,30.6,17.5,23.4,48,11.6,965.1,17.65,0,23.4,48.0,3.222222222222222,204.2824074074074,0.0,16.323957491891523,29.611289414414415,54.55891715748379,28.542199630278834,19.68902812720695
2022-10-30,30.2,16.2,22.7,55,9.2,965.9,17.27,0,22.7,55.0,2.5555555555555554,199.88425925925924,0.0,16.737131638011633,29.313817401960783,52.67490123502682,28.858968292619963,19.848755627000298
2022-10-31,29.9,19.6,23.9,50,9.1,965.8,17.07,0,23.9,50.0,2.5277777777777777,197.56944444444443,0.0,17.052421311737994,30.461346863468634,53.29405925236705,29.744311478663967,20.418964290910324
2022-11-01,29.8,17.0,22.9,56,11.1,965.9,16.88,0,22.9,56.0,3.083333333333333,195.37037037037035,0.0,17.054937197844257,28.94238258877434,52.85060288849439,28.24931656727478,20.016932556245848
2022-11-02,31.9,19.3,24.6,43,16.3,964.7,17.1,0,24.6,43.0,4.527777777777778,197.91666666666669,0.0,16.55189161138921,29.79314868804665,55.26473898227323,27.72946318868125,20.004953865581776
2022-11-03,31.4,17.8,24.6,52,12.1,964.0,16.54,3,24.6,52.0,3.3611111111111107,191.43518518518516,0.03,17.959015837034663,30.23811600221484,53.51511628051395,29.20002102928826,21.078934286367232
2022-11-04,32.4,17.9,24.7,49,11.7,964.8,16.63,0,24.7,49.0,3.2499999999999996,192.47685185185182,0.0,17.585870748369654,30.532631874298538,54.039529838551516,29.444935155678547,20.886635898718467
2022-11-05,33.0,18.8,24.9,46,10.5,966.0,16.44,0,24.9,46.0,2.9166666666666665,190.27777777777777,0.0,17.284428781809883,30.90877192982456,53.61093796568633,29.848105822380994,20.770854533231827
2022-11-06,31.5,19.6,25.0,48,9.0,966.9,15.21,91,25.0,48.0,2.5,176.04166666666666,0.91,17.685753953202852,28.198090277777776,40.118882277521834,27.032547228214764,20.51964582279755
2022-11-07,30.8,18.7,24.8,43,10.7,966.2,12.41,59,24.8,43.0,2.972222222222222,143.63425925925927,0.59,16.717499911752196,27.975468205574913,41.05981755769545,26.200641026396404,19.77734357934152
2022-11-08,28.4,19.0,22.9,54,15.2,966.2,12.55,33,22.9,54.0,4.222222222222222,145.25462962962962,0.33,16.77061542176635,26.187917294176707,42.902674848626646,23.764275524747763,19.267014254071785
2022-11-09,28.2,16.5,21.6,67,11.3,966.3,14.99,9,21.6,67.0,3.138888888888889,173.49537037037035,0.09,17.377454081407453,26.689394908987488,47.77903886899213,26.264178571399945,19.662096838782713
2022-11-10,28.6,16.8,21.7,65,10.8,967.4,14.49,8,21.7,65.0,3.0,167.70833333333331,0.08,17.205286690846172,26.73125,47.08690086505908,26.298015732681872,19.55995068359232
2022-11-11,28.3,16.8,21.5,52,13.5,968.3,15.8,0,21.5,52.0,3.75,182.87037037037038,0.0,15.267981951445439,26.724867724867725,50.49050470588304,25.243273005523065,18.18256091098535
2022-11-12,27.2,15.2,20.4,51,13.9,967.8,15.71,0,20.4,51.0,3.861111111111111,181.8287037037037,0.0,14.178508726914046,25.52996342737722,49.52406737251681,23.85564803322879,17.070948794315274
2022-11-13,27.8,13.7,20.3,51,8.9,966.2,15.59,8,20.3,51.0,2.4722222222222223,180.4398148148148,0.08,14.092111877625868,26.09553903345725,47.04087148639235,25.55531022526222,17.11358612102956
2022-11-14,26.8,14.0,19.9,58,11.4,966.1,15.43,1,19.9,58.0,3.1666666666666665,178.58796296296296,0.01,14.662502142799681,25.339643565759637,48.10786478407357,24.56416975239402,17.3216802131117
2022-11-15,27.3,14.7,21.1,58,9.1,966.1,14.92,6,21.1,58.0,2.5277777777777777,172.68518518518516,0.06,15.73211993073912,26.66288437884379,46.98797085501366,26.30202751978098,18.45506082728614
2022-11-16,26.5,16.1,20.4,50,13.3,965.4,15.24,0,20.4,50.0,3.6944444444444446,176.38888888888889,0.0,14.043251385356484,25.471884984025557,48.677835876811116,23.863217458478463,16.96465296655465
2022-11-17,25.8,13.9,19.3,45,15.8,965.9,15.42,0,19.3,45.0,4.388888888888889,178.4722222222222,0.0,12.434076387376866,24.052218934911245,48.36276403353071,21.514183454517447,15.444297258146054
2022-11-18,25.5,12.2,18.6,45,11.8,966.4,15.35,0,18.6,45.0,3.2777777777777777,177.662037037037,0.0,11.847767547543512,23.965631991051456,47.152675297411974,22.63622561716472,14.946563681490748
2022-11-19,26.2,13.0,18.8,52,9.9,966.6,15.09,2,18.8,52.0,2.75,174.65277777777777,0.02,12.924138972749262,24.377620967741937,46.13814771477075,23.75253230136212,15.80242147447287
2022-11-20,26.4,12.5,18.5,50,9.3,965.5,15.16,0,18.5,50.0,2.5833333333333335,175.46296296296296,0.0,12.409673218345866,24.284493284493287,46.041318969511394,23.775412968403142,15.393669909740762
2022-11-21,27.4,13.4,19.7,45,11.3,964.9,15.12,0,19.7,45.0,3.138888888888889,174.99999999999997,0.0,12.769108347991239,25.075426621160407,47.546609568121426,23.828137383518655,15.923461167825948
2022-11-22,26.2,12.6,19.1,44,9.3,965.0,14.95,0,19.1,44.0,2.5833333333333335,173.0324074074074,0.0,12.132488294944611,24.80436507936508,46.19102102868692,24.034135508146782,15.363614822334243
2022-11-23,25.5,12.2,18.5,41,10.9,965.4,15.33,4,18.5,41.0,3.0277777777777777,177.43055555555554,0.04,11.233973143715373,23.91500865051903,46.32509506839921,22.693698230095293,14.496782930704567
2022-11-24,25.3,10.8,17.6,38,10.0,965.0,15.32,1,17.6,38.0,2.7777777777777777,177.3148148148148,0.01,10.104216105796134,23.27090773809524,45.69586059959988,22.310893571175825,13.487132821676342
2022-11-25,25.3,11.4,18.0,45,9.2,966.7,14.88,65,18.0,45.0,2.5555555555555554,172.22222222222223,0.65,11.345214087383049,21.846507352941178,37.05905967712425,20.591991532677227,14.11095133175637
2022-11-26,26.3,11.3,18.0,47,9.2,964.3,14.98,0,18.0,47.0,2.5555555555555554,173.37962962962962,0.0,11.600908408476435,23.736825980392155,45.309230541000545,23.17601464857686,14.668001082011937
2022-11-27,25.8,11.8,18.3,47,9.2,962.1,14.88,0,18.3,47.0,2.5555555555555554,172.22222222222223,0.0,11.854925331539448,23.998529411764707,45.39149557936929,23.40313286174159,14.928153614430554
2022-11-28,24.8,11.5,18.2,56,9.2,963.4,14.54,0,18.2,56.0,2.5555555555555554,168.287037037037,0.0,12.900796772836348,23.76832107843137,44.76123009958803,23.456043960727232,15.604221956671715
2022-11-29,24.9,11.7,17.4,64,8.7,965.3,14.38,46,17.4,64.0,2.4166666666666665,166.4351851851852,0.46,13.149226705619903,21.719834581772783,38.15981057908863,21.492306936622946,15.288425610288488
2022-11-30,24.9,10.9,17.4,64,6.8,966.6,14.33,37,17.4,64.0,1.8888888888888888,165.85648148148147,0.37,13.149226705619903,22.305472950268815,38.34765239233991,22.61537111100817,15.405553283987695
2022-12-01,23.8,10.9,17.2,66,7.9,965.7,14.39,0,17.2,66.0,2.1944444444444446,166.55092592592592,0.0,13.202235582999744,22.98748391248391,43.1378348682868,23.396591484178103,15.559061690596602
2022-12-02,23.4,13.3,17.4,62,9.0,964.5,14.29,0,17.4,62.0,2.5,165.3935185185185,0.0,12.9117262754201,22.913117283950616,43.6265537096715,22.89651545864195,15.360831849584192
2022-12-03,24.2,10.8,16.9,63,7.9,964.9,14.26,0,16.9,63.0,2.1944444444444446,165.04629629629628,0.0,12.576052065120098,22.635199485199486,42.682847528833975,22.944269675218305,15.020276342623964
2022-12-04,24.4,11.5,16.7,65,8.2,965.7,14.22,3,16.7,65.0,2.2777777777777777,164.58333333333334,0.03,12.626702147483517,22.268821564885496,42.25312309627475,22.577908308933985,14.962455816215561
2022-12-05,22.9,10.3,16.2,64,9.3,967.2,14.1,0,16.2,64.0,2.5833333333333335,163.19444444444443,0.0,12.054336821259746,21.58003663003663,42.44988912043249,21.59364616799128,14.37404310088915
2022-12-06,23.8,9.7,16.0,60,8.6,966.8,14.23,0,16.0,60.0,2.388888888888889,164.69907407407408,0.0,11.41535221350643,21.57252506265664,42.221971972528536,21.67300065574127,13.90525156198583
2022-12-07,24.9,10.5,16.7,50,13.5,966.1,14.32,0,16.7,50.0,3.75,165.74074074074073,0.0,10.862052152949179,21.435449735449733,44.22027611273404,19.503805466298864,13.560526454154372
2022-12-08,26.0,10.6,17.5,51,12.3,966.1,14.07,0,17.5,51.0,3.416666666666667,162.84722222222223,0.0,11.672976821879285,22.337046204620464,44.24873217240361,20.855536460324522,14.388493016239591
2022-12-09,25.3,11.0,17.7,54,8.7,964.9,13.95,0,17.7,54.0,2.4166666666666665,161.45833333333331,0.0,12.214828705398386,23.142415730337078,43.19933146462415,22.855070394423787,14.948863239846286
2022-12-10,25.3,10.8,17.3,63,10.2,965.1,13.92,0,17.3,63.0,2.833333333333333,161.11111111111111,0.0,12.939667327269266,22.441843971631208,43.34359138842217,22.080356987142025,15.276135923414728
2022-12-11,26.4,12.6,18.1,59,11.3,965.8,13.9,0,18.1,59.0,3.138888888888889,160.87962962962962,0.0,13.180394991821807,23.041695108077363,44.245848947180434,22.165636043947455,15.644615515890738
2022-12-12,26.5,13.4,18.6,50,13.0,965.2,13.58,0,18.6,50.0,3.611111111111111,157.17592592592592,0.0,12.495651560490163,23.163172043010753,44.42896939614889,21.347820353190183,15.239590500945265
2022-12-13,26.0,14.2,18.6,39,15.8,966.9,13.77,0,18.6,39.0,4.388888888888889,159.375,0.0,11.044185408157368,22.84371301775148,45.042027634296176,19.748326668770563,14.159672389260454
2022-12-14,25.1,12.9,17.6,44,14.8,966.8,13.88,5,17.6,44.0,4.111111111111112,160.64814814814815,0.05,10.883158840302002,21.89782774390244,43.75275121608786,19.178444893541922,13.757776736991888
2022-12-15,24.1,11.3,16.2,44,11.7,965.4,14.19,8,16.2,44.0,3.2499999999999996,164.2361111111111,0.08,9.717100674309389,20.977777777777774,42.3236204236822,19.41301097649127,12.61752602757213
2022-12-16,23.8,8.8,15.6,47,9.7,964.0,14.22,3,15.6,47.0,2.694444444444444,164.58333333333334,0.03,9.568748647890066,20.86726083032491,41.94754332517016,20.20831174107617,12.43157621958803
2022-12-17,24.4,8.7,15.8,60,9.6,965.5,14.13,0,15.8,60.0,2.6666666666666665,163.54166666666666,0.0,11.235630074742415,21.13288043478261,42.280924603490234,20.932745452504214,13.671517139276213
2022-12-18,23.9,10.6,16.5,64,8.4,965.9,13.95,9,16.5,64.0,2.3333333333333335,161.45833333333331,0.09,12.328059805962464,21.756569602272727,41.05773866709757,21.92016498072845,14.63095578462827
2022-12-19,23.9,12.1,16.7,61,9.0,964.7,13.75,49,16.7,61.0,2.5,159.1435185185185,0.49,12.16117849907338,20.705111882716047,36.47137084813784,20.172593599342118,14.323847325894574
2022-12-20,24.1,9.7,16.4,63,8.0,963.8,13.77,21,16.4,63.0,2.2222222222222223,159.375,0.21,12.121532104366917,21.337560096153844,39.15017916246205,21.46468705578467,14.392584492287611
2022-12-21,22.9,11.2,16.0,64,13.9,964.7,13.39,14,16.0,64.0,3.861111111111111,154.97685185185185,0.14,11.871854637902732,20.06632053291536,40.48885396606073,18.05405587410962,13.923562353114983
2022-12-22,22.6,11.1,15.5,59,13.8,964.2,13.54,0,15.5,59.0,3.8333333333333335,156.71296296296293,0.0,10.853354855225138,19.93527253668763,41.963871340771846,17.971520228319168,13.134402905995124
2022-12-23,21.3,10.3,14.9,61,14.8,963.2,13.55,0,14.9,61.0,4.111111111111112,156.8287037037037,0.0,10.537318623330783,19.20322662601626,41.61081354435913,16.833476279102367,12.7067683615348
2022-12-24,20.9,9.6,14.3,55,15.2,965.3,13.93,14,14.3,55.0,4.222222222222222,161.22685185185185,0.14,9.344884873389162,18.364664909638556,40.12212404508193,15.394763082280928,11.644352393300125
2022-12-25,19.7,6.6,12.5,51,12.0,966.1,14.12,27,12.5,51.0,3.333333333333333,163.4259259259259,0.27,7.3529670979866495,16.740902777777777,36.92216270767733,14.851877868321152,9.74525752414621
2022-12-26,19.7,5.7,11.9,58,9.9,967.5,14.08,6,11.9,58.0,2.75,162.96296296296296,0.06,7.531546071793196,16.99916367980884,38.42702459412112,16.650928515539924,9.861914986217005
2022-12-27,22.2,6.8,13.5,56,10.5,968.0,14.04,1,13.5,56.0,2.9166666666666665,162.49999999999997,0.01,8.74654780495996,18.60592105263158,40.43652326172668,17.980064334526414,11.193767673998288
2022-12-28,23.2,8.7,15.1,44,12.2,968.1,13.83,0,15.1,44.0,3.3888888888888884,160.06944444444443,0.0,8.800899574406436,19.87028145695364,41.88931342030429,18.13451130987451,11.644685993475234
2022-12-29,23.4,10.7,16.3,50,10.9,968.1,13.56,3,16.3,50.0,3.0277777777777777,156.94444444444443,0.03,10.51813345688268,21.11423010380623,41.77182050168966,19.991348717765764,13.215539440579123
2022-12-30,24.8,11.6,17.6,54,16.8,968.8,12.8,15,17.6,54.0,4.666666666666667,148.14814814814815,0.15,12.127216080381338,21.144061302681994,40.938487870160486,17.66719135701769,14.477863516803335
2022-12-31,21.8,10.3,14.8,60,18.2,969.5,14.27,3,14.8,60.0,5.055555555555555,165.162037037037,0.03,10.337016597080199,18.84464491252302,42.608846001897234,15.121945601915302,12.484840600460743
2023-01-01,19.7,7.2,12.6,62,10.5,969.5,14.26,1,12.6,62.0,2.9166666666666665,165.04629629629628,0.01,8.564726962094468,17.7859283625731,40.0863145785039,17.39560828310954,10.812494545980748
2023-01-02,19.1,7.2,12.2,72,8.5,970.0,14.03,3,12.2,72.0,2.361111111111111,162.38425925925924,0.03,9.217900468432866,17.632213050314462,38.40257571207525,18.321422604208873,11.198972937965898
2023-01-03,19.3,6.9,11.9,70,9.0,970.9,14.09,6,11.9,70.0,2.5,163.0787037037037,0.06,8.734325002586392,17.172878086419754,38.11479195102737,17.58690164109095,10.738603119094424
2023-01-04,18.4,5.2,10.6,64,12.1,971.5,14.76,0,10.6,64.0,3.3611111111111107,170.83333333333331,0.0,6.944772528086659,15.70797342192691,39.890195551725526,14.667477970391426,9.062935454046043
2023-01-05,18.5,3.2,9.5,73,9.0,972.1,14.77,1,9.5,73.0,2.5,170.94907407407405,0.01,6.780660690000975,15.169810956790123,37.93040160531825,15.893233766161881,8.730424674358707
2023-01-06,18.2,3.6,9.4,74,9.8,972.5,13.81,25,9.4,74.0,2.7222222222222223,159.83796296296296,0.25,6.780905593377838,13.927784022781776,33.60641794870071,13.712233866042085,8.472190719920842
2023-01-07,20.0,4.5,11.0,71,8.0,970.8,14.09,43,11.0,71.0,2.2222222222222223,163.0787037037037,0.43,7.994228246475176,15.431350160256411,32.45712328861242,15.821859486128696,9.782229804583904
2023-01-08,23.0,6.6,13.9,64,9.9,968.6,14.69,2,13.9,64.0,2.75,170.02314814814812,0.02,9.955782051981075,19.329771505376343,41.53744191839428,19.29231726189789,12.225001737462021
2023-01-09,23.5,8.7,15.5,71,9.3,969.4,14.04,49,15.5,71.0,2.5833333333333335,162.49999999999997,0.49,12.200015601450232,19.544642857142858,35.920820424932685,19.314158909193875,13.998939492443734
2023-01-10,23.8,8.9,15.4,68,11.0,968.6,14.22,7,15.4,68.0,3.0555555555555554,164.58333333333334,0.07,11.771507946836731,20.328987068965517,41.685028800645625,19.85925212291299,13.845852976578815
2023-01-11,23.1,9.0,15.6,66,14.0,964.2,14.33,6,15.6,66.0,3.888888888888889,165.85648148148147,0.06,11.731846839793445,20.124772135416666,42.689378352223684,18.41602970888111,13.797247214938745
2023-01-12,23.5,12.7,17.3,73,10.2,961.7,13.02,39,17.3,73.0,2.833333333333333,150.69444444444443,0.39,14.116973057549405,21.17156471631206,37.48010019645045,20.710521986049837,15.846194083546994
2023-01-13,23.5,12.2,17.1,67,19.6,962.9,14.2,20,17.1,67.0,5.444444444444445,164.35185185185185,0.2,13.227552330975229,20.6405585106383,42.24201998582191,16.839014112434583,15.097398333810322
2023-01-14,18.2,8.1,12.6,55,13.0,966.6,15.49,1,12.6,55.0,3.611111111111111,179.2824074074074,0.01,7.848787781136613,17.77894825268817,42.75423466401372,16.270039676553584,10.309941097333263
2023-01-15,16.9,3.9,9.9,47,10.4,965.5,15.87,2,9.9,47.0,2.888888888888889,183.68055555555554,0.02,4.742169906690053,15.662654049295774,40.50280876799917,15.175661912139681,7.442049744542192
2023-01-16,17.9,3.5,10.4,40,9.9,966.0,15.69,0,10.4,40.0,2.75,181.5972222222222,0.0,4.512768632122322,16.257974910394264,40.68077858241395,15.81977650506657,7.450533024564478
2023-01-17,18.2,3.6,10.6,47,8.3,966.7,15.79,0,10.6,47.0,2.305555555555556,182.75462962962962,0.0,5.33492469622364,16.853960709759185,40.289916339989134,17.28587132331192,8.165239429308384
2023-01-18,18.6,4.6,11.0,44,10.6,968.1,15.52,0,11.0,44.0,2.944444444444444,179.62962962962962,0.0,5.3858593134491315,16.65268065268065,41.10587546732205,15.953316997350067,8.200637649950522
2023-01-19,19.9,6.5,12.6,49,11.4,968.0,15.18,49,12.6,49.0,3.1666666666666665,175.69444444444443,0.49,7.234183469425073,16.660693027210883,35.53908817260634,14.838384961954292,9.656067034039728
2023-01-20,20.2,8.6,13.5,60,16.3,966.3,15.24,28,13.5,60.0,4.527777777777778,176.38888888888889,0.28,9.168811903837508,17.480320699708454,39.827238776277625,14.102488923752878,11.264232472627945
2023-01-21,21.4,8.6,14.6,62,13.0,966.1,15.34,10,14.6,62.0,3.611111111111111,177.54629629629628,0.1,10.375989014206034,19.49684139784946,42.900423408191614,18.135500271473397,12.622560589514116
2023-01-22,20.6,10.9,15.4,67,15.1,965.2,12.59,32,15.4,67.0,4.194444444444445,145.71759259259258,0.32,11.659794507882033,18.728172205438067,36.747733637968054,15.78943979576961,13.447490596605036
2023-01-23,21.8,10.2,15.8,70,14.4,964.8,14.26,22,15.8,70.0,4.0,165.04629629629628,0.22,12.36750963271217,19.88031121399177,40.798347180229314,17.921058569495482,14.213318985696873
2023-01-24,21.8,11.7,16.3,82,14.3,963.7,13.58,25,16.3,82.0,3.9722222222222223,157.17592592592592,0.25,14.206122252293412,20.132075593395253,39.77321713691941,18.58429353054618,15.60070069528444
2023-01-25,21.3,11.2,15.0,70,14.8,965.4,15.74,8,15.0,70.0,4.111111111111112,182.17592592592592,0.08,11.622245141504251,19.798780487804876,44.37068946715624,18.1089807547521,13.59532769661395
2023-01-26,20.4,9.8,14.0,52,15.2,968.0,16.51,3,14.0,52.0,4.222222222222222,191.08796296296296,0.03,8.757202234955649,19.10239395080321,45.577115520585835,16.782931408593658,11.350520354629596
2023-01-27,20.9,6.3,12.3,50,13.1,968.2,16.88,0,12.3,50.0,3.638888888888889,195.37037037037035,0.0,7.078882643425828,17.95380493033226,45.01060281226563,16.54794842810501,9.775978836464532
2023-01-28,22.0,6.3,13.7,45,11.2,965.1,17.0,3,13.7,45.0,3.1111111111111107,196.75925925925924,0.03,7.743491419659323,19.673530251141553,45.428296603161414,18.928297874502043,10.725150043989839
2023-01-29,19.2,12.3,14.6,78,21.1,963.5,7.23,95,14.6,78.0,5.861111111111112,83.68055555555556,0.95,12.125252053418329,15.611229219948848,22.908027865782344,7.942144321579965,13.069922281382599
2023-01-30,19.6,11.5,15.0,84,16.7,966.7,12.69,55,15.0,84.0,4.638888888888888,146.875,0.55,13.173875425845473,17.76184257925072,33.95102537025798,14.308171757891614,14.274081313941975
2023-01-31,20.9,10.2,14.5,77,12.7,968.9,16.67,11,14.5,77.0,3.5277777777777777,192.93981481481484,0.11,11.920347826180759,19.845124185667753,44.759190494172685,19.365413231331896,13.763268315460081
2023-02-01,21.8,8.1,13.7,68,15.6,968.3,17.34,0,13.7,68.0,4.333333333333333,200.69444444444443,0.0,10.198352969807528,19.075744047619047,47.18209993974358,17.329833545171223,12.323995888389078
2023-02-02,23.4,8.4,15.1,59,12.1,967.2,17.29,0,15.1,59.0,3.3611111111111107,200.11574074074073,0.0,10.495345861988742,21.083527131782947,47.63027711851697,20.46475567719719,13.073447529748707
2023-02-03,24.3,8.7,15.6,57,10.2,966.7,17.27,0,15.6,57.0,2.833333333333333,199.88425925925924,0.0,10.716278674316015,21.979284869976357,47.440891103203285,21.905055353372724,13.457252046016482
2023-02-04,24.9,10.3,17.0,54,11.3,964.8,17.03,0,17.0,54.0,3.138888888888889,197.1064814814815,0.0,11.601539178448604,23.054465301478956,48.48765876719506,22.440001397441964,14.431970485209813
2023-02-05,25.7,11.5,18.0,54,10.1,963.3,17.15,0,18.0,54.0,2.8055555555555554,198.49537037037035,0.0,12.477666255924692,24.357502965599053,49.09618074909605,24.01952045491986,15.405866972267095
2023-02-06,26.4,12.0,18.8,59,13.1,962.6,17.16,3,18.8,59.0,3.638888888888889,198.61111111111111,0.03,13.806900630416727,24.46137459807074,50.07444745740321,23.433988323668476,16.437105360905857
2023-02-07,25.4,12.7,18.0,50,16.3,963.0,17.85,0,18.0,50.0,4.527777777777778,206.59722222222223,0.0,11.979780569172867,23.42091836734694,51.34286899498795,21.226859832877523,14.870030071890396
2023-02-08,25.4,11.0,17.5,49,11.0,964.6,17.74,0,17.5,49.0,3.0555555555555554,205.32407407407405,0.0,11.426305867536449,23.872126436781606,49.92314885313982,23.24164591264283,14.522839394631836
2023-02-09,26.3,10.7,18.4,54,16.6,963.2,17.59,2,18.4,54.0,4.611111111111112,203.58796296296296,0.02,12.828115574433461,23.64268424855491,50.966423377863464,21.448822766817138,15.548217751814404
2023-02-10,28.4,14.0,20.1,49,20.3,962.2,17.93,1,20.1,49.0,5.638888888888889,207.52314814814812,0.01,13.650628486439224,24.95214044821584,53.02389771271521,21.89445093901989,16.555868030150627
2023-02-11,27.7,16.0,20.5,45,13.6,964.7,18.32,0,20.5,45.0,3.7777777777777777,212.03703703703704,0.0,13.439168747879389,26.53902953586498,53.718282617897785,25.0588391967763,16.765224030688568
2023-02-12,24.9,11.6,17.8,32,22.1,968.3,18.67,0,17.8,32.0,6.138888888888889,216.08796296296296,0.0,9.440970996858576,22.649854530340814,52.56256014304495,18.44505540730671,12.918650603869168
2023-02-13,24.3,9.8,16.1,27,17.1,967.7,18.88,0,16.1,27.0,4.75,218.5185185185185,0.0,7.462914848031474,21.70303893637227,51.605365148871726,18.725620332559988,11.174648180896487
2023-02-14,27.1,11.8,18.7,27,12.3,966.7,18.55,1,18.7,27.0,3.416666666666667,214.69907407407408,0.01,9.374039498741672,25.04531421892189,52.308808156153816,23.579014121141686,13.440890492903549
2023-02-15,29.9,14.8,21.0,29,16.4,964.7,18.84,0,21.0,29.0,4.555555555555555,218.05555555555554,0.0,11.405190379966331,26.704941860465116,55.20213993989108,24.26146228178933,15.424621638069455
2023-02-16,30.7,13.5,21.2,41,10.6,965.4,19.03,11,21.2,41.0,2.944444444444444,220.25462962962962,0.11,13.44306613053682,27.749879807692306,53.071963726378044,26.719225441009684,17.080122252914236
2023-02-17,29.9,14.4,21.1,56,10.0,966.5,19.13,10,21.1,56.0,2.7777777777777777,221.412037037037,0.1,15.464001361822323,27.860974702380954,53.08631226935654,27.465171938030927,18.506995893751814
2023-02-18,30.1,14.4,21.2,60,11.0,966.0,19.22,0,21.2,60.0,3.0555555555555554,222.45370370370367,0.0,16.088067812705706,28.103735632183906,55.08183452313443,27.7560556965326,19.002394595330777
2023-02-19,29.7,14.1,21.6,57,10.5,965.0,19.38,16,21.6,57.0,2.9166666666666665,224.30555555555554,0.16,16.0421439119212,28.116666666666667,53.11901692001726,27.641732139682713,19.012834071678174
2023-02-20,31.7,16.6,22.9,48,13.8,962.8,19.52,40,22.9,48.0,3.8333333333333335,225.9259259259259,0.4,15.898393257503066,28.01530398322851,51.3506140779611,26.34501735564737,19.02193607689785
2023-02-21,31.4,18.5,23.6,33,15.5,962.6,19.34,14,23.6,33.0,4.305555555555555,223.84259259259258,0.14,14.070993957338178,29.192723880597015,55.81110258533772,27.000373871231847,18.048240546256128
2023-02-22,30.2,16.7,23.0,41,12.9,963.4,18.94,44,23.0,41.0,3.5833333333333335,219.21296296296296,0.44,14.915760608534598,27.98017799352751,49.95210598102989,26.16067949218271,18.33706802467972
2023-02-23,29.7,16.1,22.2,46,11.6,964.1,19.33,15,22.2,46.0,3.222222222222222,223.72685185185182,0.15,15.010583792057655,28.49231770833333,53.969968360824566,27.388200729492095,18.425872196107022
2023-02-24,28.6,16.6,22.3,40,11.9,966.0,17.11,78,22.3,40.0,3.3055555555555554,198.0324074074074,0.78,14.188876988333067,25.93611343366778,41.98828418392071,23.764523138063133,17.349436578566703
2023-02-25,29.8,15.7,22.5,46,9.8,967.1,19.75,1,22.5,46.0,2.7222222222222223,228.58796296296296,0.01,15.263235408213859,29.863328087529975,56.33154983978267,29.071280704528533,18.906930403255696
2023-02-26,29.8,15.0,22.8,45,9.8,968.6,19.38,25,22.8,45.0,2.7222222222222223,224.30555555555554,0.25,15.365567593958797,29.153979316546764,52.50150226412603,28.21092431992583,18.866693179080514
2023-02-27,30.3,16.9,23.0,43,11.4,968.3,19.57,23,23.0,43.0,3.1666666666666665,226.50462962962962,0.23,15.227015691938355,29.13642644557823,53.6857004745188,27.901036456604807,18.786196273472495
2023-02-28,30.0,17.2,23.4,42,17.7,968.0,19.48,5,23.4,42.0,4.916666666666666,225.46296296296296,0.05,15.401331978365533,28.941841736694677,57.32674989013992,26.717494220050103,18.909300732194808
2023-03-01,29.0,16.9,22.6,48,17.4,969.0,18.51,15,22.6,48.0,4.833333333333333,214.23611111111111,0.15,15.643054045611748,27.63817973163842,53.78355137312349,25.360648123460827,18.73777377825591
2023-03-02,31.0,16.8,23.6,44,15.5,969.5,19.87,7,23.6,44.0,4.305555555555555,229.97685185185185,0.07,15.880373953091595,29.562235696517416,57.639702396725625,27.807611999287563,19.3887089064676
2023-03-03,31.4,17.1,23.8,47,13.0,970.1,19.86,11,23.8,47.0,3.611111111111111,229.8611111111111,0.11,16.511796149095005,30.106350806451612,56.863996008574816,28.846820580878266,19.959527465656823
2023-03-04,31.1,19.1,23.7,47,12.2,970.4,18.04,29,23.7,47.0,3.3888888888888884,208.79629629629628,0.29,16.42712742196458,29.02015728476821,51.44438184203631,27.65446315810943,19.673020652328848
2023-03-05,30.6,16.7,23.4,47,13.5,969.3,20.11,16,23.4,47.0,3.75,232.75462962962962,0.16,16.173120900179363,29.518121693121692,56.22642912688053,28.150389165139043,19.564808968749894
2023-03-06,30.3,16.4,23.0,45,14.7,967.2,20.47,38,23.0,45.0,4.083333333333333,236.92129629629628,0.38,15.533078882099641,28.28182339449541,53.06706504413239,26.41443702987596,18.829519896368833
2023-03-07,29.8,16.0,22.6,46,11.1,966.7,19.07,69,22.6,46.0,3.083333333333333,220.71759259259258,0.69,15.347452488839227,27.071237829324172,45.56956040859211,25.604639825499135,18.417464308052296
2023-03-08,25.2,16.7,21.1,48,12.0,967.7,16.34,45,21.1,48.0,3.333333333333333,189.12037037037035,0.45,14.366350183211068,25.49704861111111,44.77820722621976,23.857419213226898,17.26585485046997
2023-03-09,28.6,15.6,21.1,57,14.7,967.6,17.72,18,21.1,57.0,4.083333333333333,205.09259259259258,0.18,15.598327977199695,26.23672273190622,50.840086944123016,24.676992844859402,18.27617413042103
2023-03-10,29.9,15.8,22.2,50,11.9,967.1,21.33,1,22.2,50.0,3.3055555555555554,246.87499999999997,0.01,15.590832633648692,29.593864966555184,59.093343494179464,28.77937987631794,19.052355836865118
2023-03-11,30.0,16.1,22.9,46,10.0,966.7,21.49,5,22.9,46.0,2.7777777777777777,248.72685185185182,0.05,15.600103360236723,30.694921875,58.63379353986744,29.884935667752018,19.349056727165703
2023-03-12,31.5,17.9,24.8,40,8.9,966.1,21.28,46,24.8,40.0,2.4722222222222223,246.2962962962963,0.46,16.221496032321323,31.145105328376705,52.904964578612294,29.982623588444266,20.064068288300266
2023-03-13,32.4,19.6,25.1,42,10.2,964.8,18.23,75,25.1,42.0,2.833333333333333,210.99537037037035,0.75,16.800681586924178,29.308684249408984,45.67605634719837,27.847058015900966,20.132213960728723
2023-03-14,32.9,17.5,24.6,41,14.2,962.2,20.15,22,24.6,41.0,3.944444444444444,233.21759259259255,0.22,16.224801545255428,30.40146868530021,56.381739604745064,28.69394270010872,19.897654818738843
2023-03-15,31.9,18.2,24.9,37,16.3,960.9,17.64,85,24.9,37.0,4.527777777777778,204.16666666666666,0.85,15.789789634912058,27.98035714285714,44.07739199694794,24.805807621856047,19.13892417300987
2023-03-16,30.0,20.7,24.4,39,14.4,961.9,16.49,69,24.4,39.0,4.0,190.85648148148147,0.69,15.729723293905685,27.872527649176952,44.67731798767744,25.238450204450615,19.025311835569372
2023-03-17,30.5,18.4,22.6,54,28.0,962.9,19.23,51,22.6,54.0,7.777777777777778,222.56944444444443,0.51,16.507785052018733,25.844191576086956,48.9716376409487,21.760100838302062,18.984287851630505
2023-03-18,27.7,16.1,21.5,66,19.8,961.5,20.61,55,21.5,66.0,5.5,238.54166666666666,0.55,17.15386263547734,25.61768353174603,49.43269203347933,23.13211606320278,19.28124055118334
2023-03-19,27.8,16.7,20.5,75,16.6,959.8,18.64,54,20.5,75.0,4.611111111111112,215.74074074074073,0.54,17.37960071860029,24.596579961464354,46.34500410792441,22.913970159506853,19.135036495313074
2023-03-20,25.0,15.7,19.1,77,20.8,958.8,15.42,72,19.1,77.0,5.777777777777778,178.4722222222222,0.72,16.299190648797477,21.749484536082477,38.71062232512992,17.854526409147258,17.66933036137473
2023-03-21,28.3,13.9,20.8,65,12.7,959.7,21.6,5,20.8,65.0,3.5277777777777777,250.0,0.05,16.381147542874306,27.945765472312704,57.97787289232298,27.61494406170709,19.135956374474553
2023-03-22,28.1,15.2,20.5,68,16.5,961.7,19.58,47,20.5,68.0,4.583333333333333,226.62037037037035,0.47,16.490915383483493,25.022554347826087,48.62836439206603,23.254075474718356,18.598151638003664
2023-03-23,29.3,16.5,22.4,58,11.5,960.8,19.73,49,22.4,58.0,3.194444444444444,228.35648148148147,0.49,16.890865976291668,27.659939971751413,49.41085764957461,26.840676010796734,19.595594177754446
2023-03-24,29.5,17.9,22.9,61,14.1,959.9,20.17,41,22.9,61.0,3.9166666666666665,233.44907407407408,0.41,17.75437341508288,28.103514408099688,52.05649659185144,26.978196969611776,20.338764272177954
2023-03-25,29.8,16.5,23.1,52,11.0,962.3,21.09,23,23.1,52.0,3.0555555555555554,244.0972222222222,0.23,16.656908340740312,29.80425646551724,55.717324317218356,29.039175010054894,19.930687131621664
2023-03-26,28.8,17.8,22.8,52,15.4,962.5,20.24,22,22.8,52.0,4.277777777777778,234.25925925925924,0.22,16.396485586980322,28.41801397205589,55.225196100233006,26.817996015649324,19.441142705297406
2023-03-27,30.2,17.8,23.5,38,18.5,962.1,22.87,12,23.5,38.0,5.138888888888888,264.6990740740741,0.12,14.839163930754143,29.63521689497717,61.20104448324918,27.484781730244926,18.664458130523336
2023-03-28,31.7,16.3,24.5,35,15.5,961.8,23.5,21,24.5,35.0,4.305555555555555,271.9907407407407,0.21,15.123618213297476,31.03995646766169,61.11863216672015,29.232867621703036,19.24452404284057
2023-03-29,32.0,18.2,25.1,38,14.2,961.8,19.22,36,25.1,38.0,3.944444444444444,222.45370370370367,0.36,16.123161992939522,30.19847308488613,53.387618477727585,28.221212114766633,19.835908012034892
2023-03-30,31.4,18.5,23.6,50,25.2,960.3,17.78,58,23.6,50.0,7.0,205.78703703703704,0.58,16.794494967080997,26.64393325617284,47.12394129113568,22.68340722887642,19.444933128191266
2023-03-31,26.9,16.2,19.9,79,20.7,959.7,18.69,43,19.9,79.0,5.75,216.31944444444446,0.43,17.309178915692776,23.84908753229974,47.70618209692515,21.36374870267519,18.876242747444888
2023-04-01,28.1,15.2,21.3,68,15.6,960.5,21.45,28,21.3,68.0,4.333333333333333,248.26388888888886,0.28,17.231207430000477,27.018936011904763,54.76133053637068,26.00054646030943,19.595632403381284
2023-04-02,30.4,16.5,23.1,54,18.8,960.3,19.84,15,23.1,54.0,5.222222222222222,229.62962962962962,0.15,16.94583544815287,28.294746376811595,56.1269035499177,26.221324731781543,19.831034089069327
2023-04-03,32.5,17.7,25.7,38,24.8,958.8,22.26,11,25.7,38.0,6.888888888888889,257.6388888888889,0.11,16.604655929108297,30.819669976635513,61.943846343072494,28.377482855406004,20.357193145702908
2023-04-04,31.2,18.6,24.8,44,15.2,960.8,22.88,5,24.8,44.0,4.222222222222222,264.8148148148148,0.05,16.879786831887134,31.799246987951808,63.190024832587994,30.38342438669184,20.655700179911356
2023-04-05,32.5,19.4,25.2,40,12.2,961.5,22.53,10,25.2,40.0,3.3888888888888884,260.7638888888889,0.1,16.546710674462258,32.58255380794702,61.70549288657031,31.305756495970787,20.619208233712985
2023-04-06,31.2,19.5,25.1,35,19.0,963.6,22.59,12,25.1,35.0,5.277777777777778,261.4583333333333,0.12,15.595087231736052,31.078209459459462,62.00721333447507,28.910609959433167,19.64220295410713
2023-04-07,33.8,20.5,26.6,27,15.3,965.4,21.62,28,26.6,27.0,4.25,250.23148148148147,0.28,15.180133252958758,32.41619119119119,59.05678798228246,30.356248488502402,19.769331515309368
2023-04-08,33.5,19.3,26.8,24,13.4,966.1,22.8,50,26.8,24.0,3.7222222222222223,263.88888888888886,0.5,14.66773046546276,32.47277070063694,56.733907382628445,30.45966594213389,19.44196546595132
2023-04-09,34.8,19.8,27.1,22,14.8,966.0,24.11,2,27.1,22.0,4.111111111111112,279.0509259259259,0.02,14.414885254160197,34.68031631097561,67.09415290439944,32.98706973099642,19.736482940107262
2023-04-10,35.5,19.6,27.6,19,17.3,964.5,24.33,52,27.6,19.0,4.805555555555555,281.5972222222222,0.52,14.010527477966136,32.91285410764873,59.05090227908687,30.59008030450363,19.149940056106043
2023-04-11,37.0,21.1,28.7,23,14.4,964.2,23.58,38,28.7,23.0,4.0,272.91666666666663,0.38,15.778921133622912,34.840625,61.36827658708029,32.96758595930366,20.883369793536037
2023-04-12,36.1,22.5,29.3,24,16.4,963.8,22.62,32,29.3,24.0,4.555555555555555,261.80555555555554,0.32,16.44994614848922,35.053633720930236,61.84015323877446,33.136188246391,21.4556890481285
2023-04-13,36.9,22.6,29.9,26,10.7,962.4,23.36,63,29.9,26.0,2.972222222222222,270.3703703703703,0.63,17.36744604825976,35.707781649245064,57.056347937386704,34.02995091569719,22.288768563630846
2023-04-14,37.9,24.1,30.7,25,16.6,961.3,21.68,56,30.7,25.0,4.611111111111112,250.9259259259259,0.56,17.701339886334768,35.39942196531791,57.829962583864074,33.43896403566492,22.54082231349792
2023-04-15,38.8,24.1,31.3,23,12.1,961.1,23.53,14,31.3,23.0,3.3611111111111107,272.33796296296293,0.14,17.612198773400326,38.87298588039867,67.04376990783425,37.29841429180372,23.233136317459962
2023-04-16,37.5,24.0,31.3,24,14.5,960.2,22.25,16,31.3,24.0,4.027777777777778,257.52314814814815,0.16,17.875658630390806,37.860897435897435,65.4022769418238,36.32524671280467,23.21514052845305
2023-04-17,38.1,23.7,31.2,24,16.6,960.3,24.35,14,31.2,24.0,4.611111111111112,281.8287037037037,0.14,17.804374173295265,38.01764812138728,68.57217050484235,36.569126752486305,23.186591545584143
2023-04-18,39.3,25.6,32.4,21,18.7,961.6,23.91,5,32.4,21.0,5.194444444444444,276.7361111111111,0.05,17.82500604452283,39.01678303814714,70.44772829932953,37.79708214721569,23.520860838795407
2023-04-19,37.3,26.0,31.6,24,24.1,959.0,22.88,62,31.6,24.0,6.694444444444445,264.8148148148148,0.62,18.08951129510134,35.5061757719715,58.7142520555804,33.65613501107014,22.923893060965238
2023-04-20,35.5,25.3,30.3,25,26.0,956.0,21.9,83,30.3,25.0,7.222222222222222,253.4722222222222,0.83,17.413184580985583,33.33302556818182,52.92130080925773,30.71949169695002,21.88583432032627
2023-04-21,35.6,22.6,29.4,15,20.4,956.4,25.3,10,29.4,15.0,5.666666666666666,292.8240740740741,0.1,14.054201912220659,35.919911024305556,69.19775267101755,34.28307583643851,19.961923543415573
2023-04-22,36.2,22.0,28.8,18,17.9,956.9,24.36,9,28.8,18.0,4.972222222222221,281.9444444444444,0.09,14.542310683520984,35.55017409470752,67.68673264549307,33.79019760478571,20.16965229740619
2023-04-23,33.1,21.9,26.7,23,27.0,958.2,21.46,26,26.7,23.0,7.5,248.37962962962962,0.26,14.368641674835828,31.021805555555556,59.03635472537553,28.12203152374996,18.93241028349619
2023-04-24,32.2,18.7,25.7,31,13.8,961.5,23.11,7,25.7,31.0,3.8333333333333335,267.47685185185185,0.07,15.315816919104527,33.00514609538784,63.68182212162617,31.40209620362171,19.892101062450738
2023-04-25,33.8,20.0,26.8,33,13.2,962.8,24.37,50,26.8,33.0,3.6666666666666665,282.06018518518516,0.5,16.547729467166914,32.90226362179487,58.4961476205724,31.19415075218477,20.843863351375813
2023-04-26,35.0,21.4,28.1,29,14.2,960.5,23.21,70,28.1,29.0,3.944444444444444,268.63425925925924,0.7,16.72031655918019,32.980467132505176,54.749505387174906,30.921380060689962,21.11031501792717
2023-04-27,35.4,22.1,28.3,38,22.0,960.1,22.63,63,28.3,38.0,6.111111111111111,261.92129629629625,0.63,18.69109844700484,32.33686197916667,55.71274463874238,29.928797695506717,22.381141308736723
2023-04-28,33.3,22.5,26.6,43,22.6,961.0,17.88,94,26.6,43.0,6.277777777777778,206.94444444444443,0.94,18.207963334455307,29.031342364532023,44.38828291304179,25.431149920344595,21.211842807025118
2023-04-29,30.1,21.7,25.3,51,19.6,960.1,16.65,96,25.3,51.0,5.444444444444445,192.70833333333331,0.96,18.411891291255095,27.698603723404254,41.871564347934225,24.378243464180787,20.95804464855942
2023-04-30,29.9,19.1,23.2,66,9.0,958.8,16.36,81,23.2,66.0,2.5,189.35185185185185,0.81,18.716118092565353,26.95547839506173,40.97811460511713,26.74845232383366,20.812378343808092
2023-05-01,28.5,18.2,22.4,76,15.4,958.3,19.96,65,22.4,76.0,4.277777777777778,231.0185185185185,0.65,19.309148010929842,26.60190868263473,47.59556173874773,25.58534228561573,21.076785344177832
2023-05-02,31.4,17.9,24.4,65,12.8,959.7,22.71,26,24.4,65.0,3.555555555555556,262.84722222222223,0.26,19.677689522806915,31.082122564935062,58.78640483250655,30.709226268977776,22.430807178951856
2023-05-03,31.7,19.4,24.5,65,22.7,961.4,19.96,18,24.5,65.0,6.305555555555555,231.0185185185185,0.18,19.769259594542444,29.148751023751025,56.83306750495228,27.334040641171747,22.11823192092991
2023-05-04,32.3,19.0,25.5,59,9.4,961.0,21.13,32,25.5,59.0,2.611111111111111,244.56018518518516,0.32,19.80335681331894,32.24771897810219,55.71573400061823,31.935730316288925,22.861893564943696
2023-05-05,35.1,19.8,27.8,46,13.5,960.0,22.0,22,27.8,46.0,3.75,254.62962962962962,0.22,19.726661242690902,34.274867724867725,61.26635740511642,33.13906844198754,23.443636414857178
2023-05-06,36.8,22.3,29.6,36,22.9,958.8,22.12,14,29.6,36.0,6.361111111111111,256.01851851851853,0.14,19.334769222872623,34.83930317848411,64.3182934113309,33.206463829342745,23.46219909170766
2023-05-07,38.2,22.0,30.4,31,16.6,958.0,21.89,17,30.4,31.0,4.611111111111112,253.35648148148147,0.17,18.895217698627064,36.43003070809248,64.21600898239814,34.879772232553975,23.55265853065744
2023-05-08,38.5,24.5,31.5,21,21.6,957.2,24.99,3,31.5,21.0,6.0,289.2361111111111,0.03,17.205025585683696,37.97494476010101,71.49911155780688,36.811313565354936,22.78850686199879
2023-05-09,39.2,24.6,31.6,14,19.9,959.6,25.12,0,31.6,14.0,5.527777777777778,290.74074074074076,0.0,15.112567026898677,38.504133685136324,72.32373275798528,37.21807656350689,21.43962365585634
2023-05-10,38.9,22.5,30.7,15,23.4,959.5,25.01,0,30.7,15.0,6.499999999999999,289.4675925925926,0.0,14.877817868497619,36.99277375201288,71.34943536258851,35.77644104023878,20.883027258350907
2023-05-11,40.4,22.4,31.5,15,18.3,959.7,24.9,0,31.5,15.0,5.083333333333333,288.1944444444444,0.0,15.384640668531226,38.64531680440771,71.9652011107255,37.25857855482236,21.6483118288534
2023-05-12,42.3,24.0,33.6,16,23.5,958.8,23.46,11,33.6,16.0,6.527777777777778,271.52777777777777,0.11,17.06062857097095,39.16468373493976,69.58530757424614,38.36592609963473,23.135376746667617
2023-05-13,43.4,26.6,35.5,13,21.1,957.6,23.55,16,35.5,13.0,5.861111111111112,272.56944444444446,0.16,17.154542541086563,41.27205882352941,70.45691691761431,40.59360489615921,23.81259154346648
2023-05-14,42.0,27.9,34.5,18,22.8,955.6,21.72,33,34.5,18.0,6.333333333333333,251.38888888888886,0.33,18.319020411658183,39.130361519607845,64.58596289113126,38.22935760264898,24.099386592082297
2023-05-15,40.9,25.8,33.7,22,21.9,955.5,22.66,19,33.7,22.0,6.083333333333333,262.26851851851853,0.19,19.015866045411595,39.05382727652465,67.41242344081809,38.12258595596428,24.49187168709305
2023-05-16,38.5,28.6,33.1,31,25.2,957.8,19.49,25,33.1,31.0,7.0,225.57870370370367,0.25,20.951379725482617,37.21211178626543,61.753938593230316,36.20804572999053,25.418388165090917
2023-05-17,39.4,27.9,33.6,29,20.8,958.9,20.56,20,33.6,29.0,5.777777777777778,237.96296296296293,0.2,20.83728032082218,38.56778350515464,64.49163300079096,37.55689527150189,25.65965292560645
2023-05-18,38.4,26.0,31.9,29,16.9,961.4,22.23,13,31.9,29.0,4.694444444444444,257.2916666666667,0.13,19.56479390857704,38.10375179083095,66.47668191181623,36.784852557647206,24.506106094170118
2023-05-19,39.9,25.6,32.9,26,18.2,959.9,23.63,2,32.9,26.0,5.055555555555555,273.4953703703703,0.02,19.550561389229454,39.63161256906077,70.93498317579144,38.58519124799694,24.90171548627277
2023-05-20,41.5,25.6,34.2,19,21.3,958.0,23.96,3,34.2,19.0,5.916666666666667,277.31481481481484,0.03,18.44335196146161,40.45546013570823,72.12938502368416,39.77244612861482,24.421438400164774
2023-05-21,42.5,31.0,35.9,19,22.0,958.7,21.35,17,35.9,19.0,6.111111111111111,247.1064814814815,0.17,19.585036493860493,40.9873046875,67.73549386396991,40.572524125779296,25.496986483202345
2023-05-22,42.1,30.3,35.9,22,24.4,959.4,23.04,12,35.9,22.0,6.777777777777777,266.66666666666663,0.12,20.549404131581667,41.22075471698113,70.56618492844609,41.27176855666612,26.218733835503393
2023-05-23,41.3,30.7,35.5,25,19.3,959.5,21.77,64,35.5,25.0,5.361111111111112,251.96759259259258,0.64,21.15906969319916,39.6341599642538,60.54843182026411,38.77139473389679,26.288180778090172
2023-05-24,36.9,23.5,28.9,54,17.3,958.4,11.33,75,28.9,54.0,4.805555555555555,131.13425925925927,0.75,22.0271454343761,30.989603989612842,42.245902006890674,29.093517245892034,24.506922601985835
2023-05-25,34.4,24.2,28.2,58,22.0,957.5,18.62,50,28.2,58.0,6.111111111111111,215.50925925925927,0.5,22.060580929705644,31.83671875,53.202723457047,30.264113168553035,24.629750400793952
2023-05-26,34.1,20.8,27.5,61,18.5,958.2,22.51,27,27.5,61.0,5.138888888888888,260.5324074074074,0.27,21.90407710606478,33.0568350456621,61.20530518052715,32.17026221014101,24.694220983377765
2023-05-27,33.3,21.3,27.4,64,29.0,957.6,19.75,30,27.4,64.0,8.055555555555555,228.58796296296296,0.3,22.273121424670745,31.120633865248227,56.58444494706282,29.81382886113068,24.555311770319165
2023-05-28,35.7,21.4,28.5,60,28.3,958.9,20.71,72,28.5,60.0,7.861111111111111,239.69907407407408,0.72,22.647674606627152,31.48200143988481,52.01113441574438,29.9673351650074,24.99977251261597
2023-05-29,32.5,23.6,27.7,58,16.6,959.8,20.32,65,27.7,58.0,4.611111111111112,235.18518518518516,0.65,21.61492030796466,31.829335260115606,52.39847824158778,30.60908450170545,24.266311267598383
2023-05-30,35.5,22.7,28.4,54,19.5,960.1,22.34,29,28.4,54.0,5.416666666666667,258.5648148148148,0.29,21.589106500143934,33.705749999999995,61.34469230420018,32.53745734074586,24.69352455010075
2023-05-31,32.1,20.9,26.7,57,19.9,959.6,21.76,11,26.7,57.0,5.527777777777778,251.85185185185185,0.11,20.569010878228056,32.35171503957783,62.21231002780087,31.076550902263488,23.538650622675206
2023-06-01,35.6,22.2,28.1,52,18.8,958.7,22.56,22,28.1,52.0,5.222222222222222,261.1111111111111,0.22,20.997228696047713,33.78342391304348,62.56764936226352,32.560798366538016,24.264744869842097
2023-06-02,33.4,21.1,27.8,62,18.7,958.4,21.39,22,27.8,62.0,5.194444444444444,247.56944444444443,0.22,22.329927683973263,33.20335490463216,60.788488565950104,32.393509912452174,25.051620359707716
2023-06-03,36.5,24.0,29.2,56,23.9,958.3,20.27,59,29.2,56.0,6.638888888888888,234.60648148148147,0.59,22.62311419568955,32.752692422434365,54.46274587515893,31.36877808419317,25.306718421469554
2023-06-04,35.4,23.2,29.3,49,14.4,958.3,21.29,34,29.3,49.0,4.0,246.412037037037,0.34,21.52100691954862,34.98116640946502,59.70466677589536,34.02240200939716,24.990938125577035
2023-06-05,36.1,24.1,30.3,46,14.9,957.4,22.71,5,30.3,46.0,4.138888888888889,262.84722222222223,0.05,21.832000251494005,37.31059080547112,67.06260928291852,36.45097611750181,25.77451833714003
2023-06-06,38.1,24.1,31.3,38,26.0,957.0,22.35,7,31.3,38.0,7.222222222222222,258.68055555555554,0.07,21.098474746094258,36.406001420454544,66.82590402384204,35.49689956382711,25.18013260635689
2023-06-07,39.0,25.4,32.1,32,14.7,956.8,23.61,2,32.1,32.0,4.083333333333333,273.26388888888886,0.02,20.421578584984776,39.54581422018349,70.13277188264789,38.427568161548336,25.41426785352604
2023-06-08,37.9,26.4,32.0,38,24.3,956.9,19.71,18,32.0,38.0,6.75,228.125,0.18,21.66018783303154,36.41688829787234,62.2415762652945,35.325942692244446,25.645509142696543
2023-06-09,39.2,27.9,33.2,40,20.9,954.6,21.51,8,33.2,40.0,5.805555555555555,248.95833333333334,0.08,23.05078632471867,38.72956298200514,67.26953492829887,38.1360703415756,27.201463023704093
2023-06-10,39.0,28.9,33.5,40,26.0,953.5,22.81,3,33.5,40.0,7.222222222222222,264.0046296296296,0.03,23.294682066184503,38.81909327651515,69.74027956066669,38.777272145293985,27.420096101632183
2023-06-11,39.2,28.4,33.6,43,22.0,953.5,22.36,10,33.6,43.0,6.111111111111111,258.79629629629625,0.1,24.004039628640456,39.131770833333334,68.37039286626288,38.88994698150356,27.989181906714986
2023-06-12,39.5,29.7,34.4,34,21.9,953.6,22.73,6,34.4,34.0,6.083333333333333,263.0787037037037,0.06,22.667880329150147,40.156082915622385,70.11286828510043,39.806832310022564,27.338732813529578
2023-06-13,39.6,30.1,34.7,35,20.6,953.8,21.92,9,34.7,35.0,5.722222222222222,253.70370370370372,0.09,23.13819885785831,40.34917962003455,68.8359715515719,39.98090189460468,27.736575124507723
2023-06-14,38.7,30.2,33.9,41,24.5,954.7,22.75,4,33.9,41.0,6.805555555555555,263.31018518518516,0.04,23.833279768155908,39.36446078431372,69.91843387176874,39.36165181801545,27.94618799457188
2023-06-15,38.3,29.7,32.9,46,21.6,955.3,21.64,32,32.9,46.0,6.0,250.46296296296296,0.32,24.021522984943456,37.68156565656565,63.435793194207804,37.19687684608136,27.64137922077355
2023-06-16,34.7,27.6,31.0,54,20.5,954.8,16.18,50,31.0,54.0,5.694444444444445,187.2685185185185,0.5,23.866899557300485,34.28327922077922,52.61576568015789,33.283601708067124,26.663485534266187
2023-06-17,34.6,26.0,29.1,65,22.3,954.1,15.22,77,29.1,65.0,6.194444444444445,176.15740740740742,0.77,23.981454186538173,31.519432382133996,46.35738645853786,30.26514938751872,26.00090440700352
2023-06-18,31.1,24.6,26.8,78,29.7,952.0,9.71,88,26.8,78.0,8.25,112.38425925925927,0.88,23.772134484224672,27.98745632424878,37.189387988358135,25.635817436386777,24.917985403807023
2023-06-19,30.4,24.4,25.7,88,27.5,950.6,6.03,91,25.7,88.0,7.638888888888888,69.79166666666667,0.91,24.109298354947285,26.452369505494506,32.202381736703614,23.844983748443834,24.736982749562
2023-06-20,33.0,23.0,27.1,82,22.1,953.0,18.62,55,27.1,82.0,6.138888888888889,215.50925925925927,0.55,24.631308804533884,30.606727971737325,51.551339246652844,30.220588938045108,26.07326175752118
2023-06-21,34.9,25.4,29.8,71,22.0,954.1,22.27,72,29.8,71.0,6.111111111111111,257.7546296296296,0.72,25.56469727760448,33.51166666666667,54.96567293192186,33.48478885330602,27.57762142765647
2023-06-22,35.2,27.0,31.1,63,21.9,954.4,20.03,95,31.1,63.0,6.083333333333333,231.8287037037037,0.95,25.484069387599984,33.8453399122807,50.02772978097255,33.43786591400172,27.717916553776128
2023-06-23,35.9,27.4,31.5,61,21.7,954.3,19.82,97,31.5,61.0,6.027777777777778,229.39814814814815,0.97,25.512465025675844,34.178237825356845,49.86625458318116,33.75477419369501,27.84437308304446
2023-06-24,37.8,27.5,31.5,61,20.9,953.2,21.36,92,31.5,61.0,5.805555555555555,247.2222222222222,0.92,25.512465025675844,34.588688946015424,52.05799799426427,34.277442751684276,27.92646330717617
2023-06-25,32.0,26.2,28.9,71,20.6,953.6,12.18,100,28.9,71.0,5.722222222222222,140.9722222222222,1.0,24.72357730815347,30.543458549222795,40.480847951140845,29.44039332212766,26.305195825551987
2023-06-26,33.4,25.1,27.9,78,9.7,954.2,16.33,94,27.9,78.0,2.694444444444444,189.0046296296296,0.94,24.822248995183966,31.154700661853187,43.46164159896483,32.34208678254366,26.39651442899941
2023-06-27,33.8,25.0,28.7,74,11.4,953.5,18.54,93,28.7,74.0,3.1666666666666665,214.58333333333331,0.93,24.98935028632249,32.214349489795914,46.56277176831287,33.00012582990033,26.805415098384927
2023-06-28,34.0,25.1,29.1,74,11.2,954.3,20.08,74,29.1,74.0,3.1111111111111107,232.40740740740736,0.74,25.366718456953205,33.612842465753424,51.311275888580155,34.58014293868121,27.389271413017926
2023-06-29,32.0,24.9,27.0,85,12.6,953.6,16.31,91,27.0,85.0,3.5,188.77314814814812,0.91,24.960360525495048,30.02592252178649,43.482915906924234,30.94786663194105,26.17743687220383
2023-06-30,32.9,24.5,27.4,84,13.2,952.4,15.25,90,27.4,84.0,3.6666666666666665,176.50462962962962,0.9,25.206936061870618,30.200313835470084,43.024637751200714,31.01945786101591,26.424918010403452
2023-07-01,34.1,25.0,29.0,76,18.2,953.2,21.22,61,29.0,76.0,5.055555555555555,245.60185185185182,0.61,25.5733190916518,33.243755755064456,55.1436805198278,33.54641663612508,27.45007451516915
2023-07-02,34.1,25.3,29.5,73,23.3,954.6,21.18,86,29.5,73.0,6.472222222222222,245.13888888888889,0.86,25.591398580638945,32.544945520581116,51.182174847716,32.35549328116021,27.372968110563484
2023-07-03,35.6,26.3,30.7,67,14.6,954.2,21.82,52,30.7,67.0,4.055555555555555,252.54629629629628,0.52,25.76930766059997,35.85938139059304,58.53498451304745,36.34921956002511,28.28039164053859
2023-07-04,36.5,26.2,30.3,71,22.1,952.3,22.39,29,30.3,71.0,6.138888888888889,259.14351851851853,0.29,26.031985463438392,35.27284133416459,62.806774370681296,35.75113520104266,28.306958091239792
2023-07-05,35.0,25.3,29.3,77,21.0,951.5,21.05,74,29.3,77.0,5.833333333333333,243.63425925925927,0.74,26.00863717640018,32.84206730769231,53.00434757925598,33.08304738379458,27.704459485018585
2023-07-06,34.0,25.7,29.4,74,13.3,953.2,19.18,88,29.4,74.0,3.6944444444444446,221.99074074074073,0.88,25.649744393153046,32.97454739084132,48.75648926695948,33.68934123608924,27.4897305533754
2023-07-07,33.4,26.1,29.1,77,10.1,953.9,18.73,98,29.1,77.0,2.8055555555555554,216.7824074074074,0.98,25.81825771684835,32.64103647686833,46.08925908883339,34.04643392066341,27.510987697167508
2023-07-08,32.5,25.3,27.9,83,12.1,953.7,18.71,89,27.9,83.0,3.3611111111111107,216.55092592592592,0.89,25.547993564602095,31.49359426910299,46.738448202398615,32.71701167846154,26.972314349042062
2023-07-09,32.3,24.8,27.1,87,8.7,953.3,16.71,96,27.1,87.0,2.4166666666666665,193.40277777777777,0.96,25.34054918370028,30.48998127340824,42.588197961833146,32.45550002221348,26.546380683271842
2023-07-10,30.5,24.6,26.9,88,9.0,953.4,13.76,93,26.9,88.0,2.5,159.25925925925924,0.93,25.285590002975148,29.740123456790123,40.2419284313616,31.670111457960147,26.33793769344063
2023-07-11,34.2,25.1,29.1,76,15.3,953.8,21.61,76,29.1,76.0,4.25,250.11574074074073,0.76,25.668230157806388,33.29112862862863,52.9809220283812,33.883762875423635,27.535986836190194
2023-07-12,34.6,25.4,29.8,74,13.6,953.3,21.65,92,29.8,74.0,3.7777777777777777,250.57870370370367,0.92,26.027112055097966,33.653837025316456,50.68353253078169,34.4942667685846,27.929745843631867
2023-07-13,34.1,26.3,29.5,76,18.1,953.6,18.05,98,29.5,76.0,5.027777777777778,208.91203703703704,0.98,26.04787425067064,32.15625,46.47784181061252,32.35015581772414,27.614761975469445
2023-07-14,33.6,26.2,29.1,77,19.7,954.8,21.41,73,29.1,77.0,5.472222222222222,247.80092592592592,0.73,25.81825771684835,32.8564517020336,53.394504902905794,33.10451475648976,27.55407074220056
2023-07-15,33.1,25.9,28.6,80,17.5,954.8,16.9,98,28.6,80.0,4.861111111111111,195.60185185185182,0.98,25.78564284801937,31.12904929577465,44.67563082485623,31.31456759341981,27.135759852768487
2023-07-16,31.1,25.1,26.8,89,17.9,954.6,13.44,96,26.8,89.0,4.972222222222221,155.55555555555554,0.96,25.32771606857092,28.827855153203345,40.207048606541036,28.770799153105955,26.17497227864031
2023-07-17,33.1,25.2,28.7,81,14.3,953.6,20.48,99,28.7,81.0,3.9722222222222223,237.03703703703704,0.99,26.028892032542053,32.03539731682147,47.57337194743627,32.974015389870786,27.49730388614373
2023-07-18,32.6,25.3,28.2,83,10.5,952.8,17.77,96,28.2,83.0,2.9166666666666665,205.67129629629628,0.96,25.838350730552364,31.577339181286547,44.85244251782973,33.19262101123742,27.22231334764396
2023-07-19,32.7,25.6,28.9,81,13.3,952.4,19.91,89,28.9,81.0,3.6944444444444446,230.4398148148148,0.89,26.2214273713029,32.5774660543131,48.8376847854891,33.79172595018728,27.76049237077465
2023-07-20,34.5,26.6,30.4,75,13.9,952.5,23.04,16,30.4,75.0,3.861111111111111,266.66666666666663,0.16,26.747892971637103,37.32163009404388,65.68084959922436,38.493894588189995,29.227851098954748
2023-07-21,34.7,27.6,31.0,70,17.6,954.0,22.72,72,31.0,70.0,4.888888888888889,262.96296296296293,0.72,26.527204878465724,35.254681647940075,56.442469346200426,35.85701465721808,28.719979744514024
2023-07-22,34.3,26.6,30.6,71,20.9,955.6,22.44,77,30.6,71.0,5.805555555555555,259.72222222222223,0.77,26.31235814364557,34.29553341902314,54.93695590767612,34.631942710930225,28.33775738435653
2023-07-23,33.1,25.5,29.3,76,24.9,955.4,20.4,71,29.3,76.0,6.916666666666666,236.1111111111111,0.71,25.85805223849147,32.49493006993007,52.70053013953259,32.54577205162545,27.529622580930045
2023-07-24,33.6,26.7,29.5,78,17.0,954.0,19.07,60,29.5,78.0,4.722222222222222,220.71759259259258,0.6,26.349684663583233,33.47291666666666,53.30745319085645,34.21427598375576,28.089362597841596
2023-07-25,33.0,24.8,28.6,83,10.2,954.6,18.78,98,28.6,83.0,2.833333333333333,217.36111111111111,0.98,26.22549341506902,32.13789893617022,45.71106913498494,33.96291188560885,27.645425177782357
2023-07-26,32.4,25.0,28.3,82,8.4,956.2,17.85,95,28.3,82.0,2.3333333333333335,206.59722222222223,0.95,25.789650694767,31.997620738636364,44.694797544841606,33.899667419891706,27.282279634064174
2023-07-27,32.2,25.0,27.7,85,9.8,955.6,18.91,100,27.7,85.0,2.7222222222222223,218.86574074074073,1.0,25.641394504335615,31.24279076738609,44.63876634862356,33.012657363781976,26.96753430651215
2023-07-28,32.2,25.6,28.0,83,18.7,953.9,19.3,99,28.0,83.0,5.194444444444444,223.37962962962962,0.99,25.64477930119384,30.76637715712988,46.10468250102667,30.878298596111748,26.904620942261662
2023-07-29,27.8,24.0,25.6,91,16.2,953.7,9.55,96,25.6,91.0,4.5,110.5324074074074,0.96,24.422644849157766,27.112548732943473,35.36911910091891,26.751336114901328,25.078361140999128
2023-07-30,31.6,23.8,26.9,83,18.4,953.3,17.06,60,26.9,83.0,5.111111111111111,197.45370370370367,0.6,24.580135385724162,30.317467948717947,48.870003162820126,30.174990526538988,25.959588359750505
2023-07-31,31.8,25.3,28.1,79,18.4,953.1,22.06,22,28.1,79.0,5.111111111111111,255.32407407407405,0.22,25.159594621736343,33.71853250915751,61.906852021766156,34.1591542613753,27.165422737046946
2023-08-01,32.9,25.2,28.6,78,15.9,952.4,21.38,48,28.6,78.0,4.416666666666667,247.45370370370367,0.48,25.490502619150735,33.592871189773845,57.092230522270256,34.21378243441058,27.421926071360282
2023-08-02,32.8,25.7,29.2,74,21.7,952.7,22.22,74,29.2,74.0,6.027777777777778,257.1759259259259,0.74,25.461060453862117,32.873016372795966,54.08208533534571,32.82444629739112,27.317345592262676
2023-08-03,32.7,25.8,29.0,71,19.9,952.8,21.51,86,29.0,71.0,5.527777777777778,248.95833333333334,0.86,24.817035161965627,32.369805408970976,51.151091544457984,31.962080851873427,26.74588569517013
2023-08-04,32.0,26.0,27.8,80,17.9,954.4,12.35,100,27.8,80.0,4.972222222222221,142.9398148148148,1.0,25.01761356008782,29.59172469823584,39.63714338109628,29.10572392910824,26.21067443170864
2023-08-05,32.7,26.3,29.3,71,17.6,956.1,18.51,98,29.3,71.0,4.888888888888889,214.23611111111111,0.98,25.097408603665176,32.06220154494382,46.69764880911271,31.783276943797514,26.910626331554386
2023-08-06,33.2,25.9,29.0,69,21.2,954.2,21.51,81,29.0,69.0,5.888888888888888,248.95833333333334,0.81,24.51059223830438,32.400948660714285,52.00506068506064,31.797716380423356,26.53760429895592
2023-08-07,31.9,25.1,28.0,71,23.6,952.2,17.85,86,28.0,71.0,6.555555555555555,206.59722222222223,0.86,23.88245571402648,30.547701322115387,46.75547505357616,29.28460217946613,25.627259264241616
2023-08-08,32.7,24.5,28.1,70,22.4,953.6,20.42,90,28.1,70.0,6.222222222222221,236.3425925925926,0.9,23.825726024619673,30.99578176567657,48.64837369796851,29.88610638418873,25.687164570369085
2023-08-09,32.6,24.8,28.2,70,21.0,956.6,22.18,83,28.2,70.0,5.833333333333333,256.71296296296293,0.83,23.918880755574175,31.665625,51.6334248604079,30.857192129506878,25.89634152890192
2023-08-10,32.5,24.6,28.3,69,18.0,957.6,20.06,83,28.3,69.0,5.0,232.1759259259259,0.83,23.860664089910514,31.695572916666666,49.69766648641473,31.025267552105564,25.871579446270694
2023-08-11,33.1,24.8,28.7,66,14.8,957.7,22.02,59,28.7,66.0,4.111111111111112,254.8611111111111,0.59,23.77042042001934,33.63016387195122,55.973798474350076,33.4728651556655,26.235327068403784
2023-08-12,33.2,24.9,28.8,63,19.3,956.2,21.62,76,28.8,63.0,5.361111111111112,250.23148148148147,0.76,23.393373832055186,32.54340929401251,52.84331634205313,31.614268499679618,25.764043541241133
2023-08-13,32.1,25.4,28.0,69,18.0,954.2,15.4,99,28.0,69.0,5.0,178.24074074074073,0.99,23.58212313060536,30.25028935185185,42.68148913439359,29.101418006904247,25.357544061794123
2023-08-14,30.6,24.6,27.6,73,10.9,956.3,15.88,99,27.6,73.0,3.0277777777777777,183.7962962962963,0.99,23.804418897503357,30.490498846597465,42.31601315942788,30.922065692049564,25.521192997571845
2023-08-15,33.5,24.7,28.5,73,13.3,957.2,20.03,69,28.5,73.0,3.6944444444444446,231.8287037037037,0.69,24.65088381768239,32.866230697550584,51.86468022435105,33.29055991519147,26.67886481188779
2023-08-16,34.2,25.9,29.3,67,16.1,957.4,17.99,39,29.3,67.0,4.472222222222222,208.21759259259255,0.39,24.478266192829796,33.72386058162268,54.91098580607462,33.60210485445912,26.809558451305392
2023-08-17,34.3,25.9,29.8,62,17.8,957.0,23.47,45,29.8,62.0,4.944444444444445,271.6435185185185,0.45,24.1410823837291,35.092495926443206,61.065116267402004,34.77916096127576,26.897256853899012
2023-08-18,34.3,25.3,29.5,64,17.9,956.6,23.34,71,29.5,64.0,4.972222222222221,270.13888888888886,0.71,24.189102797307996,33.86812325905292,56.02733586880436,33.44718349083359,26.65599660992618
2023-08-19,33.4,26.3,29.3,69,15.0,956.0,19.2,66,29.3,69.0,4.166666666666667,222.2222222222222,0.66,24.789132553339048,33.36060606060606,52.27067889571282,33.45106752706743,26.954513999458545
2023-08-20,34.7,26.5,29.6,77,15.3,956.2,21.36,66,29.6,77.0,4.25,247.2222222222222,0.66,26.294206240987112,34.076726726726726,54.84417042898434,34.98005303162387,28.181289714036325
2023-08-21,34.5,26.0,29.9,77,12.5,955.8,21.5,72,29.9,77.0,3.4722222222222223,248.84259259259258,0.72,26.57977515700514,34.59945355191257,53.94716611813078,35.94848275615388,28.51573332028611
2023-08-22,35.5,27.1,29.7,78,16.2,954.9,17.41,100,29.7,78.0,4.5,201.50462962962962,1.0,26.540613828566606,32.351376705653024,45.76085464944833,33.061606931530825,28.01870502112723
2023-08-23,31.1,26.4,28.4,71,19.4,954.1,13.3,100,28.4,71.0,5.388888888888888,153.9351851851852,1.0,24.25628773704041,30.252161319073082,41.04078947365849,29.108986845875762,25.869833679742904
2023-08-24,31.4,25.1,27.7,66,18.4,953.4,15.85,98,27.7,66.0,5.111111111111111,183.44907407407405,0.98,22.851462044514044,30.013272664835164,42.95906407689449,28.51075194534778,24.768677964126862
2023-08-25,31.4,24.5,27.6,67,17.4,953.8,20.19,70,27.6,67.0,4.833333333333333,233.68055555555557,0.7,22.910567062197288,31.461670197740116,51.380721171124776,30.628866509879963,25.089730983086127
2023-08-26,33.0,24.3,28.0,64,18.9,955.5,22.2,29,28.0,64.0,5.249999999999999,256.9444444444444,0.29,22.820545818440618,33.358231707317074,60.85940888093165,32.692918638110754,25.44602841437185
2023-08-27,32.6,23.4,27.9,59,20.2,955.9,22.53,15,27.9,59.0,5.611111111111111,260.7638888888889,0.15,21.95130289945766,33.582877945026176,63.52161281083909,32.65512189384959,24.872487618625595
2023-08-28,33.2,25.0,28.6,60,19.4,955.5,23.39,6,28.6,60.0,5.388888888888888,270.7175925925926,0.06,22.737531072008117,34.9191566399287,66.72634699965255,34.33219682180455,25.76010307839142
2023-08-29,33.1,24.3,28.6,60,18.9,957.5,23.15,5,28.6,60.0,5.249999999999999,267.9398148148148,0.05,22.737531072008117,34.971739498644986,66.56235569256592,34.39633907768484,25.770619650134677
2023-08-30,33.9,24.6,28.3,68,15.5,959.0,20.96,15,28.3,68.0,4.305555555555555,242.59259259259258,0.15,23.708691112570573,34.32860696517413,61.58352360054971,34.26947975667341,26.291805171834227
2023-08-31,34.7,24.2,29.6,60,17.8,959.4,22.2,12,29.6,60.0,4.944444444444445,256.9444444444444,0.12,23.63609416051708,35.671927374301674,64.85771449750462,35.28782200759092,26.63965138722229
2023-09-01,35.3,26.4,30.7,50,17.6,959.4,22.4,11,30.7,50.0,4.888888888888889,259.25925925925924,0.11,22.898641834166597,36.8938202247191,66.12573806031054,36.19127277355415,26.47781332886044
2023-09-02,35.4,26.7,30.6,48,20.9,958.5,22.96,2,30.6,48.0,5.805555555555555,265.74074074074076,0.02,22.451943185004463,36.686760925449875,68.24384674869452,35.90958407480837,26.113712414593103
2023-09-03,35.1,25.8,29.9,47,20.3,957.4,23.67,0,29.9,47.0,5.638888888888889,273.9583333333333,0.0,21.67649028899431,36.33766318537859,69.0597007554502,35.40683111297613,25.431075839371736
2023-09-04,35.2,26.0,30.5,48,21.3,956.5,22.64,7,30.5,48.0,5.916666666666667,262.037037037037,0.07,22.366833883681725,36.29081849024597,66.90487956553778,35.44192488455663,25.9649474166264
2023-09-05,36.1,26.1,30.4,51,20.3,956.5,21.89,16,30.4,51.0,5.638888888888889,253.35648148148147,0.16,22.817950013688517,35.87726283724978,64.40059447886324,35.05812607573475,26.188017577031918
2023-09-06,35.0,25.4,29.0,70,21.1,957.2,21.78,19,29.0,70.0,5.861111111111112,252.08333333333334,0.19,24.664117848418428,34.25119884910486,62.6780678271482,34.19774229077265,27.01512226371387
2023-09-07,34.5,24.4,29.0,69,16.8,956.9,21.39,26,29.0,69.0,4.666666666666667,247.56944444444443,0.26,24.51059223830438,34.5703125,61.04006976865793,34.610402456517185,26.971477066813065
2023-09-08,34.4,25.9,29.4,70,16.8,956.4,20.56,44,29.4,70.0,4.666666666666667,237.96296296296293,0.44,25.036735898226155,34.20028735632184,57.447310421124655,34.33416531502215,27.305772600022674
2023-09-09,33.5,24.7,27.7,77,21.9,955.3,19.18,68,27.7,77.0,6.083333333333333,221.99074074074073,0.68,24.485599603389048,31.004824561403506,50.68283592723691,30.424440602133462,26.110884634653036
2023-09-10,33.9,24.6,27.9,76,20.6,953.6,19.72,60,27.9,76.0,5.722222222222222,228.2407407407407,0.6,24.529296212920233,31.625172711571672,52.733034267073265,31.245349686164193,26.285541891358495
2023-09-11,33.2,23.9,28.0,77,14.4,954.2,19.31,34,28.0,77.0,4.0,223.49537037037035,0.34,24.771169481998566,33.15280992798354,56.155106053466,33.6849741876614,26.770380622995706
2023-09-12,32.7,24.7,28.7,71,13.6,955.2,20.04,21,28.7,71.0,3.7777777777777777,231.94444444444443,0.21,24.536661540300457,34.61238132911392,59.53656102526247,34.99572103420388,26.968139344033105
2023-09-13,32.9,24.4,28.4,76,12.4,955.5,17.57,47,28.4,76.0,3.4444444444444446,203.35648148148147,0.47,25.003852330240914,33.005622944078944,52.17900547262087,33.78484307331774,26.94382121998443
2023-09-14,33.2,25.7,28.3,78,12.2,956.6,18.55,63,28.3,78.0,3.3888888888888884,214.69907407407408,0.63,25.20410830886036,32.68284699227373,50.89210541881414,33.61944191461987,27.009445214656992
2023-09-15,33.2,24.5,28.9,77,15.6,956.9,20.11,69,28.9,77.0,4.333333333333333,232.75462962962962,0.69,25.627878190328378,32.98359685019841,52.46900156406895,33.54517235151401,27.426234103269547
2023-09-16,29.9,25.2,27.7,80,27.9,955.1,15.88,81,27.7,80.0,7.749999999999999,183.7962962962963,0.81,24.92160982772833,29.84429012345679,45.10034245053606,28.901613980969916,26.183984904101187
2023-09-17,29.4,23.8,25.9,83,28.7,952.9,16.17,80,25.9,83.0,7.972222222222221,187.1527777777778,0.8,23.61227570023585,28.064079229122054,43.94734732107145,26.283407542096267,24.731408835989505
2023-09-18,29.5,23.1,25.6,78,26.0,954.2,11.26,78,25.6,78.0,7.222222222222222,130.32407407407408,0.78,22.62655261771425,27.226089015151516,38.80984933572768,24.61291765992573,23.84380463543028
2023-09-19,31.7,23.8,27.4,75,16.9,957.7,20.17,25,27.4,75.0,4.694444444444444,233.44907407407408,0.25,23.909036610277735,32.667654608404966,58.33884769067117,32.661858935573484,26.009856548875412
2023-09-20,32.7,24.3,28.5,73,7.3,958.7,19.71,10,28.5,73.0,2.0277777777777777,228.125,0.1,24.65088381768239,36.209362648221344,58.52866109674312,36.903681592699186,27.347491202021942
2023-09-21,33.2,25.6,28.5,75,13.4,958.6,20.04,52,28.5,75.0,3.7222222222222223,231.94444444444443,0.52,24.949952480058986,33.419585987261144,54.58649040745422,34.03153945395184,26.99888393349352
2023-09-22,33.2,24.9,28.4,75,12.3,958.7,17.48,65,28.4,75.0,3.416666666666667,202.3148148148148,0.65,24.855323855858476,32.456311881188114,49.522724521841496,33.133273804865084,26.729989075338555
2023-09-23,31.5,24.8,27.4,76,18.8,959.1,17.18,56,27.4,76.0,5.222222222222222,198.84259259259258,0.56,24.054739649888955,30.901358695652174,49.998038503623434,30.392734440258668,25.758589494052707
2023-09-24,33.8,24.6,28.1,70,23.3,958.9,19.25,17,28.1,70.0,6.472222222222222,222.80092592592592,0.17,23.825726024619673,32.54253177966102,58.755470154143666,31.993287773681658,25.996514573165975
2023-09-25,32.4,23.6,27.6,71,10.1,958.8,18.46,12,27.6,71.0,2.8055555555555554,213.65740740740742,0.12,23.50862336127921,34.03253262158957,57.0498420816524,34.542155402410714,26.02254287721336
2023-09-26,33.1,24.0,27.9,72,9.8,959.9,19.12,19,27.9,72.0,2.7222222222222223,221.2962962962963,0.19,23.93804273875291,34.38366306954436,57.12325153624079,35.025152051039605,26.423362531035906
2023-09-27,33.5,23.8,28.5,60,10.5,959.7,19.85,8,28.5,60.0,2.9166666666666665,229.74537037037038,0.08,22.647674606627152,35.46491228070175,60.40359974914213,35.32542533503498,25.79635468077936
2023-09-28,34.2,22.5,27.5,46,9.7,959.2,21.6,27,27.5,46.0,2.694444444444444,250.0,0.27,19.474018532762724,34.52617328519855,58.80429628569601,33.58776466617248,23.287047629973618
2023-09-29,34.7,21.2,27.8,38,11.7,959.0,21.57,15,27.8,38.0,3.2499999999999996,249.65277777777777,0.15,18.289863277902768,34.79784301346802,61.478651548089545,33.47040225176334,22.542472897225544
2023-09-30,35.7,21.9,28.2,40,13.0,959.0,21.36,11,28.2,40.0,3.611111111111111,247.2222222222222,0.11,18.985785107573403,34.98266129032258,62.387951893861725,33.68553486739164,23.106581833365897
2023-10-01,34.6,21.5,27.4,41,11.4,958.5,21.33,46,27.4,41.0,3.1666666666666665,246.87499999999997,0.46,18.5155803029074,33.21919642857143,55.82759055418575,31.921941373544595,22.344745497749464
2023-10-02,35.4,20.7,27.5,37,15.0,959.2,20.71,10,27.5,37.0,4.166666666666667,239.69907407407408,0.1,17.862084969818156,33.710385101010104,61.34859306874881,32.07621447236642,21.99553649907473
2023-10-03,34.3,20.9,27.3,34,14.0,960.5,21.03,13,27.3,34.0,3.888888888888889,243.40277777777777,0.13,17.130582007193134,33.700732421875,61.068912802323894,32.04968600893401,21.461553889410194
2023-10-04,35.1,20.3,27.1,32,14.9,960.7,21.15,0,27.1,32.0,4.138888888888889,244.79166666666663,0.0,16.58245162847233,33.79642857142857,63.20361926015693,32.0953980751741,21.077001854216345
2023-10-05,35.5,20.2,27.7,37,19.9,960.1,20.83,1,27.7,37.0,5.527777777777778,241.08796296296293,0.01,18.02149013647084,33.396418755496924,63.208154441787656,31.49832813665769,22.064326846628973
2023-10-06,35.6,23.3,28.6,39,19.4,959.4,20.41,0,28.6,39.0,5.388888888888888,236.22685185185185,0.0,19.12252895728204,34.28460338680927,63.43479391008094,32.59662311789189,23.10269094745928
2023-10-07,35.3,23.5,28.9,45,17.4,960.5,20.17,0,28.9,45.0,4.833333333333333,233.44907407407408,0.0,20.474556292832702,34.83514595103578,63.29502378657179,33.51834511079469,24.189218595190045
2023-10-08,35.0,23.8,29.0,47,19.1,961.6,19.86,0,29.0,47.0,5.305555555555556,229.8611111111111,0.0,20.914497541749046,34.57614555256065,62.9346558669252,33.25624788672648,24.455377389736462
2023-10-09,34.8,24.5,29.1,47,20.5,962.4,19.75,0,29.1,47.0,5.694444444444445,228.58796296296296,0.0,20.999163582365107,34.44361471861472,62.82910601174473,33.08343942503495,24.49813745137852
2023-10-10,33.9,23.4,28.6,49,15.2,962.7,18.37,5,28.6,49.0,4.222222222222222,212.61574074074073,0.05,20.922187944311997,34.219587725903615,59.58397459396895,33.093364651931104,24.349449106199117
2023-10-11,34.8,22.5,28.0,38,13.8,963.1,19.87,0,28.0,38.0,3.8333333333333335,229.97685185185185,0.0,18.45035755383374,34.508778825995805,61.89056009476707,33.057419633822256,22.61700605288278
2023-10-12,34.5,21.0,27.5,37,11.4,964.1,19.56,1,27.5,37.0,3.1666666666666665,226.38888888888886,0.01,17.862084969818156,34.39562074829932,60.45505485990975,33.02671278790114,22.132583628532572
2023-10-13,34.9,22.3,28.3,40,11.0,964.8,19.22,1,28.3,40.0,3.0555555555555554,222.45370370370367,0.01,19.067086568403415,35.169216954022986,60.48553628111517,33.95828021558281,23.21080398868699
2023-10-14,34.6,22.8,29.0,36,11.7,964.3,17.48,17,29.0,36.0,3.2499999999999996,202.3148148148148,0.17,18.859903605084142,34.60963804713805,56.53064135997067,33.1775263900961,23.023860132986506
2023-10-15,33.5,22.1,27.7,40,14.2,962.2,16.85,46,27.7,40.0,3.944444444444444,195.02314814814815,0.46,18.57927685251195,31.89723731884058,51.05342411755373,30.014498807297908,22.15494126052648
2023-10-16,32.9,21.6,26.0,44,19.1,962.9,15.5,64,26.0,44.0,5.305555555555556,179.39814814814815,0.64,17.879190868168823,28.95934411500449,45.74935467227334,25.85442525854263,20.907302430719078
2023-10-17,30.8,20.0,23.8,62,16.1,965.7,17.01,23,23.8,62.0,4.472222222222222,196.875,0.23,18.707584361370465,28.398561217008798,51.36644466173669,26.901555310805623,21.15502129636108
2023-10-18,30.1,18.5,24.1,50,10.7,966.7,16.79,15,24.1,50.0,2.972222222222222,194.3287037037037,0.15,17.224371960148197,29.73688661440186,51.606886997138815,28.77712119033221,20.414437694984112
2023-10-19,31.3,17.1,24.0,48,11.4,966.5,18.59,0,24.0,48.0,3.1666666666666665,215.16203703703704,0.0,16.834632763081828,30.586592970521544,56.4149198506189,29.587793196579856,20.301561528261587
2023-10-20,31.6,19.3,25.1,43,10.7,966.8,17.37,4,25.1,43.0,2.972222222222222,201.04166666666666,0.04,16.96591188192321,31.278353658536588,54.719909607012596,30.093512302573373,20.641809049053563
2023-10-21,32.1,19.4,25.5,44,10.6,966.9,16.71,8,25.5,44.0,2.944444444444444,193.40277777777777,0.08,17.462773564959495,31.342657342657343,53.50942574831072,30.175765540195734,21.042472964003114
2023-10-22,32.4,20.0,25.5,42,12.6,967.3,17.29,7,25.5,42.0,3.5,200.11574074074073,0.07,17.129937483828265,31.179755582788673,54.9359819775886,29.699084526583672,20.77690735523752
2023-10-23,31.5,19.2,25.1,40,13.8,966.2,17.15,5,25.1,40.0,3.8333333333333335,198.49537037037035,0.05,16.465407122948566,30.577348663522013,54.84983930549623,28.822130966896378,20.1512547187684
2023-10-24,31.3,17.9,24.2,41,14.5,965.7,17.1,4,24.2,41.0,4.027777777777778,197.91666666666669,0.04,15.897543063759922,29.571153846153848,54.27392742358802,27.68536736784591,19.462510913862715
2023-10-25,31.3,17.3,24.5,41,16.6,966.5,17.05,5,24.5,41.0,4.611111111111112,197.33796296296296,0.05,16.14298703191652,29.504741690751445,54.453902855867454,27.25573118862453,19.651039260491853
2023-10-26,31.7,18.3,24.3,38,19.2,966.1,17.93,0,24.3,38.0,5.333333333333333,207.52314814814812,0.0,15.481165607687192,29.320721326164875,56.398081416463185,26.707515998436968,19.130960190614008
2023-10-27,31.4,16.7,23.9,39,9.9,965.2,17.68,29,23.9,39.0,2.75,204.62962962962962,0.29,15.325809144685824,29.543817204301074,50.568528486648006,28.235846477380466,19.02682984214029
2023-10-28,31.3,19.3,24.7,42,8.3,965.2,13.56,79,24.7,42.0,2.305555555555556,156.94444444444443,0.79,16.471424631241995,27.949287072243344,39.53389095740101,26.5947820569127,19.589854656318064
2023-10-29,32.9,19.5,25.9,41,13.6,965.3,17.23,24,25.9,41.0,3.7777777777777777,199.4212962962963,0.24,17.288383890162336,30.89815400843882,53.017699915849846,29.136728159754977,20.871499524801397
2023-10-30,32.6,18.9,25.3,43,11.5,965.7,16.51,19,25.3,43.0,3.194444444444444,191.08796296296296,0.19,17.1315195450695,30.575971045197743,51.842726384277285,29.183904545805596,20.637257890588202
2023-10-31,32.9,19.2,25.5,41,12.0,966.8,16.76,32,25.5,41.0,3.333333333333333,193.9814814814815,0.32,16.961129017009917,30.388333333333335,50.73004375459908,28.782685771673016,20.50045697857361
2023-11-01,31.6,19.2,24.9,47,10.9,967.5,16.37,3,24.9,47.0,3.0277777777777777,189.46759259259258,0.03,17.443148481291228,30.71186923298731,53.230441918873964,29.630561907483195,20.84257778350132
2023-11-02,31.4,18.5,24.7,41,12.2,966.1,16.0,5,24.7,41.0,3.3888888888888884,185.18518518518516,0.05,16.306615987780575,30.080794701986754,52.529397650154976,28.52159436117489,19.900790131843753
2023-11-03,31.7,19.6,25.0,37,15.5,964.0,15.74,5,25.0,37.0,4.305555555555555,182.17592592592592,0.05,15.86949431107237,29.771921641791046,52.762464716353065,27.481708986666593,19.563030346108867
2023-11-04,30.7,17.1,23.6,45,10.0,964.2,14.4,48,23.6,45.0,2.7777777777777777,166.66666666666666,0.48,16.035611229501814,27.67142857142857,43.602226190560486,26.2908722900847,19.119213574936982
2023-11-05,31.0,19.2,24.6,40,13.4,965.5,15.0,7,24.6,40.0,3.7222222222222223,173.61111111111111,0.07,16.05888827179049,29.40195063694268,50.839220686865644,27.484387116678846,19.58161191764188
2023-11-06,30.6,18.1,24.2,42,12.5,966.7,14.76,8,24.2,42.0,3.4722222222222223,170.83333333333331,0.08,16.059851918503032,29.03934426229508,49.89252208167926,27.324481137921715,19.469765195411142
2023-11-07,31.4,17.6,24.1,42,9.8,966.1,15.66,4,24.1,42.0,2.7222222222222223,181.25,0.04,15.977537170475703,29.85044964028777,51.06069371815016,28.673010670562647,19.564365947390545
2023-11-08,31.3,18.0,24.4,37,14.4,965.4,14.9,41,24.4,37.0,4.0,172.4537037037037,0.41,15.391264981654142,28.20835262345679,46.44901420513821,25.644595059660567,18.85555601184926
2023-11-09,31.1,18.5,24.6,39,9.7,965.6,14.72,24,24.6,39.0,2.694444444444444,170.37037037037038,0.24,15.891288401879308,29.471239470517453,47.66038832036975,28.05873861161689,19.478149775419006
2023-11-10,29.7,18.1,23.3,47,14.2,966.5,13.38,20,23.3,47.0,3.944444444444444,154.86111111111111,0.2,16.088451945312855,27.19557453416149,45.84274872919866,24.98967973282192,19.031031268551295
2023-11-11,27.0,15.4,20.7,66,11.5,968.5,15.83,1,20.7,66.0,3.194444444444444,183.21759259259258,0.01,16.41868064206675,26.261740819209038,49.412099343739044,25.841419300282237,18.81542461328853
2023-11-12,26.6,14.7,20.1,58,8.4,969.0,15.87,1,20.1,58.0,2.3333333333333335,183.68055555555554,0.01,14.840772189577535,26.33052793560606,47.95773765077183,26.2033241222577,17.664646119825488
2023-11-13,26.5,14.7,20.5,57,8.2,968.5,15.08,73,20.5,57.0,2.2777777777777777,174.53703703703704,0.73,15.06574746869461,24.307172391857506,38.11888487007582,23.71870158769191,17.457457706457728
2023-11-14,25.6,16.7,20.7,60,8.9,968.2,10.7,83,20.7,60.0,2.4722222222222223,123.84259259259258,0.83,15.638772953081627,23.123907992565055,32.671437563253676,22.076618536770862,17.64192266567015
2023-11-15,26.6,14.4,20.0,58,10.9,967.9,15.53,0,20.0,58.0,3.0277777777777777,179.74537037037035,0.0,14.751637187254225,25.597606689734718,48.34989513625118,24.964720582240282,17.445667369024903
2023-11-16,26.1,13.7,19.4,54,9.0,968.4,15.52,0,19.4,54.0,2.5,179.62962962962962,0.0,13.704235213106209,25.387654320987654,47.225900227400416,25.044209928528236,16.610495513371877
2023-11-17,25.6,14.0,19.3,60,9.8,968.3,15.48,15,19.3,60.0,2.7222222222222223,179.16666666666666,0.15,14.38074222879158,24.66533273381295,45.50738474878045,24.287795944102633,16.929586106916695
2023-11-18,25.7,14.3,19.7,54,9.4,966.9,15.0,36,19.7,54.0,2.611111111111111,173.61111111111111,0.36,13.967070109302071,24.37609489051095,42.393857353115266,23.644127371079275,16.62216805461364
2023-11-19,26.6,13.2,19.4,57,10.0,967.3,14.98,0,19.4,57.0,2.7777777777777777,173.37962962962962,0.0,14.089345827266488,24.972916666666663,46.72178301318172,24.485276198365355,16.797125412419874
2023-11-20,27.1,14.1,20.2,59,7.7,967.9,14.94,0,20.2,59.0,2.138888888888889,172.91666666666666,0.0,15.059905721099668,26.25544747081712,46.37011381104497,26.212212955324443,17.81302349893319
2023-11-21,27.1,14.4,19.9,59,13.0,967.3,14.62,10,19.9,59.0,3.611111111111111,169.21296296296293,0.1,14.791405308804379,24.56700268817204,46.00305264217917,23.20059904323782,17.257384253797472
2023-11-22,26.0,12.8,18.9,49,9.7,965.4,15.24,0,18.9,49.0,2.694444444444444,176.38888888888889,0.0,12.624023429035724,24.63104693140794,46.636870346367346,23.97422864958736,15.653025786606594
2023-11-23,26.5,12.4,19.4,48,9.4,964.3,15.0,0,19.4,48.0,2.611111111111111,173.61111111111111,0.0,12.919402601504377,25.10255474452555,46.55126112018246,24.422653080957872,16.004092769958174
2023-11-24,26.5,13.2,19.4,55,9.7,966.2,14.62,3,19.4,55.0,2.694444444444444,169.21296296296293,0.03,13.83307668967785,24.81542569193742,45.6892248381518,24.26803789799067,16.586238821161977
2023-11-25,25.8,13.0,19.0,61,10.0,967.4,12.96,52,19.0,61.0,2.7777777777777777,150.0,0.52,14.236090581600536,22.567857142857143,37.330103473641714,21.596024278824487,16.3788348356918
2023-11-26,25.6,14.8,19.8,61,19.6,967.5,11.73,92,19.8,61.0,5.444444444444445,135.76388888888889,0.92,14.957794195855424,21.554820478723403,32.737414072686306,16.54319723134157,16.76142003284348
2023-11-27,21.8,15.3,18.1,72,16.5,965.3,11.19,71,18.1,72.0,4.583333333333333,129.51388888888889,0.71,14.749749951256529,20.279211956521742,32.87365398513208,16.619934179825954,16.190667357183916
2023-11-28,21.0,14.4,17.3,82,10.5,965.0,7.41,53,17.3,82.0,2.9166666666666665,85.76388888888889,0.53,15.171426504003403,19.290625000000002,28.31260062347286,18.097197554294688,16.20812355280238
2023-11-29,23.5,14.0,18.0,76,8.8,965.6,12.89,8,18.0,76.0,2.4444444444444446,149.1898148148148,0.08,15.132984132457874,22.809701492537314,40.89296888777062,23.199754404949843,16.955029191227975
2023-11-30,24.4,14.6,18.7,76,12.6,966.3,13.38,4,18.7,76.0,3.5,154.86111111111111,0.04,15.79737679658366,23.163643790849672,43.65793743985512,22.478126925670768,17.560892515778498
2023-12-01,24.3,14.3,18.2,79,11.5,967.0,13.1,6,18.2,79.0,3.194444444444444,151.62037037037035,0.06,15.681637364780212,22.686935028248588,42.36122141660013,22.413597038031945,17.334533160995864
2023-12-02,24.3,14.6,18.8,72,12.9,967.4,13.18,8,18.8,72.0,3.5833333333333335,152.54629629629628,0.08,15.406064371199168,23.06537216828479,43.00236415112215,22.03786691940088,17.277319493496375
2023-12-03,23.1,15.0,18.1,77,13.1,967.7,8.35,52,18.1,77.0,3.638888888888889,96.6435185185185,0.52,15.347272600127372,20.169600750267954,30.705117328596486,17.89018329742734,16.58701097014275
2023-12-04,22.6,13.9,17.5,78,11.6,966.4,12.13,21,17.5,78.0,3.222222222222222,140.39351851851853,0.21,14.893802381653174,21.32050605292793,38.595095211146315,20.618588517684245,16.439762877742808
2023-12-05,23.2,13.3,17.2,66,12.1,966.0,13.94,0,17.2,66.0,3.3611111111111107,161.34259259259258,0.0,13.202235582999744,22.02419712070875,43.75032760949307,21.140358422030456,15.36640433224157
2023-12-06,22.6,12.3,16.6,60,11.0,966.6,14.14,0,16.6,60.0,3.0555555555555554,163.65740740740742,0.0,11.95451754242228,21.67902298850575,43.35957553920082,20.98337219465486,14.363966877396747
2023-12-07,23.7,12.8,17.3,58,11.6,966.1,13.78,2,17.3,58.0,3.222222222222222,159.49074074074073,0.02,12.34497564915743,22.100886824324327,43.228885617677804,21.04447033881213,14.791660319275067
2023-12-08,24.3,12.4,17.9,64,10.2,965.8,13.32,15,17.9,64.0,2.833333333333333,154.16666666666666,0.15,13.60542923480875,22.451196808510637,41.15516914099459,21.910203296625117,15.804039826068252
2023-12-09,24.4,12.1,18.2,56,10.2,966.7,13.8,0,18.2,56.0,2.833333333333333,159.72222222222223,0.0,12.900796772836348,23.297517730496452,43.87924526714329,22.633951451158683,15.510061287084731
2023-12-10,24.3,10.7,16.7,52,8.8,965.1,14.12,18,16.7,52.0,2.4444444444444446,163.4259259259259,0.18,11.101121804800737,21.694247512437812,40.60036367470906,21.253145881896376,13.779634765848078
2023-12-11,23.2,10.2,16.1,61,11.1,965.1,13.81,0,16.1,61.0,3.083333333333333,159.83796296296296,0.0,11.619893456780325,21.0434421534937,42.4250569704559,20.299202448867096,13.952613850444965
2023-12-12,23.3,10.6,16.5,61,10.2,964.3,13.76,5,16.5,61.0,2.833333333333333,159.25925925925924,0.05,11.980750323895851,21.455673758865245,41.848574012455856,20.96700036393342,14.327659978500145
2023-12-13,23.6,11.7,16.9,60,9.7,966.2,13.73,8,16.9,60.0,2.694444444444444,158.91203703703704,0.08,12.22409960397831,21.85667870036101,41.63123631560791,21.453902951285606,14.618205462857018
2023-12-14,23.5,10.0,16.6,58,10.0,967.4,13.81,24,16.6,58.0,2.7777777777777777,159.83796296296296,0.24,11.721020931526482,21.121130952380955,39.732929638695396,20.40070292868493,14.088940842544728
2023-12-15,22.9,10.2,16.2,59,10.3,968.1,13.85,2,16.2,59.0,2.861111111111111,160.30092592592592,0.02,11.47986873924966,21.24693021201413,42.12880988974439,20.70228752757623,13.905294159877588
2023-12-16,23.6,10.4,16.5,62,9.8,966.8,13.59,3,16.5,62.0,2.7222222222222223,157.29166666666666,0.03,12.096671450458022,21.515793615107913,41.67801145972652,21.193563176350523,14.420828738342196
2023-12-17,23.9,10.1,16.7,58,13.3,967.7,13.63,9,16.7,58.0,3.6944444444444446,157.75462962962962,0.09,11.810157462695557,21.031952209797655,41.9653804048977,19.208078462203833,14.143500665846421
2023-12-18,22.7,11.5,16.1,49,14.5,969.9,14.05,14,16.1,49.0,4.027777777777778,162.61574074074073,0.14,10.228574976436562,20.28798076923077,41.70659712972929,17.63070820978307,12.827598637351748
2023-12-19,22.3,9.3,15.0,51,10.9,970.2,14.17,13,15.0,51.0,3.0277777777777777,164.00462962962962,0.13,9.512993720588662,19.775428921568626,40.52885059731591,18.67988781125434,12.11418138872579
2023-12-20,21.0,10.0,15.0,50,9.5,969.5,11.58,98,15.0,50.0,2.638888888888889,134.02777777777777,0.98,9.400390009732902,17.237045454545456,26.951169097544835,15.15303000419969,11.527682097722122
2023-12-21,22.9,9.1,15.7,50,9.2,967.9,12.45,99,15.7,50.0,2.5555555555555554,144.0972222222222,0.99,10.002253348598366,18.107801011029412,28.25150653736415,16.293452470335296,12.193137546224738
2023-12-22,23.3,9.0,15.5,53,10.3,967.1,13.75,54,15.5,53.0,2.861111111111111,159.1435185185185,0.54,10.173492821337913,19.19460394581861,35.18570045161289,17.796029073310336,12.51036576410026
2023-12-23,23.3,11.2,16.2,66,11.7,968.9,13.54,20,16.2,66.0,3.2499999999999996,156.71296296296293,0.2,12.283243693320923,20.4739898989899,39.85507838602234,19.40344773406973,14.313068565122627
2023-12-24,22.8,9.7,15.2,74,9.4,970.5,13.42,20,15.2,74.0,2.611111111111111,155.32407407407408,0.2,12.25297588883987,19.79169708029197,38.25977510361247,19.87952982505764,14.055422538246301
2023-12-25,24.1,9.7,15.9,68,10.1,969.3,13.68,27,15.9,68.0,2.8055555555555554,158.33333333333331,0.27,12.234198663531739,20.286565836298934,38.62812595637587,19.849465376203963,14.211252231732004
2023-12-26,25.1,10.0,16.9,59,9.8,968.7,13.93,19,16.9,59.0,2.7222222222222223,161.22685185185185,0.19,12.106380319411532,21.623714778177458,40.695925373208865,21.07166615277322,14.489209179223563
2023-12-27,24.6,9.6,16.2,62,12.0,969.6,13.87,33,16.2,62.0,3.333333333333333,160.5324074074074,0.33,11.824985770448773,20.221336805555556,38.85261762899188,18.76069857558893,13.941757400425253
2023-12-28,23.0,10.3,15.1,73,10.0,968.4,14.04,0,15.1,73.0,2.7777777777777777,162.49999999999997,0.0,12.047775515020525,20.323214285714286,41.695654356864054,20.459570326504167,14.008085717657224
2023-12-29,21.7,9.6,13.9,81,11.0,968.6,12.73,55,13.9,81.0,3.0555555555555554,147.33796296296296,0.55,11.781082963867068,17.215104166666666,32.495393486328794,16.232987845259306,13.07977890804028
2023-12-30,21.5,9.1,13.6,78,11.7,967.6,12.43,61,13.6,78.0,3.2499999999999996,143.86574074074073,0.61,11.170574713009405,16.629899691358027,31.256846057002406,14.99981220967433,12.505382237378187
2023-12-31,21.5,9.1,13.7,77,12.5,967.0,13.66,6,13.7,77.0,3.4722222222222223,158.10185185185185,0.06,11.158804528582008,18.225341530054642,39.814946737097614,17.28953089000844,12.826231476018336
2024-01-01,21.0,8.3,12.7,78,9.4,967.2,13.83,26,12.7,78.0,2.611111111111111,160.06944444444443,0.26,10.311362884463044,17.27424726277372,36.104583164493306,17.479549675021076,11.942803471678875
2024-01-02,19.0,7.4,11.8,86,9.4,966.6,13.26,28,11.8,86.0,2.611111111111111,153.4722222222222,0.28,10.27569198730901,16.135310218978102,34.25289098448451,16.458954672772627,11.600046434911928
2024-01-03,17.7,7.3,11.4,84,8.2,966.2,12.78,27,11.4,84.0,2.2777777777777777,147.91666666666666,0.27,9.680351473407192,15.795157442748092,32.867100149894725,16.51074971839443,11.075277519934653
2024-01-04,18.1,6.5,11.0,84,7.4,966.6,13.33,27,11.0,84.0,2.055555555555556,154.2824074074074,0.27,9.29218036248962,15.728695045931758,32.99348417341895,16.858108815440858,10.750265262929085
2024-01-05,17.5,6.4,10.9,83,10.4,966.7,13.9,11,10.9,83.0,2.888888888888889,160.87962962962962,0.11,9.094166897602285,15.71789172535211,36.869615189394096,15.79738813559141,10.599495173392022
2024-01-06,18.1,6.3,11.0,82,9.9,968.1,14.07,1,11.0,82.0,2.75,162.84722222222223,0.01,9.08997294447644,16.226870519713263,38.28954414244157,16.698274959546577,10.70835516507616
2024-01-07,18.2,5.7,10.9,82,7.9,968.6,14.28,1,10.9,82.0,2.1944444444444446,165.27777777777777,0.01,8.993441189772096,16.614527027027027,37.704236846739775,17.945621682035068,10.708314238245872
2024-01-08,19.7,7.2,12.7,84,10.8,968.4,13.94,2,12.7,84.0,3.0,161.34259259259258,0.02,10.941905062737629,17.69153645833333,39.587350893181224,17.835496380406582,12.467640835583005
2024-01-09,19.9,9.0,13.3,84,11.8,968.6,11.66,25,13.3,84.0,3.2777777777777777,134.9537037037037,0.25,11.524159295739171,16.866310123042506,33.91676247120216,15.772902407814861,12.77017353162592
2024-01-10,19.4,6.3,11.4,75,10.5,967.8,14.26,16,11.4,75.0,2.9166666666666665,165.04629629629628,0.16,8.76814341741277,16.195029239766082,37.2745741826397,15.982828196369862,10.516706240142156
2024-01-11,20.1,4.1,11.7,66,7.6,967.9,15.07,0,11.7,66.0,2.111111111111111,174.42129629629628,0.0,8.147733628314997,17.831998697916667,39.60093526366893,18.845105007584205,10.43981327940383
2024-01-12,21.1,6.0,13.4,66,9.6,967.4,14.98,6,13.4,66.0,2.6666666666666665,173.37962962962962,0.06,9.710046813979645,18.88407306763285,41.00986816352963,19.039187625321947,11.913847383312321
2024-01-13,22.2,6.8,14.1,71,10.5,966.1,13.31,81,14.1,71.0,2.9166666666666665,154.05092592592592,0.81,10.891555612354528,16.994535818713448,30.140877834810226,15.592263366809195,12.432996092390859
2024-01-14,22.6,8.6,14.9,73,9.7,966.3,14.8,6,14.9,73.0,2.694444444444444,171.2962962962963,0.06,11.859665961274093,20.298616125150424,41.96215970705907,20.589971123425702,13.85148939792195
2024-01-15,21.2,8.0,14.4,70,7.1,966.1,15.07,39,14.4,70.0,1.972222222222222,174.42129629629628,0.39,11.063295408796076,19.434590803452856,36.71103966467376,20.15042807764655,13.071224946847824
2024-01-16,21.0,7.1,13.9,69,11.2,963.6,14.81,80,13.9,69.0,3.1111111111111107,171.41203703703704,0.8,10.49043860174535,17.069948630136984,31.896030714366532,15.467322091481131,12.147296747249143
2024-01-17,20.9,8.7,13.6,70,11.3,963.5,14.87,16,13.6,70.0,3.138888888888889,172.10648148148147,0.16,10.318027231587624,18.46362343572241,40.23237264163589,17.901786248705257,12.275343749255818
2024-01-18,20.9,7.1,12.7,77,9.8,965.8,15.09,17,12.7,77.0,2.7222222222222223,174.65277777777777,0.17,10.206872989197963,17.873617356115105,39.29577273582976,18.205851501430477,11.989534563661595
2024-01-19,19.9,7.8,12.0,83,13.4,967.2,14.3,37,12.0,83.0,3.7222222222222223,165.50925925925927,0.37,10.158843946049835,15.866275212314225,35.72934415906303,14.126785763394002,11.484445804697728
2024-01-20,19.1,6.0,11.0,79,9.0,967.7,15.01,40,11.0,79.0,2.5,173.72685185185185,0.4,8.788446158568563,15.632716049382717,34.51580697039225,16.01568156020983,10.378455520874537
2024-01-21,20.8,7.3,12.6,75,13.2,967.5,14.84,60,12.6,75.0,3.6666666666666665,171.75925925925924,0.6,9.903733316686793,16.06821581196581,33.87700339621364,13.890698573458032,11.406256484073916
2024-01-22,20.5,6.8,12.7,76,9.6,967.7,14.95,40,12.7,76.0,2.6666666666666665,173.0324074074074,0.4,10.102542268001972,17.21388888888889,36.04340927956133,17.249180347167854,11.784557365379158
2024-01-23,21.1,8.3,13.6,74,9.3,967.4,13.12,61,13.6,74.0,2.5833333333333335,151.85185185185185,0.61,10.743449564657794,17.079242979242977,31.65196761456866,16.617877716550595,12.29626329110905
2024-01-24,21.1,7.7,14.1,71,12.5,967.3,15.73,5,14.1,71.0,3.4722222222222223,182.0601851851852,0.05,10.891555612354528,19.33796106557377,43.70860046990373,18.63062715280712,12.901681141762923
2024-01-25,20.3,7.7,13.1,75,10.2,969.3,15.43,62,13.1,75.0,2.833333333333333,178.58796296296296,0.62,10.376894500301198,17.032734929078014,34.220219118400394,16.495403330953916,11.980373136026442
2024-01-26,21.7,6.6,13.6,73,10.9,969.9,15.34,79,13.6,73.0,3.0277777777777777,177.54629629629628,0.79,10.636950954965542,16.945119665513264,32.31424439203903,15.708773239925492,12.19488960157853
2024-01-27,23.5,8.6,15.4,68,11.2,969.3,15.9,37,15.4,68.0,3.1111111111111107,184.02777777777777,0.37,11.771507946836731,20.02275256849315,40.42857897763281,19.34199087891677,13.78460607648434
2024-01-28,24.0,10.2,16.8,65,13.0,967.2,14.94,94,16.8,65.0,3.611111111111111,172.91666666666666,0.94,12.7182746837786,19.460685483870968,32.8441262871325,16.92188018356525,14.474929375419212
2024-01-29,24.6,11.1,17.2,63,9.3,967.0,16.01,64,17.2,63.0,2.5833333333333335,185.30092592592592,0.64,12.848763570015965,21.35399877899878,37.862279999247335,20.86837637104184,14.984934254810932
2024-01-30,23.5,10.9,16.9,71,9.4,966.6,13.77,100,16.9,71.0,2.611111111111111,159.375,1.0,13.508469533855184,19.517472627737224,30.483787160904285,18.611312714622574,15.049423199246073
2024-01-31,24.2,12.7,18.0,70,15.1,965.1,14.77,45,18.0,70.0,4.194444444444445,170.94907407407405,0.45,14.416976702464666,21.602325654582074,40.47677737413221,19.384590191024078,16.21234882264168
2024-02-01,25.8,11.9,18.0,64,16.8,965.1,16.35,6,18.0,64.0,4.666666666666667,189.23611111111111,0.06,13.696669630923143,22.747216235632184,48.12831861810713,20.55792015233943,15.937111988772637
2024-02-02,22.8,12.4,16.6,64,15.9,968.5,16.17,17,16.6,64.0,4.416666666666667,187.1527777777778,0.17,12.419300724017518,21.14632190265487,45.193299603554124,18.900115307556227,14.582774887343234
2024-02-03,22.9,10.1,16.5,61,11.2,967.6,14.04,64,16.5,61.0,3.1111111111111107,162.49999999999997,0.64,11.980750323895851,19.90582191780822,35.34076367281273,18.347404945457228,14.01768961028874
2024-02-04,24.1,13.9,18.1,82,25.2,966.4,10.18,78,18.1,82.0,7.0,117.82407407407406,0.78,15.9436684319145,19.59734760802469,30.904727623038866,13.264129329690224,16.89003742394509
2024-02-05,21.6,12.1,16.5,74,12.2,967.0,16.57,55,16.5,74.0,3.3888888888888884,191.7824074074074,0.55,13.47946069739546,20.643643073951434,39.89201931906865,19.67228281702683,15.21435110296711
2024-02-06,20.7,9.4,14.4,59,11.6,968.8,17.1,67,14.4,59.0,3.222222222222222,197.91666666666669,0.67,9.868828224227641,18.401794763513514,36.911998526596165,16.874023722787662,12.028538709662051
2024-02-07,21.2,10.8,15.0,52,15.8,969.8,14.95,75,15.0,52.0,4.388888888888889,173.0324074074074,0.75,9.625326187626037,17.879607371794872,34.17883428698741,13.651482475107397,11.8136498056972
2024-02-08,21.2,9.4,14.0,52,15.3,969.7,18.16,7,14.0,52.0,4.25,210.18518518518516,0.07,8.757202234955649,19.481856856856858,47.6850378788634,17.39215223343538,11.426412935840325
2024-02-09,21.3,6.8,13.7,48,11.2,968.5,18.53,0,13.7,48.0,3.1111111111111107,214.46759259259258,0.0,8.067725756595078,20.310302511415525,48.315013458862836,19.93246105043545,11.07946853189966
2024-02-10,21.9,8.3,14.3,52,9.7,970.3,18.49,0,14.3,52.0,2.694444444444444,214.0046296296296,0.0,9.017640136719184,21.253219013237064,48.17469405580391,21.429871024692815,11.99299189835084
2024-02-11,22.5,8.9,14.6,61,10.4,970.1,18.49,0,14.6,61.0,2.888888888888889,214.0046296296296,0.0,10.266673898146333,21.381836854460094,48.67566041043125,21.59074818560343,12.923039099594451
2024-02-12,21.8,8.8,14.8,58,9.3,968.9,17.2,46,14.8,58.0,2.5833333333333335,199.07407407407405,0.46,10.116554943409447,19.853418803418805,39.87792375014175,19.602303371225286,12.532272221070373
2024-02-13,23.5,10.2,16.4,59,10.2,968.1,18.04,44,16.4,59.0,2.833333333333333,208.79629629629628,0.44,11.658872280149932,21.59769503546099,42.86325446671742,21.133873393028587,14.120749603197151
2024-02-14,24.5,13.3,18.2,51,11.8,968.5,18.3,28,18.2,51.0,3.2777777777777777,211.80555555555554,0.28,12.277764933440931,23.701258389261746,47.46694877790384,22.627643638285253,15.154687131261001
2024-02-15,24.9,10.8,17.1,52,10.4,969.4,18.89,0,17.1,52.0,2.888888888888889,218.63425925925927,0.0,11.448365192496855,24.02855046948357,51.22112207825211,23.792617786259367,14.529565728644513
2024-02-16,25.4,11.1,17.6,52,10.5,969.7,19.07,0,17.6,52.0,2.9166666666666665,220.71759259259258,0.0,11.882418065713818,24.570029239766082,51.918640371944434,24.280621815638394,14.991698493952889
2024-02-17,26.9,11.3,19.4,41,8.9,965.9,19.24,0,19.4,41.0,2.4722222222222223,222.68518518518516,0.0,11.970344715928544,26.850433705080544,52.9149821350569,26.32542885586277,15.689328042166089
2024-02-18,27.9,13.6,20.1,39,15.8,962.5,18.55,66,20.1,39.0,4.388888888888889,214.69907407407408,0.66,12.255992316433744,23.930282297830377,43.96946298115961,20.71301158749103,15.375251081069694
2024-02-19,30.6,12.9,21.0,50,29.0,960.8,18.9,2,21.0,50.0,8.055555555555555,218.74999999999997,0.02,14.559113795765082,25.1469414893617,54.60599941379911,21.12093377754758,17.320767954907897
2024-02-20,27.6,18.4,22.3,51,20.1,961.7,18.0,8,22.3,51.0,5.583333333333334,208.33333333333331,0.08,15.820038683940119,27.024409448818897,53.82833966483088,24.33769425796046,18.70890896852186
2024-02-21,26.1,13.6,19.6,41,12.5,961.0,18.09,32,19.6,41.0,3.4722222222222223,209.375,0.32,12.133981833471061,24.789754098360657,47.83700352173429,23.095183092981102,15.411738103101875
2024-02-22,23.9,13.9,18.1,36,13.2,963.4,15.65,32,18.1,36.0,3.6666666666666665,181.13425925925927,0.32,10.23263511922118,22.48902243589744,43.31389224151076,20.07458898575985,13.470649070634314
2024-02-23,24.3,11.9,17.5,36,19.4,965.7,19.82,3,17.5,36.0,5.388888888888888,229.39814814814815,0.03,9.757702952555407,22.93747214795009,53.73139777808848,19.694469031743022,13.167886496378802
2024-02-24,22.4,12.2,16.6,45,24.0,965.6,16.97,36,16.6,45.0,6.666666666666666,196.412037037037,0.36,10.172578008422976,20.05124007936508,43.71890108251205,14.21200058600484,12.791052621769099
2024-02-25,24.7,12.0,18.0,37,22.0,967.4,19.04,43,18.0,37.0,6.111111111111111,220.37037037037035,0.43,10.289938285126974,21.892291666666665,46.63983828360915,16.994364606371352,13.381415132922214
2024-02-26,23.1,14.3,17.7,41,18.3,967.8,13.72,79,17.7,41.0,5.083333333333333,158.7962962962963,0.79,10.579414191878799,20.081944444444446,34.61564061969278,14.645409347238687,13.191978823204048
2024-02-27,25.0,12.9,18.0,48,17.7,967.3,19.53,16,18.0,48.0,4.916666666666666,226.04166666666666,0.16,11.727784597760493,23.24264705882353,51.60208839119781,20.58286666383994,14.657978630197052
2024-02-28,25.7,12.7,18.6,46,13.6,966.7,20.09,0,18.6,46.0,3.7777777777777777,232.52314814814812,0.0,11.978717896739223,25.222494725738397,55.01869317216233,24.01793275621563,15.289601472865137
2024-02-29,27.4,12.3,19.6,50,11.6,965.3,20.25,2,19.6,50.0,3.222222222222222,234.375,0.02,13.355431620025428,26.655004222972977,55.280313409562666,25.980808753958808,16.639802978612394
2024-03-01,30.5,15.2,21.0,57,22.3,963.8,18.01,65,21.0,57.0,6.194444444444445,208.44907407407408,0.65,15.5095646649871,24.14225341191067,44.303463685396366,20.05557459699749,17.785145947873104
2024-03-02,25.0,15.7,19.9,70,16.8,961.5,10.97,73,19.9,70.0,4.666666666666667,126.9675925925926,0.73,16.18695951649448,21.985114343869732,33.99641384155865,18.526180841777094,17.71789453032008
2024-03-03,23.9,13.5,17.6,56,12.3,961.9,21.14,0,17.6,56.0,3.416666666666667,244.67592592592592,0.0,12.37047359628443,24.86760176017602,55.613587842201696,24.45858515016028,15.392851869434304
2024-03-04,22.6,10.7,16.0,32,12.8,965.9,21.73,0,16.0,32.0,3.555555555555556,251.50462962962962,0.0,8.058607615733969,23.349161255411254,55.44379642820536,22.39915661054601,11.910857582096028
2024-03-05,23.3,10.5,16.5,37,15.2,967.1,21.52,27,16.5,37.0,4.222222222222222,249.07407407407405,0.27,9.094249292456748,22.340486947791163,51.335751018481744,20.206664100540518,12.484071894277957
2024-03-06,24.6,11.5,17.4,33,11.6,965.6,20.85,32,17.4,33.0,3.222222222222222,241.31944444444446,0.32,9.271977488405595,23.563429054054055,49.65024124174067,22.33951812969741,12.943070052694727
2024-03-07,27.2,10.8,18.8,36,15.3,964.8,20.48,14,18.8,36.0,4.25,237.03703703703704,0.14,10.78671691358304,24.75795795795796,53.767850460555906,22.69427313292642,14.38229343109972
2024-03-08,26.6,12.8,19.5,44,20.0,965.8,21.58,0,19.5,44.0,5.555555555555555,249.76851851851848,0.0,12.465639738604903,25.415570175438596,58.38056091002812,22.829481148983497,15.759061852111152
2024-03-09,27.7,14.1,20.4,35,16.6,966.3,21.86,32,20.4,35.0,4.611111111111112,253.00925925925924,0.32,11.901816040925166,25.928179190751443,54.00866781783333,23.447523164663046,15.556907066797905
2024-03-10,28.7,13.1,21.0,38,10.5,965.8,21.17,51,21.0,38.0,2.9166666666666665,245.02314814814815,0.51,12.83287221455885,26.76449195906433,49.42873798176231,25.503782049461503,16.435908942004062
2024-03-11,30.4,15.3,23.1,41,12.8,966.3,21.37,7,23.1,41.0,3.555555555555556,247.33796296296296,0.07,14.99757622418975,30.07444872835498,59.082542821891195,28.77322710416699,18.82319310260382
2024-03-12,31.5,16.3,23.5,39,12.9,964.8,21.73,3,23.5,39.0,3.5833333333333335,251.50462962962962,0.03,15.002676381655384,30.715496898597628,60.56337383467451,29.380512164067643,18.994972846878298
2024-03-13,31.2,15.5,23.4,36,28.6,962.8,19.08,8,23.4,36.0,7.944444444444445,220.83333333333331,0.08,14.427687493734943,27.49442060085837,55.85306427239317,23.704835461888052,17.938265365786133
2024-03-14,29.9,15.7,22.7,40,15.8,964.8,22.32,0,22.7,40.0,4.388888888888889,258.3333333333333,0.0,14.514099352265031,29.57869822485207,61.70325953748352,27.93048682779399,18.345609191555933
2024-03-15,29.4,17.2,22.7,31,18.6,965.0,22.6,0,22.7,31.0,5.166666666666667,261.5740740740741,0.0,13.030969530736048,29.132149362477232,62.24113533818536,26.912332328026526,17.21810854401068
2024-03-16,28.1,15.2,21.2,29,13.2,966.2,18.81,65,21.2,29.0,3.6666666666666665,217.70833333333331,0.65,11.554921865844442,25.439032451923076,45.09569259714664,22.879431556795033,15.296251796475723
2024-03-17,29.5,16.0,22.2,26,13.4,965.9,21.65,42,22.2,26.0,3.7222222222222223,250.57870370370367,0.42,11.763597871442148,27.873931794055203,53.10360682199354,25.844274107774147,16.029304868820542
2024-03-18,30.6,15.2,23.1,29,14.5,964.7,23.15,0,23.1,29.0,4.027777777777778,267.9398148148148,0.0,12.97734049401646,30.519871794871797,63.074684646511514,28.920478325743435,17.49811270478588
2024-03-19,32.2,16.1,23.8,31,22.9,964.3,21.06,16,23.8,31.0,6.361111111111111,243.74999999999997,0.16,13.868759424088296,28.734596577017115,58.14388227544271,25.629842150277334,17.835050912265228
2024-03-20,31.3,17.6,23.8,31,12.3,964.5,23.31,18,23.8,31.0,3.416666666666667,269.79166666666663,0.18,13.868759424088296,31.092388613861385,60.38370801294883,29.62219853342359,18.306609319634084
2024-03-21,31.4,17.7,24.7,31,12.9,963.5,22.0,48,24.7,31.0,3.5833333333333335,254.62962962962962,0.48,14.554212908096815,30.336461704422867,54.4025961906313,28.446549486902786,18.725241376552344
2024-03-22,35.4,17.3,26.0,32,15.9,960.6,23.12,16,26.0,32.0,4.416666666666667,267.5925925925926,0.16,15.737813176252963,32.53588987217306,62.63192745969616,30.697339191670842,20.123647197811685
2024-03-23,36.2,19.5,27.6,28,13.8,960.0,22.99,24,27.6,28.0,3.8333333333333335,266.08796296296293,0.24,16.132401124756704,34.2270964360587,62.112516583506135,32.489213786850485,20.898100074541436
2024-03-24,35.1,20.3,27.5,29,22.5,961.8,19.24,64,27.5,29.0,6.25,222.68518518518516,0.64,16.271175127610285,30.865020576131688,51.191855389955094,27.586992830497596,20.312826704553537
2024-03-25,35.1,19.2,27.4,34,16.9,964.1,22.95,5,27.4,34.0,4.694444444444444,265.625,0.05,17.208574842080516,34.078680157593126,65.34716694156162,32.38243972636892,21.60173842097499
2024-03-26,36.8,21.4,29.3,28,17.4,963.4,19.48,62,29.3,28.0,4.833333333333333,225.46296296296296,0.62,17.393467819390935,33.25515536723164,53.29948827249768,30.845883980856918,21.75645854701998
2024-03-27,37.2,22.0,29.8,29,11.3,964.4,22.37,43,29.8,29.0,3.138888888888889,258.912037037037,0.43,17.992863349362963,36.04304963026166,59.44915547653608,34.475484856840175,22.783614270606407
2024-03-28,38.4,22.8,30.3,29,15.9,962.1,22.11,92,30.3,29.0,4.416666666666667,255.90277777777777,0.92,18.36713629540242,33.96869469026549,51.663429002246914,31.78893627661499,22.680734344834793
2024-03-29,37.9,23.2,30.3,30,18.4,960.8,21.34,82,30.3,30.0,5.111111111111111,246.99074074074073,0.82,18.595001016660238,33.903079212454216,52.776688218532286,31.600736344508753,22.82711655415301
2024-03-30,36.1,23.0,29.6,20,21.4,962.1,23.59,16,29.6,20.0,5.944444444444444,273.0324074074074,0.16,15.628317326757635,35.33783840947547,66.01667408740678,33.54105186503861,20.967389810625438
2024-03-31,34.8,21.8,28.3,20,20.7,963.5,23.93,8,28.3,20.0,5.75,276.96759259259255,0.08,14.74376149485969,34.48346253229974,66.8817929005246,32.60828966455888,20.04732555286173
2024-04-01,33.7,20.4,27.0,26,21.6,961.2,23.02,54,27.0,26.0,6.0,266.43518518518516,0.54,15.257003231695283,31.420401936026934,56.72019276149018,28.58046817540942,19.663982649392086
2024-04-02,34.6,18.5,27.0,22,15.8,959.8,23.49,37,27.0,22.0,4.388888888888889,271.87499999999994,0.37,14.345168428144756,32.90000924556213,60.234540214668584,30.795851538487373,19.321619748813756
2024-04-03,35.6,20.2,28.1,21,12.4,960.2,21.98,88,28.1,21.0,3.4444444444444446,254.39814814814815,0.88,14.862771055412026,32.31765350877193,50.1100457712908,30.057373942257655,19.677470440542805
2024-04-04,35.2,22.3,28.5,23,19.7,960.7,19.15,91,28.5,23.0,5.472222222222222,221.64351851851848,0.91,15.637895906146856,31.38371739610964,47.70424130110746,28.060682469993996,20.073270613524727
2024-04-05,33.9,23.8,28.7,23,14.3,960.5,14.64,99,28.7,23.0,3.9722222222222223,169.44444444444443,0.99,15.778921133622912,31.084287925696593,42.52053100092655,28.127977841560377,20.13210237867536
2024-04-06,34.3,22.3,28.2,24,18.4,960.2,19.11,50,28.2,24.0,5.111111111111111,221.18055555555554,0.5,15.665782135731263,32.3015625,53.835828322507496,29.59990737322782,20.246359995011886
2024-04-07,36.1,22.0,29.1,15,17.4,960.3,24.95,4,29.1,15.0,4.833333333333333,288.77314814814815,0.04,13.864131332719861,36.294856403013185,69.56181692082913,34.62627616035506,19.87386321350654
2024-04-08,37.4,20.2,28.5,15,13.0,961.2,24.34,6,28.5,15.0,3.611111111111111,281.71296296296293,0.06,13.483983840355933,36.433400537634405,67.51118953535666,34.667913895142206,19.575468795776036
2024-04-09,37.7,22.9,29.8,14,15.6,961.5,19.84,80,29.8,14.0,4.333333333333333,229.62962962962962,0.8,13.99091805446335,33.490476190476194,51.169444025032135,30.89112612128847,19.471737876219585
2024-04-10,36.0,23.5,29.4,19,24.2,962.0,21.18,55,29.4,19.0,6.722222222222221,245.13888888888889,0.55,15.219551556796294,33.190358412322276,56.27640862287285,30.559224383084373,20.23175777222186
2024-04-11,36.9,20.8,29.2,28,13.9,962.5,23.29,31,29.2,28.0,3.861111111111111,269.56018518518516,0.31,17.319288303042782,35.62634861546499,62.555869081441585,33.95494870395468,22.168771535222945
2024-04-12,36.7,23.1,30.4,22,16.6,961.9,22.62,38,30.4,22.0,4.611111111111112,261.80555555555554,0.38,16.715451584739714,35.91607658959538,61.700445273658374,34.05109775703799,21.924031427236873
2024-04-13,36.3,21.9,28.9,37,20.2,961.2,20.84,50,28.9,37.0,5.611111111111111,241.2037037037037,0.5,18.97791503041956,33.16210732984293,56.4392800910785,30.975309279801863,22.806961987262277
2024-04-14,35.5,23.2,28.2,40,19.1,963.0,19.09,69,28.2,40.0,5.305555555555556,220.94907407407405,0.69,18.985785107573403,31.710767632524707,50.88542259550729,29.222800105636864,22.452203101806322
2024-04-15,35.2,24.3,29.5,36,22.8,963.7,18.81,83,29.5,36.0,6.333333333333333,217.70833333333331,0.83,19.255625132181542,32.309397977941174,49.44520881808387,29.565378965173522,22.890817188115314
2024-04-16,36.1,24.2,30.1,31,15.8,962.9,24.06,26,30.1,31.0,4.388888888888889,278.4722222222222,0.26,18.666751510521884,36.55099852071006,65.2512473167684,35.03490389980204,23.38692576150733
2024-04-17,36.9,23.3,29.8,28,25.5,961.8,23.69,53,29.8,28.0,7.083333333333333,274.18981481481484,0.53,17.764363818501415,33.969576149425286,59.65972083985139,31.86734414592065,22.20896990283605
2024-04-18,38.9,23.3,30.5,25,32.6,960.2,22.69,47,30.5,25.0,9.055555555555555,262.61574074074076,0.47,17.557262467492603,34.07333868577075,59.58328087315647,32.38763231737159,22.154751464398974
2024-04-19,37.8,25.1,31.3,24,28.4,958.0,24.5,13,31.3,24.0,7.888888888888888,283.5648148148148,0.13,17.875658630390806,36.44266792385058,68.48836758038573,35.526906690865,22.931494626043676
2024-04-20,35.7,23.2,29.6,22,17.3,957.8,23.93,55,29.6,22.0,4.805555555555555,276.96759259259255,0.55,16.157753588263773,34.71958510387158,59.630491139203684,32.624337571205906,21.214344532558957
2024-04-21,35.4,23.3,29.6,27,14.3,958.8,20.45,50,29.6,27.0,3.9722222222222223,236.68981481481478,0.5,17.384743302414467,34.54630417956656,56.37137661539248,32.61504353027657,22.03858114760344
2024-04-22,36.6,23.4,30.1,24,13.3,959.1,23.5,13,30.1,24.0,3.6944444444444446,271.9907407407407,0.13,17.02023715750455,37.4124667199148,66.46939436756406,35.81048095864123,22.406659354236147
2024-04-23,37.5,24.1,30.9,19,18.1,958.6,23.66,12,30.9,19.0,5.027777777777778,273.84259259259255,0.12,16.22702767839813,37.31747460757156,67.81460384413015,35.737688219739965,21.912414296393003
2024-04-24,38.2,22.7,30.5,22,17.2,958.6,24.92,1,30.5,22.0,4.777777777777778,288.4259259259259,0.01,16.785163200746048,37.83765388257576,71.06381478783999,36.387586647305085,22.367145017037384
2024-04-25,38.8,24.1,31.3,17,12.7,959.0,24.58,13,31.3,17.0,3.5277777777777777,284.4907407407407,0.13,15.89394737982542,39.098011672095545,68.69844751075374,37.39500136921204,22.0753655002969
2024-04-26,37.8,23.9,31.1,24,24.9,958.5,21.54,49,31.1,24.0,6.916666666666666,249.30555555555554,0.49,17.733089597368878,35.04879079254079,58.99234504174376,33.12070752393208,22.532920876666374
2024-04-27,36.8,25.7,30.8,25,22.4,959.2,24.84,33,30.8,25.0,6.222222222222221,287.5,0.33,17.773378421952312,36.14792698019802,65.5018241696879,34.56965068353786,22.75095029140622
2024-04-28,37.9,23.3,31.1,22,14.0,959.3,23.79,36,31.1,22.0,3.888888888888889,275.3472222222222,0.36,17.203430023681918,37.4501953125,63.79965246866561,35.807660400389935,22.642440079077343
2024-04-29,37.7,22.8,30.9,22,24.4,959.1,24.51,4,30.9,22.0,6.777777777777777,283.68055555555554,0.04,17.064008291457416,36.801090801886794,70.067843297546,35.61801239394396,22.39502396439755
2024-04-30,35.8,23.1,29.5,16,20.7,958.5,25.43,0,29.5,16.0,5.75,294.3287037037037,0.0,14.422081251183137,36.34485357450474,71.1909651180668,34.85296565491077,20.314427590729142
2024-05-01,34.0,22.4,28.1,17,20.1,956.3,25.55,0,28.1,17.0,5.583333333333334,295.7175925925926,0.0,13.803508838986023,35.085454943132106,70.35947314087309,33.43495852748665,19.48954717591664
2024-05-02,35.2,20.1,28.1,18,14.5,957.7,23.87,50,28.1,18.0,4.027777777777778,276.27314814814815,0.5,14.078464707271209,33.83798076923077,59.115161915962005,31.766397644234353,19.432521448936
2024-05-03,38.1,22.2,31.1,14,11.5,958.6,22.7,65,31.1,14.0,3.194444444444444,262.73148148148147,0.65,14.801005076731752,36.51048728813559,57.18855112934659,34.51383694794114,20.772801011339343
2024-05-04,39.2,26.5,32.4,16,21.3,958.6,19.07,82,32.4,16.0,5.916666666666667,220.71759259259258,0.82,16.288402650560435,35.38221480067854,52.35514786625026,33.054498100811415,21.718324815528014
2024-05-05,39.6,27.1,33.2,22,19.1,955.6,23.93,27,33.2,22.0,5.305555555555556,276.96759259259255,0.27,18.667327083637,39.01184018418688,67.38024256629376,37.82856711236382,24.189496995383276
2024-05-06,40.8,25.1,33.4,19,14.5,956.9,23.75,5,33.4,19.0,4.027777777777778,274.88425925925924,0.05,17.906075593063076,40.821875,70.79710382304717,39.50748174886041,24.03862791514415
2024-05-07,42.1,27.3,35.2,16,17.0,957.9,21.89,19,35.2,16.0,4.722222222222222,253.35648148148147,0.19,18.090226712394266,41.09596726190476,67.65061882558285,40.03545368150905,24.402352151056938
2024-05-08,42.6,26.8,35.2,21,23.1,957.5,23.31,5,35.2,21.0,6.416666666666667,269.79166666666663,0.05,19.753768429687522,40.96015054744526,71.59027491299616,40.70097704052737,25.539668010270315
2024-05-09,42.7,26.5,34.8,27,19.4,956.9,22.28,13,34.8,27.0,5.388888888888888,257.8703703703704,0.13,21.205840097654235,40.60208333333333,68.7983798867698,39.94558532127484,26.444504735024633
2024-05-10,42.4,26.0,34.4,25,25.2,958.0,23.29,11,34.4,25.0,7.0,269.56018518518516,0.11,20.36669360003808,39.706966145833334,69.85010680323558,39.42427859475601,25.638078749193323
2024-05-11,39.4,28.3,33.6,25,20.9,960.4,20.13,37,33.6,25.0,5.805555555555555,232.9861111111111,0.37,19.790412864028006,37.993195694087404,61.38657445173783,36.7275450293409,24.811928143637086
2024-05-12,40.6,27.0,33.9,23,20.0,960.1,22.02,11,33.9,23.0,5.555555555555555,254.8611111111111,0.11,19.445391831070868,39.604194078947366,68.06022338825107,38.65417644541785,24.92261309753908
2024-05-13,38.6,27.5,33.0,25,22.2,960.6,17.75,46,33.0,25.0,6.166666666666666,205.4398148148148,0.46,19.35819815372974,36.54153710613599,56.672691805832244,34.882734528685454,24.159046128838018
2024-05-14,41.3,25.7,34.0,20,18.4,961.0,21.92,67,34.0,20.0,5.111111111111111,253.70370370370372,0.67,18.622004888389256,38.17147435897436,58.97056294089742,36.698284999849605,24.06969829366735
2024-05-15,42.6,26.4,34.7,15,21.1,960.9,24.03,11,34.7,15.0,5.861111111111112,278.125,0.11,17.41181078232858,40.749752237851666,71.28978720964648,40.016608339944455,23.808217995200337
2024-05-16,43.7,27.6,36.2,13,16.1,960.3,23.2,9,36.2,13.0,4.472222222222222,268.5185185185185,0.09,17.583108165129147,42.968084066471164,71.68140830591716,41.96445703362851,24.521792528884635
2024-05-17,43.8,28.0,36.6,15,16.0,958.0,23.19,13,36.6,15.0,4.444444444444445,268.40277777777777,0.13,18.615361846850746,43.24296875,71.33208957268056,42.41843592177118,25.339347042795524
2024-05-18,44.5,30.0,37.5,14,19.9,955.7,22.78,22,37.5,14.0,5.527777777777778,263.6574074074074,0.22,18.788641839025814,43.072284520668426,70.10349054468827,42.75547043113321,25.516506191451754
2024-05-19,44.4,29.1,37.3,13,14.9,954.3,22.75,16,37.3,13.0,4.138888888888889,263.31018518518516,0.16,18.25655194859149,43.92677304964539,70.76512980890726,42.989605954659154,25.29494097394312
2024-05-20,43.4,31.5,37.3,15,23.1,955.0,18.71,30,37.3,15.0,6.416666666666667,216.55092592592592,0.3,19.05876183780287,41.330692416869425,63.55242292453897,41.103437202305784,25.33727176983589
2024-05-21,44.2,31.8,37.5,16,22.9,955.2,19.0,31,37.5,16.0,6.361111111111111,219.9074074074074,0.31,19.57020806893588,41.58898736756316,63.947190605946446,41.46063757970908,25.766943121767746
2024-05-22,43.9,30.6,37.6,17,14.0,954.5,18.44,35,37.6,17.0,3.888888888888889,213.42592592592592,0.35,20.008995467844432,42.5521484375,62.73499212126774,41.7720114710961,26.276726514991104
2024-05-23,44.8,30.4,37.0,24,22.4,953.4,21.56,20,37.0,24.0,6.222222222222221,249.537037037037,0.2,21.938695248827187,42.00309405940594,68.39307762752082,42.103538800030016,27.457705486060217
2024-05-24,42.3,30.2,36.3,30,18.7,954.0,22.07,6,36.3,30.0,5.194444444444444,255.4398148148148,0.06,23.125635923914288,42.376265894641236,70.77129678042536,42.20547744712646,28.293198325668246
2024-05-25,44.9,29.8,37.5,25,22.9,953.4,21.85,8,37.5,25.0,6.361111111111111,252.89351851851853,0.08,22.59972591002763,42.84229828850856,70.95281645291772,43.287994070980965,28.138267794721052
2024-05-26,46.0,30.7,38.5,16,26.3,951.9,21.09,11,38.5,16.0,7.305555555555555,244.0972222222222,0.11,20.213656134507538,43.18633606094808,70.05282635306895,44.162316048616866,26.636826506344896
2024-05-27,46.6,31.4,38.5,14,20.3,949.4,24.63,0,38.5,14.0,5.638888888888889,285.0694444444444,0.0,19.41164944673097,45.19875979112271,76.78424717746447,45.39873404387586,26.47790657093622
2024-05-28,45.5,30.6,38.2,16,26.9,948.4,22.63,7,38.2,16.0,7.472222222222221,261.92129629629625,0.07,20.020623042758146,43.26633955085375,72.37923731665086,44.35467085215724,26.487704040101452
2024-05-29,46.0,32.5,38.6,23,24.9,949.8,23.93,2,38.6,23.0,6.916666666666666,276.96759259259255,0.02,22.75906065737357,44.35240384615385,75.33251143401111,45.580353381324045,28.66182322939227
2024-05-30,44.9,31.0,37.7,27,22.1,952.6,24.09,1,37.7,27.0,6.138888888888889,278.8194444444444,0.01,23.33673264902225,43.926504052369076,75.21827736279994,44.54688014792275,28.891013664789387
2024-05-31,44.9,31.7,37.6,19,24.6,954.1,20.56,14,37.6,19.0,6.833333333333334,237.96296296296293,0.14,20.72668608497381,42.275469483568074,68.33842923572979,42.708925183933395,26.723774156195283
2024-06-01,42.2,31.8,36.5,26,23.7,955.2,18.54,38,36.5,26.0,6.583333333333333,214.58333333333331,0.38,22.170184402724324,40.25134892086331,61.55591295667227,40.06332268683058,27.219398866079686
2024-06-02,41.5,29.0,33.3,35,26.9,956.6,14.98,57,33.3,35.0,7.472222222222221,173.37962962962962,0.57,22.038201852035282,35.784850593912395,52.04683874889207,34.49252032621524,25.913711415207175
2024-06-03,42.4,30.1,36.0,28,18.8,955.7,21.45,22,36.0,28.0,5.222222222222222,248.26388888888886,0.22,22.36327834149273,41.40378736413044,67.26773931030272,40.99162078937122,27.535052311871
2024-06-04,42.9,31.5,37.1,21,20.9,955.4,22.71,5,37.1,21.0,5.805555555555555,262.84722222222223,0.05,21.062520294548303,43.029265745501284,72.34793293520625,43.075095417810196,27.059617355284068
2024-06-05,41.8,31.2,36.4,25,24.1,956.2,23.16,3,36.4,25.0,6.694444444444445,268.05555555555554,0.03,21.80736925265448,42.044447743467934,72.5486506669622,42.36145507054377,27.31404802555172
2024-06-06,41.6,30.0,35.7,26,20.0,957.9,22.64,7,35.7,26.0,5.555555555555555,262.037037037037,0.07,21.58805581203821,41.68892543859649,70.89857166852607,41.346514799907766,27.019424156146044
2024-06-07,41.9,30.3,34.7,28,24.3,956.2,22.43,10,34.7,28.0,6.75,259.60648148148147,0.1,21.399017261916352,39.94736505122144,69.17090041591632,39.67877203500807,26.438785093585736
2024-06-08,40.2,28.4,34.4,30,22.5,954.9,19.57,23,34.4,30.0,6.25,226.50462962962962,0.23,21.69096511161776,38.85459104938272,63.32576223219422,38.112152713614755,26.39459378800898
2024-06-09,42.1,28.5,35.9,21,17.2,954.5,22.64,7,35.9,21.0,4.777777777777778,262.037037037037,0.07,20.23594468780541,42.36531723484848,71.0623933919614,41.737152662425665,26.228224728433485
2024-06-10,42.7,29.9,36.6,17,19.5,954.8,19.99,41,36.6,17.0,5.416666666666667,231.3657407407407,0.41,19.355850698751528,41.01445833333334,63.07997194174936,40.306799153192955,25.411987155792737
2024-06-11,42.0,30.5,36.0,25,20.2,954.8,16.4,62,36.0,25.0,5.611111111111111,189.81481481481478,0.62,21.519236997269402,39.085732984293195,55.55501762771297,38.18138770130495,26.48061249494722
2024-06-12,42.2,30.7,36.5,26,20.9,955.0,21.18,32,36.5,26.0,5.805555555555555,245.13888888888889,0.32,22.170184402724324,41.26413881748072,65.75135865713622,41.017546021786565,27.421956845403173
2024-06-13,40.6,31.8,35.1,31,33.4,954.8,20.64,36,35.1,31.0,9.277777777777777,238.88888888888889,0.36,22.474426593420308,38.529961089494165,62.53679728519336,39.065683269373196,26.948090833293048
2024-06-14,39.7,30.7,35.1,29,23.1,954.1,16.64,46,35.1,29.0,6.416666666666667,192.59259259259258,0.46,21.96004281706021,38.347364152473645,57.06114245430717,37.50452327153306,26.551502802436875
2024-06-15,42.1,30.4,36.0,29,22.4,953.8,23.0,4,36.0,29.0,6.222222222222221,266.2037037037037,0.04,22.63369203737868,41.81167491749175,71.98157270102604,41.881625656761834,27.805919409663424
2024-06-16,41.9,31.5,36.6,32,21.0,954.5,21.98,9,36.6,32.0,5.833333333333333,254.39814814814815,0.09,23.876628426757435,42.2065438034188,70.36895741279045,42.352137273110976,28.814948659413965
2024-06-17,42.6,32.5,37.3,32,22.4,954.5,21.16,23,37.3,32.0,6.222222222222221,244.9074074074074,0.23,24.41406868465249,42.12843440594059,67.66941322879336,42.53444608473272,29.24553496044486
2024-06-18,42.0,33.0,37.2,33,25.9,952.8,22.31,29,37.2,33.0,7.194444444444444,258.21759259259255,0.29,24.59652491267605,41.726160307517084,67.8695480270087,42.558908126897606,29.282799500376647
2024-06-19,41.0,32.0,36.1,37,24.2,950.8,22.15,27,36.1,37.0,6.722222222222221,256.3657407407407,0.27,24.716270432800798,40.82940116508689,67.23930649275746,41.21171032080244,29.077269535977937
2024-06-20,38.8,28.8,33.0,48,28.6,951.3,19.5,33,33.0,48.0,7.944444444444445,225.69444444444443,0.33,24.49455441523487,36.639686158798284,60.30015854087105,36.63280946567537,27.774125322424066
2024-06-21,36.7,25.2,29.8,67,16.1,953.0,20.92,44,29.8,67.0,4.472222222222222,242.12962962962965,0.44,24.93935292531563,34.78460410557185,58.17120740153683,34.879409419424746,27.39446786883531
2024-06-22,37.4,27.0,32.1,52,13.9,952.4,18.06,50,32.1,52.0,3.861111111111111,209.02777777777774,0.5,24.46941384307373,36.52300156739812,55.60598263698023,36.223848007108415,27.643190003631236
2024-06-23,37.9,28.3,33.0,49,9.4,952.7,17.91,35,33.0,49.0,2.611111111111111,207.29166666666666,0.35,24.686160266806308,38.61730155109489,57.43465876366821,38.55585797409451,28.303772496983395
2024-06-24,37.2,29.2,32.4,55,15.9,951.7,18.66,65,32.4,55.0,4.416666666666667,215.9722222222222,0.65,25.273043651974373,36.27029867256637,54.48964022904448,36.09345659675972,28.185190290895335
2024-06-25,35.9,27.5,30.6,67,15.8,950.7,20.31,73,30.6,67.0,4.388888888888889,235.06944444444443,0.73,25.67709055444261,34.574620931952666,53.45482396097049,34.832259509878156,27.94888757450036
2024-06-26,36.4,27.5,30.9,70,15.1,950.7,18.53,90,30.9,70.0,4.194444444444445,214.46759259259258,0.9,26.434050715250006,34.10729481369587,49.26962210326354,34.74146282935092,28.415294463414178
2024-06-27,33.4,26.2,29.1,78,20.5,952.7,13.09,100,29.1,78.0,5.694444444444445,151.50462962962962,1.0,25.967826140098047,30.870833333333334,41.47837706894768,30.58643413163526,27.2616449647353
2024-06-28,33.1,25.4,28.5,80,13.9,952.6,16.71,88,28.5,80.0,3.861111111111111,193.40277777777777,0.88,25.689639242127175,31.55564263322884,45.709905951368626,32.34006730771327,27.14387599613479
2024-06-29,31.2,26.2,27.6,86,9.2,952.1,10.1,92,27.6,86.0,2.5555555555555554,116.89814814814814,0.92,25.68691515559942,29.68869485294118,37.61827505172761,31.605296655184787,26.67857957950783
2024-06-30,33.4,25.6,29.3,77,19.7,951.6,15.63,88,29.3,77.0,5.472222222222222,180.90277777777777,0.88,26.00863717640018,31.7184350132626,45.52980756308142,31.714203142029557,27.479733026132642
2024-07-01,34.4,25.6,30.0,72,19.4,949.6,18.99,58,30.0,72.0,5.388888888888888,219.79166666666663,0.58,25.90693540834334,33.75526403743316,53.95890824308037,33.95835266709243,27.88590759332697
2024-07-02,34.4,26.1,30.4,67,17.8,948.4,18.86,100,30.4,67.0,4.944444444444445,218.287037037037,1.0,25.492656277539158,33.14383147113594,47.63978961555637,32.939941536765986,27.513625688504597
2024-07-03,35.8,27.3,30.2,74,17.8,950.5,20.51,91,30.2,74.0,4.944444444444445,237.38425925925927,0.91,26.404479430965345,33.45242958566108,50.38368788555118,33.930415834036175,28.193621518807955
2024-07-04,30.7,25.5,27.6,87,13.0,952.1,10.18,100,27.6,87.0,3.611111111111111,117.82407407407406,1.0,25.829462585916385,29.310349462365593,37.326667050477226,30.3617016072329,26.70269370261459
2024-07-05,32.8,24.7,27.0,86,21.0,949.7,13.27,100,27.0,86.0,5.833333333333333,153.58796296296296,1.0,25.10168609588793,28.772168803418804,39.74470209474737,28.020669945077596,26.02561402780531
2024-07-06,32.8,24.5,27.5,84,16.2,948.7,14.17,86,27.5,84.0,4.5,164.00462962962962,0.86,25.303975857112007,29.960069444444446,42.732154767627264,30.184470202631964,26.454796988867294
2024-07-07,33.9,25.4,28.8,76,13.8,951.5,19.94,57,28.8,76.0,3.8333333333333335,230.78703703703704,0.57,25.383496907472296,33.47017164570231,53.97721846844729,34.18576760698011,27.342482164371066
2024-07-08,31.8,23.9,27.4,84,11.4,954.1,16.44,89,27.4,84.0,3.1666666666666665,190.27777777777777,0.89,25.206936061870618,30.632780612244897,44.09241917088377,31.87521149504915,26.511411365758413
2024-07-09,33.8,25.6,29.5,77,9.2,954.8,22.02,68,29.5,77.0,2.5555555555555554,254.8611111111111,0.68,26.199016569361117,35.0657169117647,54.07742017537362,36.59873546093188,28.30245498090572
2024-07-10,33.4,25.6,29.5,79,11.2,955.4,16.9,95,29.5,79.0,3.1111111111111107,195.60185185185182,0.95,26.4998978059571,32.66513270547945,45.49080245395379,34.23919657020021,28.03295500526586
2024-07-11,35.6,26.7,30.4,74,21.3,952.7,22.44,96,30.4,74.0,5.916666666666667,259.72222222222223,0.96,26.593163012647413,33.492875318066154,51.338420590472026,33.88105731967418,28.353789172466417
2024-07-12,33.6,25.6,28.5,80,20.2,950.5,20.82,57,28.5,80.0,5.611111111111111,240.9722222222222,0.57,25.689639242127175,32.55930955497382,54.951110634371844,32.85900318268515,27.344609380483785
2024-07-13,33.8,24.9,28.8,77,15.4,950.9,21.94,21,28.8,77.0,4.277777777777778,253.9351851851852,0.21,25.532688401836676,34.924095558882236,62.33078504280172,35.65318213906669,27.737700993062116
2024-07-14,34.0,25.6,29.4,74,14.5,950.6,21.58,24,29.4,74.0,4.027777777777778,249.76851851851848,0.24,25.649744393153046,35.486666666666665,61.76363473629414,36.21103264974934,27.99215440854047
2024-07-15,33.4,27.1,29.8,75,12.4,952.0,21.28,39,29.8,75.0,3.4444444444444446,246.2962962962963,0.39,26.180122972225174,35.66979166666667,59.02491062454118,36.783352309321494,28.440044413890956
2024-07-16,33.7,26.8,30.1,76,16.0,952.5,21.45,53,30.1,76.0,4.444444444444445,248.26388888888886,0.53,26.617339880046206,34.930193014705885,57.55915791174317,35.90354329552143,28.628176518973522
2024-07-17,34.4,27.4,30.8,73,14.1,952.6,22.28,49,30.8,73.0,3.9166666666666665,257.8703703703704,0.49,26.814065004257365,36.258657840083075,59.59211801473805,37.38609655887777,29.10157707099677
2024-07-18,33.7,26.5,30.0,79,9.4,952.0,20.46,93,30.0,79.0,2.611111111111111,236.80555555555554,0.93,26.97857676470677,34.16138229927007,48.98146442872496,36.19719310814282,28.717280195148753
2024-07-19,34.6,26.4,29.7,78,15.5,950.7,21.3,86,29.7,78.0,4.305555555555555,246.52777777777777,0.86,26.540613828566606,33.47518656716418,51.46576764779189,34.431278215009655,28.243466993429458
2024-07-20,34.9,25.6,30.0,76,10.9,951.3,22.05,61,30.0,76.0,3.0277777777777777,255.20833333333331,0.61,26.5224289839496,35.52362673010381,56.160430976746056,36.96078315614065,28.670425634785477
2024-07-21,35.2,26.7,30.8,74,9.6,951.2,22.85,46,30.8,74.0,2.6666666666666665,264.4675925925926,0.46,26.970529965535757,37.44043629227053,59.83214419048221,38.92799803633924,29.44745823432914
2024-07-22,34.3,26.3,30.7,74,11.5,951.5,21.3,68,30.7,74.0,3.194444444444444,246.52777777777777,0.68,26.876188253497517,35.663983050847456,54.91799543180019,37.11299320967173,29.016128387617755
2024-07-23,34.1,26.1,29.8,76,20.2,951.0,17.14,96,29.8,76.0,5.611111111111111,198.37962962962962,0.96,26.332607141340542,32.23041012216405,46.23792161964997,32.36275734951378,27.85890702337119
2024-07-24,33.8,25.8,28.6,84,19.7,948.2,16.83,95,28.6,84.0,5.472222222222222,194.79166666666663,0.95,26.37141266112794,31.041354442970825,45.06056010554835,31.383100978529452,27.52825975138372
2024-07-25,32.6,25.4,27.9,86,13.9,947.4,17.84,92,27.9,86.0,3.861111111111111,206.48148148148147,0.92,25.979529500819392,31.045768025078367,45.65655640346904,32.19209821143806,27.18482425558925
2024-07-26,31.9,25.6,28.3,84,14.0,949.0,14.66,99,28.3,84.0,3.888888888888889,169.67592592592592,0.99,26.08029370295588,30.709928385416667,42.16350963580686,31.69364376638753,27.228191269152447
2024-07-27,32.9,26.4,28.9,83,14.8,950.6,14.15,100,28.9,83.0,4.111111111111112,163.77314814814815,1.0,26.515850277256984,31.14688770325203,42.16453179194792,32.14631614537284,27.680472734730294
2024-07-28,32.9,25.8,29.3,82,15.0,950.3,18.57,74,29.3,82.0,4.166666666666667,214.93055555555554,0.74,26.75493396098222,32.99289772727273,50.37869631599813,34.24901006733022,28.2570333181421
2024-07-29,33.6,26.6,29.9,77,20.2,949.9,22.18,43,29.9,77.0,5.611111111111111,256.71296296296293,0.43,26.57977515700514,34.647845767888306,59.968344904783464,35.434709991662686,28.52541176348126
2024-07-30,33.2,27.3,29.9,78,13.5,952.0,20.31,50,29.9,78.0,3.75,235.06944444444443,0.5,26.73154292952204,34.93720238095238,56.37029472141609,36.27796868265358,28.6895205268559
2024-07-31,32.3,26.5,29.4,80,16.6,952.8,18.15,100,29.4,80.0,4.611111111111112,210.06944444444443,1.0,26.55367113670954,32.13211705202312,46.14215444699448,32.87272160271618,27.953993206101302
2024-08-01,27.9,25.0,26.5,88,15.1,952.0,6.93,100,26.5,88.0,4.194444444444445,80.20833333333333,1.0,24.893493000859365,27.59044561933535,33.34131713695763,27.492908659877763,25.593534224468627
2024-08-02,30.3,24.6,26.7,86,14.0,950.5,15.4,100,26.7,86.0,3.888888888888889,178.24074074074073,1.0,24.809071379430666,29.206510416666667,41.25872221289694,29.705926561747837,25.8776520489348
2024-08-03,31.0,24.8,27.5,83,13.4,951.8,17.54,85,27.5,83.0,3.7222222222222223,203.00925925925924,0.85,25.160850471226638,30.845773619957537,46.03400991476809,31.66018183882394,26.531750053850153
2024-08-04,31.4,24.9,28.0,81,20.9,952.5,20.66,69,28.0,81.0,5.805555555555555,239.12037037037035,0.69,25.355017867546064,31.623687874892887,52.371926033978866,31.643133921255696,26.87325008226082
2024-08-05,29.8,24.2,26.1,86,28.2,950.4,9.74,94,26.1,86.0,7.833333333333333,112.73148148148148,0.94,24.223841568319838,27.263915945165948,36.08625845982198,25.086194015125024,25.019472286857077
2024-08-06,28.1,24.4,26.0,84,24.4,952.7,8.82,99,26.0,84.0,6.777777777777777,102.08333333333333,0.99,23.84837739176672,27.09426591981132,34.75555719283278,24.863291686280416,24.712717358198972
2024-08-07,29.3,24.6,26.7,81,19.8,953.8,12.7,100,26.7,81.0,5.5,146.99074074074073,1.0,24.103535256806623,28.449889770723104,38.96533145898297,27.237076446371994,25.232452633909254
2024-08-08,28.2,24.3,25.7,88,19.9,955.3,7.28,100,25.7,88.0,5.527777777777778,84.25925925925925,1.0,24.109298354947285,26.700439753737907,32.96595254256454,25.117305051224648,24.786596799210677
2024-08-09,29.4,23.9,26.1,85,15.1,956.3,12.21,100,26.1,85.0,4.194444444444445,141.31944444444446,1.0,24.084744383158014,28.021261329305137,37.9060457001284,27.774754931196988,25.073573334071636
2024-08-10,30.7,23.8,26.5,87,16.5,955.3,13.16,100,26.5,87.0,4.583333333333333,152.3148148148148,1.0,24.75385265639836,28.48671497584541,39.1751942992334,28.322639180065632,25.675039854647935
2024-08-11,29.0,23.9,25.9,91,16.0,953.8,9.77,100,25.9,91.0,4.444444444444445,113.0787037037037,1.0,24.718838683823336,27.396629901960782,35.48955474311896,27.226393848409742,25.372513059068492
2024-08-12,29.9,23.7,26.0,89,15.6,954.6,13.1,100,26.0,89.0,4.333333333333333,151.62037037037035,1.0,24.541613599096525,28.03062996031746,38.64493898689091,28.01670078069571,25.385255511431062
2024-08-13,30.6,24.0,26.5,87,17.6,955.7,15.08,99,26.5,87.0,4.888888888888889,174.53703703703704,0.99,24.75385265639836,28.728288857677903,41.05996785745231,28.457763855019,25.72335463101443
2024-08-14,30.5,24.4,26.6,89,16.6,956.3,15.25,100,26.6,89.0,4.611111111111112,176.50462962962962,1.0,25.13119052914079,28.895580443159922,41.146434749652485,29.053668637591336,26.030949459030538
2024-08-15,29.4,24.7,26.3,91,15.7,955.0,10.61,100,26.3,91.0,4.361111111111111,122.80092592592591,1.0,25.11376362161186,27.93977497527201,36.633935514946586,28.099373140672817,25.7975895301827
2024-08-16,28.7,24.5,26.2,90,12.6,954.1,12.95,100,26.2,90.0,3.5,149.88425925925924,1.0,24.876673076019678,28.4041802832244,38.527506169995604,29.323747955748775,25.714507209858656
2024-08-17,31.0,24.0,27.3,82,11.6,956.8,20.04,100,27.3,82.0,3.222222222222222,231.94444444444443,1.0,24.824365938272177,30.826182432432432,45.542901690485564,31.844927825394915,26.27229264327701
2024-08-18,31.6,24.9,28.0,78,12.1,958.0,21.17,71,28.0,78.0,3.3611111111111107,245.02314814814815,0.71,24.917713848739805,32.72544642857143,52.139679988744376,33.60864617291203,26.78748897983215
2024-08-19,31.4,25.1,27.9,78,15.6,957.2,18.41,94,27.9,78.0,4.333333333333333,213.0787037037037,0.94,24.822248995183966,30.92495659722222,45.967467235508536,31.017844827576813,26.35056561607322
2024-08-20,31.4,25.2,28.1,78,8.4,956.9,19.18,98,28.1,78.0,2.3333333333333335,221.99074074074073,0.98,25.013178685506233,31.959611742424244,45.18384482294971,33.41177528718059,26.71114742833921
2024-08-21,31.6,25.1,27.8,83,11.2,957.8,20.15,85,27.8,83.0,3.1111111111111107,233.21759259259255,0.85,25.451207813349306,31.93322274543379,48.4956222943531,33.31113496646504,26.98249001843127
2024-08-22,31.6,24.9,27.0,86,9.0,957.0,17.32,76,27.0,86.0,2.5,200.46296296296296,0.76,25.10168609588793,31.1429012345679,45.94032107443405,32.920795449255536,26.49976051403513
2024-08-23,31.7,24.4,26.9,86,9.0,957.0,18.77,55,26.9,86.0,2.5,217.24537037037035,0.55,25.00414787097687,32.15009645061728,50.41123826898712,33.85994145768632,26.622922799807267
2024-08-24,31.9,24.3,27.2,85,14.4,956.0,20.12,68,27.2,85.0,4.0,232.87037037037038,0.68,25.15494173290528,31.469290123456787,51.14869576223742,32.32236820948468,26.62231723772505
2024-08-25,30.1,24.2,26.5,84,23.9,952.8,17.22,82,26.5,84.0,6.638888888888888,199.30555555555554,0.82,24.33357724908168,29.025805489260144,45.43923222473984,28.000123593569505,25.488665172209203
2024-08-26,30.4,24.2,26.0,87,22.7,952.4,15.35,84,26.0,87.0,6.305555555555555,177.662037037037,0.84,24.264938507865303,28.27861384111384,42.869706741775644,27.172223697726526,25.241179723728482
2024-08-27,30.0,23.6,26.1,83,20.7,954.7,19.07,80,26.1,83.0,5.75,220.71759259259258,0.8,23.805847759850682,29.179780361757107,47.35422861094838,28.367107206526697,25.1100495042469
2024-08-28,30.6,23.5,26.6,77,15.7,955.5,21.78,45,26.6,77.0,4.361111111111111,252.08333333333334,0.45,23.438508696585075,31.817451780415432,56.46254292716935,31.866921461915386,25.430446443692638
2024-08-29,29.5,23.3,26.4,81,16.8,955.4,15.86,68,26.4,81.0,4.666666666666667,183.5648148148148,0.68,23.81473119676004,29.533261494252873,45.93326822686913,29.175429250310682,25.2169641365826
2024-08-30,30.8,24.0,26.7,85,13.7,957.8,21.36,54,26.7,85.0,3.8055555555555554,247.2222222222222,0.54,24.66848860753379,31.823817034700316,54.354957600047044,32.72669454380972,26.302705432213713
2024-08-31,31.2,23.7,26.8,84,9.1,958.1,19.22,50,26.8,84.0,2.5277777777777777,222.45370370370367,0.5,24.624696985296257,32.34082103321033,51.61144421401815,33.82744885580002,26.385452096349447
2024-09-01,32.0,25.1,28.1,81,10.8,957.5,20.21,54,28.1,81.0,3.0,233.91203703703704,0.54,25.4512856513881,33.436118344907406,53.69363700380984,34.78390381093868,27.31312362495315
2024-09-02,30.6,24.9,27.2,87,11.9,957.2,15.44,92,27.2,87.0,3.3055555555555554,178.7037037037037,0.92,25.43833189092637,30.10468227424749,42.63438122974566,31.422615738619736,26.547768778497954
2024-09-03,31.0,24.5,27.0,87,16.2,957.4,18.99,62,27.0,87.0,4.5,219.79166666666663,0.62,25.242766463012273,30.99095394736842,50.81117800207335,31.643221701660206,26.568127313582274
2024-09-04,29.6,23.6,26.1,88,8.9,956.2,11.63,84,26.1,88.0,2.4722222222222223,134.6064814814815,0.84,24.501395785599847,28.712066294919456,38.43983706439337,30.37974121029073,25.503390308903782
2024-09-05,28.2,23.6,24.8,91,8.2,954.4,10.39,95,24.8,91.0,2.2777777777777777,120.25462962962963,0.95,23.632794065944385,26.968714217557253,34.86225731246503,28.62790914777383,24.41669868967252
2024-09-06,29.8,23.8,25.9,89,9.0,955.4,14.15,97,25.9,89.0,2.5,163.77314814814815,0.97,24.443350731602298,28.711439043209875,39.21203422072443,30.399736302873382,25.442633320763584
2024-09-07,29.0,23.8,25.6,89,7.6,956.5,11.69,98,25.6,89.0,2.111111111111111,135.30092592592592,0.98,24.148562049885367,28.0259033203125,36.3565807585685,29.91076149069584,25.06917409898226
2024-09-08,28.3,23.4,25.2,89,11.5,956.5,12.25,94,25.2,89.0,3.194444444444444,141.7824074074074,0.94,23.75551028808791,27.49254943502825,37.55273523036237,28.25195176746259,24.647367088667185
2024-09-09,30.5,23.3,26.4,87,9.1,954.9,16.9,52,26.4,87.0,2.5277777777777777,195.60185185185182,0.52,24.656069854189994,31.207041820418205,48.28860258947185,32.88741710436368,26.14065726201664
2024-09-10,30.7,24.2,26.5,87,12.9,954.0,16.18,67,26.5,87.0,3.5833333333333335,187.2685185185185,0.67,24.75385265639836,30.12719120819849,46.258586860678236,31.088189353656155,26.003135101118552
2024-09-11,31.1,23.7,26.3,88,21.6,953.4,17.77,94,26.3,88.0,6.0,205.67129629629628,0.94,24.697444420012413,28.77740425084175,44.04993053228918,28.10042744968457,25.673691944177037
2024-09-12,31.0,25.4,27.3,82,25.5,952.7,13.85,93,27.3,82.0,7.083333333333333,160.30092592592592,0.93,24.824365938272177,29.07436542145594,41.30539877498171,27.861349725170385,25.921929241081713
2024-09-13,30.5,24.0,26.7,78,27.9,954.8,18.96,85,26.7,78.0,7.749999999999999,219.44444444444443,0.85,23.676669425430855,29.17412854030501,46.695197050901584,27.705061207623476,25.0784943058626
2024-09-14,29.9,22.3,25.6,78,19.8,955.9,18.63,29,25.6,78.0,5.5,215.62499999999997,0.29,22.62655261771425,29.98950892857143,54.279087744888045,29.24802707633726,24.39648861811426
2024-09-15,30.0,22.0,25.6,75,15.5,956.9,22.31,3,25.6,75.0,4.305555555555555,258.21759259259255,0.03,22.205714837495755,32.43313121890547,63.330772774786,32.420762350472195,24.590626630028126
2024-09-16,31.3,21.7,25.8,71,14.2,958.2,22.08,4,25.8,71.0,3.944444444444444,255.55555555555551,0.04,21.82637358388284,32.8,62.85110281442172,32.72236884086844,24.41846150871799
2024-09-17,30.5,22.2,25.9,73,15.3,959.1,15.43,61,25.9,73.0,4.25,178.58796296296296,0.61,22.20553633895968,29.25455768268268,45.88091519929594,28.510109580018934,23.98478697380831
2024-09-18,30.2,23.1,26.1,75,22.0,956.7,19.62,52,26.1,75.0,6.111111111111111,227.08333333333334,0.52,22.678860398372645,29.8809375,52.386363725521846,28.737613549502612,24.461389778860852
2024-09-19,27.9,22.4,24.6,82,10.8,956.9,10.62,86,24.6,82.0,3.0,122.91666666666666,0.86,22.21808932362307,26.789453125,36.13904962690992,27.00402610491191,23.37055315153615
2024-09-20,29.5,21.8,25.8,83,5.2,957.5,14.76,64,25.8,83.0,1.4444444444444444,170.83333333333331,0.64,23.51548964722424,30.306465517241378,42.15217207107344,31.89247149100222,25.102135856505242
2024-09-21,30.4,23.5,26.9,81,7.1,958.9,17.01,38,26.9,81.0,1.972222222222222,196.875,0.38,24.296071216728247,32.618002988047806,49.876098028005,34.019475084732804,26.220850449319336
2024-09-22,32.6,24.1,28.1,74,6.7,958.6,19.45,14,28.1,74.0,1.8611111111111112,225.11574074074073,0.14,24.423297475477426,35.728415991902835,56.91498859934336,36.42598337384919,27.051991431214766
2024-09-23,32.9,24.4,28.4,74,10.7,958.3,18.5,17,28.4,74.0,2.972222222222222,214.12037037037035,0.17,24.70632396470372,34.54383710801393,57.229686029755726,35.36473499193394,27.04319419689539
2024-09-24,33.3,24.5,28.8,74,7.0,957.0,18.85,37,28.8,74.0,1.9444444444444444,218.1712962962963,0.37,25.083692356536215,35.201145833333335,53.775065084714925,36.265391716617565,27.478813816242013
2024-09-25,33.0,25.2,29.0,74,9.8,956.7,19.64,40,29.0,74.0,2.7222222222222223,227.3148148148148,0.4,25.272376441798073,34.88729016786571,55.635490320305735,35.93440444993775,27.56812154283179
2024-09-26,31.1,24.7,27.8,79,13.8,956.3,17.79,42,27.8,79.0,3.8333333333333335,205.90277777777774,0.42,24.872386385676112,32.40367531446541,52.83188949302303,33.06384354343118,26.67140553286636
2024-09-27,31.2,23.9,27.1,78,14.6,956.1,18.14,41,27.1,78.0,4.055555555555555,209.9537037037037,0.41,24.05852955656822,31.708032975460124,52.91832352119394,31.991549328830377,25.89257728468978
2024-09-28,31.4,23.0,26.3,78,16.5,958.0,16.11,72,26.3,78.0,4.583333333333333,186.45833333333331,0.72,23.29480901552926,29.41304347826087,45.56999161552221,28.844274270086352,24.818975006522653
2024-09-29,31.6,21.7,26.1,78,13.0,960.8,18.55,70,26.1,78.0,3.611111111111111,214.69907407407408,0.7,23.103878705037815,30.15157930107527,48.090372777191476,30.361172064701737,24.813030953741524
2024-09-30,32.6,23.0,27.5,72,11.8,961.0,19.41,18,27.5,72.0,3.2777777777777777,224.65277777777777,0.18,23.563014577483234,33.674182046979865,57.87229139351189,34.08250403336425,25.978946613634236
2024-10-01,34.6,23.7,28.7,63,15.6,958.6,20.22,3,28.7,63.0,4.333333333333333,234.02777777777774,0.03,23.30247372238619,34.87457217261905,62.681432914660945,34.58710390894859,26.156646040194143
2024-10-02,35.0,25.9,29.4,58,23.7,958.6,20.56,1,29.4,58.0,6.583333333333333,237.96296296296293,0.01,23.13016326314043,34.51021183053557,63.9559374854681,33.84494249246969,26.03315665030542
2024-10-03,35.0,24.7,28.7,56,20.3,958.0,19.85,3,28.7,56.0,5.638888888888889,229.74537037037038,0.03,22.181200478137082,34.01773553089643,62.234558173905896,33.01949511630695,25.200387440875243
2024-10-04,33.6,23.5,27.6,61,16.9,958.6,20.38,1,27.6,61.0,4.694444444444444,235.87962962962962,0.01,21.99428734162903,33.652441499522446,62.44181230250405,32.95961632106764,24.886489439044812
2024-10-05,32.5,22.8,27.4,61,14.5,960.6,19.68,5,27.4,61.0,4.027777777777778,227.77777777777777,0.05,21.813866841654242,33.55,60.49792438980319,33.01378910310183,24.719706789157968
2024-10-06,32.7,22.9,27.4,59,12.0,963.4,18.65,10,27.4,59.0,3.333333333333333,215.85648148148147,0.1,21.503815628491143,33.55190972222222,57.915650567035925,33.13331471721913,24.503052884388246
2024-10-07,33.1,22.2,27.5,58,8.4,964.8,19.07,4,27.5,58.0,2.3333333333333335,220.71759259259258,0.04,21.436655837675364,34.87397411616162,58.26924793693388,34.562260117618806,24.730453909605078
2024-10-08,33.5,21.7,27.4,52,9.0,964.4,18.98,4,27.4,52.0,2.5,219.67592592592592,0.04,20.38959014616983,34.57608024691358,58.331048219866545,33.94236017369461,23.927929151701598
2024-10-09,33.8,22.5,27.8,51,11.5,962.5,19.13,7,27.8,51.0,3.194444444444444,221.412037037037,0.07,20.571737275277385,34.31852048022599,59.23639270855159,33.55847908495273,24.04392018873937
2024-10-10,32.1,22.4,27.0,59,8.8,962.0,18.69,18,27.0,59.0,2.4444444444444446,216.31944444444446,0.18,21.14582525433423,33.61065764925373,55.585344992874354,33.38905177044383,24.224209207884705
2024-10-11,32.5,20.6,26.5,56,10.7,962.0,19.14,27,26.5,56.0,2.972222222222222,221.52777777777777,0.27,20.23677014650723,32.509037456445995,55.133514380320605,31.966773352582333,23.317546593844256
2024-10-12,31.9,21.8,26.6,58,10.3,962.5,18.73,44,26.6,58.0,2.861111111111111,216.7824074074074,0.44,20.634464124765067,31.97742932862191,52.10824004762935,31.564221922980273,23.49961075305993
2024-10-13,29.9,22.5,25.7,65,9.0,963.4,13.41,73,25.7,65.0,2.5,155.20833333333331,0.73,20.86809830630549,28.985243055555554,41.12423361439727,28.911415763576663,22.974717425524954
2024-10-14,31.9,20.6,26.3,60,9.8,963.6,18.05,41,26.3,60.0,2.7222222222222223,208.91203703703704,0.41,20.670824892577585,31.676854766187052,51.31625041355437,31.409294216487265,23.434948378041717
2024-10-15,32.2,20.6,26.3,46,10.0,963.2,19.22,6,26.3,46.0,2.7777777777777777,222.45370370370367,0.06,18.46344310499739,33.23578869047619,57.89570936937383,32.267724875871494,22.201567911593408
2024-10-16,33.1,19.4,26.4,43,10.3,962.1,18.87,30,26.4,43.0,2.861111111111111,218.40277777777777,0.3,18.042357264205293,32.30382067137809,54.15382888840452,31.14359100582211,21.730414219219323
2024-10-17,32.8,20.7,26.9,47,10.4,962.2,18.37,34,26.9,47.0,2.888888888888889,212.61574074074073,0.34,19.13649988327896,32.49239289906103,53.37102336385624,31.51101229873812,22.58402849810748
2024-10-18,32.8,21.8,26.8,49,9.5,962.2,18.24,4,26.8,49.0,2.638888888888889,211.1111111111111,0.04,19.382357954983203,33.57090909090909,56.98207152695892,32.77083520507804,22.96183238667006
2024-10-19,33.9,21.9,27.2,46,9.4,962.8,17.83,3,27.2,46.0,2.611111111111111,206.3657407407407,0.03,19.221375369668927,33.876760188564475,56.80377974886841,32.94430027466169,22.950314796481145
2024-10-20,33.4,20.9,26.8,47,11.4,963.6,17.43,7,26.8,47.0,3.1666666666666665,201.7361111111111,0.07,19.051832797532317,32.75944940476191,55.94829378764143,31.71250342832604,22.568172839225003
2024-10-21,33.3,21.1,27.1,47,10.5,964.2,17.1,10,27.1,47.0,2.9166666666666665,197.91666666666669,0.1,19.305833906358767,33.0375,55.09159851921885,32.07911972610808,22.831583734451137
2024-10-22,32.0,20.5,26.2,51,8.3,964.8,16.66,11,26.2,51.0,2.305555555555556,192.82407407407408,0.11,19.189438946844167,32.43562262357415,52.82803558049727,31.777449243070063,22.539731787505747
2024-10-23,32.2,20.4,25.9,52,12.6,964.7,16.59,4,25.9,52.0,3.5,192.01388888888889,0.04,19.087500880661068,31.434517973856206,54.594415447801794,30.393258051925734,22.23815421123399
2024-10-24,32.0,20.0,25.4,51,18.0,963.7,18.01,0,25.4,51.0,5.0,208.44907407407408,0.0,18.4982856529174,30.61122685185185,57.362657262555274,28.80868385200833,21.611045327412548
2024-10-25,33.0,19.9,25.6,51,11.5,963.0,17.85,0,25.6,51.0,3.194444444444444,206.59722222222223,0.0,18.6710742419173,31.90296610169492,56.57923723353048,31.010436388571517,22.010345189681097
2024-10-26,33.5,20.2,26.1,51,13.2,962.6,17.66,0,26.1,51.0,3.6666666666666665,204.39814814814815,0.0,19.10304493898472,31.996100427350427,57.00752859621497,30.908248038486022,22.38135154275939
2024-10-27,32.4,19.6,25.8,62,8.1,961.5,17.38,2,25.8,62.0,2.25,201.1574074074074,0.02,20.518761934054833,32.66709770114942,54.58703785112294,32.572531998245495,23.47655289406827
2024-10-28,32.1,20.1,25.6,66,10.3,960.3,17.15,0,25.6,66.0,2.861111111111111,198.49537037037035,0.0,20.921641448466744,31.912573616018847,55.19934989433716,31.910655039440968,23.58766373713049
2024-10-29,33.3,20.2,26.3,59,10.2,961.0,17.07,0,26.3,59.0,2.833333333333333,197.56944444444443,0.0,20.519340885019734,32.60540780141844,55.61036316303142,32.266209878082904,23.5146201797975
2024-10-30,34.9,22.1,27.7,41,12.1,962.1,17.16,0,27.7,41.0,3.3611111111111107,198.61111111111111,0.0,18.761017868469747,33.63853820598007,57.331837998846595,32.31946045847077,22.630420149124834
2024-10-31,33.7,21.8,27.2,37,14.0,963.8,16.95,0,27.2,37.0,3.888888888888889,196.18055555555554,0.0,17.622976660231966,32.717578125,56.897074969625635,30.98831639150979,21.599599287162377
2024-11-01,32.7,19.7,26.0,45,14.9,964.6,16.71,0,26.0,45.0,4.138888888888889,193.40277777777777,0.0,18.04571888911623,31.29065349544073,55.66268193272168,29.624201669537065,21.490133921469507
2024-11-02,32.3,19.7,25.8,47,9.2,965.1,16.65,0,25.8,47.0,2.5555555555555554,192.70833333333331,0.0,18.205159170576398,32.17637867647059,54.23361528386323,31.28022810147037,21.758887154697597
2024-11-03,32.6,19.7,25.3,44,11.3,965.4,16.65,0,25.3,44.0,3.138888888888889,192.70833333333331,0.0,17.296206228594944,31.219368600682593,54.461191540583684,29.98942031626286,20.88121808015298
2024-11-04,31.1,18.1,24.1,52,9.0,964.3,16.44,0,24.1,52.0,2.5,190.27777777777777,0.0,17.524981146673316,30.442592592592593,52.45949870292873,29.80778658841665,20.76600532118984
2024-11-05,30.5,17.7,24.1,56,9.8,965.9,16.13,0,24.1,56.0,2.7222222222222223,186.68981481481478,0.0,18.115553702712692,30.143914868105515,52.274530400761535,29.611748151423054,21.119670565519986
2024-11-06,31.0,18.3,24.2,61,9.0,966.5,16.05,0,24.2,61.0,2.5,185.76388888888889,0.0,18.92712254198543,30.39212962962963,51.94571946201199,30.193398344891385,21.747411705315727
2024-11-07,31.4,18.6,24.4,61,9.1,965.4,15.98,0,24.4,61.0,2.5277777777777777,184.9537037037037,0.0,19.107544993292198,30.542373923739234,52.04004472285209,30.335982313039604,21.923756280052388
2024-11-08,31.3,18.2,24.4,65,7.6,965.3,15.85,3,24.4,65.0,2.111111111111111,183.44907407407405,0.03,19.677689522806915,30.752640787760413,50.80906081176664,30.8501172352286,22.364910823516926
2024-11-09,31.6,18.2,24.3,58,9.4,965.5,15.84,0,24.3,58.0,2.611111111111111,183.33333333333331,0.0,18.584406276209172,30.321897810218978,51.85373884739619,29.928707804181617,21.503463955390217
2024-11-10,31.7,18.0,24.6,50,12.4,965.6,15.74,0,24.6,50.0,3.4444444444444446,182.17592592592592,0.0,17.654247724710284,29.993366228070176,52.70481279734793,28.778756248846136,20.816646652911235
2024-11-11,31.3,19.0,24.5,54,10.4,965.5,15.62,0,24.5,54.0,2.888888888888889,180.787037037037,0.0,18.172370821662888,30.229166666666664,51.99026974000543,29.510805142731265,21.216492908497354
2024-11-12,31.2,17.8,24.5,49,10.4,965.2,15.66,0,24.5,49.0,2.888888888888889,181.25,0.0,17.414775608799133,30.243838028169012,52.052548238577856,29.29336510538937,20.689110531793194
2024-11-13,30.6,19.5,24.7,41,10.1,964.4,15.51,1,24.7,41.0,2.8055555555555554,179.51388888888889,0.01,16.306615987780575,30.420807384341636,51.77520706531425,29.162402510035502,19.968792668314727
2024-11-14,29.8,18.1,23.8,46,9.8,965.9,15.2,5,23.8,46.0,2.7222222222222223,175.9259259259259,0.05,16.35805270220479,29.353057553956834,49.99069871389884,28.317325995258457,19.701248402334716
2024-11-15,29.4,17.6,23.6,46,9.9,965.6,15.07,5,23.6,46.0,2.75,174.42129629629628,0.05,16.189619933185202,29.085831093189967,49.65747150438267,28.031306991297708,19.509900171867635
2024-11-16,29.6,17.3,23.3,45,9.2,964.6,15.11,2,23.3,45.0,2.5555555555555554,174.88425925925924,0.02,15.784345338160353,29.028745404411765,49.598084185067876,28.049996168411724,19.184790817594596
2024-11-17,29.1,17.7,23.1,39,11.3,965.1,15.12,0,23.1,39.0,3.138888888888889,174.99999999999997,0.0,14.679542308522159,28.47542662116041,50.29245387201394,26.95475384392287,18.280764940197592
2024-11-18,27.0,15.9,20.8,44,9.6,966.6,15.33,0,20.8,44.0,2.6666666666666665,177.43055555555554,0.0,13.548373423024369,26.585778985507247,48.28335802678447,25.661334204697834,16.881017193218508
2024-11-19,26.3,14.1,19.9,47,5.6,967.5,15.17,0,19.9,47.0,1.5555555555555554,175.5787037037037,0.0,13.209671553653227,26.59579802259887,45.0588587529428,26.15420191696284,16.55592969207703
2024-11-20,26.1,13.8,19.7,44,7.6,966.4,15.17,0,19.7,44.0,2.111111111111111,175.5787037037037,0.0,12.632214990516186,25.87268880208333,46.264239894279115,25.336152244257015,15.987088253777996
2024-11-21,25.8,14.0,19.4,45,7.0,966.0,15.14,0,19.4,45.0,1.9444444444444444,175.23148148148147,0.0,12.517834489451346,25.708333333333332,45.623294309537926,25.288704209789653,15.844150809282608
2024-11-22,26.0,13.6,19.6,47,4.9,965.7,14.94,0,19.6,47.0,1.3611111111111112,172.91666666666666,0.0,12.955657976847863,26.39585152838428,43.81543370786642,25.910017090876796,16.30813088947036
2024-11-23,25.7,14.3,20.0,49,7.2,966.3,14.73,0,20.0,49.0,2.0,170.48611111111111,0.0,13.56507840462324,26.088789682539684,45.60482063067627,25.706631207422628,16.713312819744203
2024-11-24,27.2,15.4,20.8,47,7.3,966.5,14.6,0,20.8,47.0,2.0277777777777777,168.98148148148147,0.0,13.971708710511656,26.811198945981555,46.12263159928716,26.259862746431747,17.22243588655447
2024-11-25,27.5,16.6,21.5,37,11.9,966.5,14.67,0,21.5,37.0,3.3055555555555554,169.79166666666666,0.0,13.079777670160261,26.610785953177256,48.39817439998336,24.873599832354106,16.628001559747634
2024-11-26,26.9,14.1,20.6,44,9.5,966.3,14.43,0,20.6,44.0,2.638888888888889,167.01388888888889,0.0,13.3817998372764,26.065909090909095,46.65109092708252,25.10137599493079,16.6404417042753
2024-11-27,27.3,14.5,20.6,51,11.7,965.4,14.32,0,20.6,51.0,3.2499999999999996,165.74074074074073,0.0,14.351302260947072,25.622446689113357,47.05740740225792,24.376856693352345,17.23040092048562
2024-11-28,26.1,15.0,19.8,52,9.8,966.8,14.4,0,19.8,52.0,2.7222222222222223,166.66666666666666,0.0,13.792233513026034,25.19568345323741,46.0469441483898,24.49261924418509,16.673700149765704
2024-11-29,24.2,13.4,18.2,52,6.9,967.3,14.46,0,18.2,52.0,1.9166666666666667,167.36111111111111,0.0,12.40327955950288,24.249196787148595,43.5148911302623,24.196176255920165,15.352135049081735
2024-11-30,24.8,13.4,18.5,54,12.1,965.9,14.25,0,18.5,54.0,3.3611111111111107,164.93055555555554,0.0,12.915727771810928,23.431478405315616,45.31971434729854,22.160959443691777,15.577305121330772
2024-12-01,25.4,14.2,19.5,55,10.9,964.2,13.92,0,19.5,55.0,3.0277777777777777,161.11111111111111,0.0,13.92107909753695,24.517301038062286,45.32542464599851,23.602960359529494,16.59821557588832
2024-12-02,25.7,14.3,19.6,56,9.0,964.4,14.0,0,19.6,56.0,2.5,162.03703703703704,0.0,14.138210738621279,25.001234567901236,44.96003769227991,24.60660762288082,16.856994430615142
2024-12-03,26.4,14.3,19.8,51,9.1,966.4,14.1,0,19.8,51.0,2.5277777777777777,163.19444444444443,0.0,13.66012679917456,25.219741697416975,45.322934030586794,24.608046019887176,16.586037098905585
2024-12-04,26.2,15.4,20.5,47,8.7,966.3,13.99,0,20.5,47.0,2.4166666666666665,161.92129629629628,0.0,13.717696912546216,25.95802122347066,45.57127738210875,25.223224484467444,16.843992083476483
2024-12-05,24.9,14.4,19.6,36,8.5,965.5,14.27,0,19.6,36.0,2.361111111111111,165.162037037037,0.0,11.419945974884108,25.209276729559747,45.19489437454877,24.266137940864894,14.995817528330825
2024-12-06,24.3,13.6,18.8,39,9.2,964.3,14.09,4,18.8,39.0,2.5555555555555554,163.0787037037037,0.04,11.205760983217,24.088066789215688,44.06339896625548,23.102937145966663,14.541646046095039
2024-12-07,24.1,10.8,17.7,51,6.6,963.0,14.03,0,17.7,51.0,1.8333333333333333,162.38425925925924,0.0,11.845773732129413,23.640887533875336,42.23574337203206,23.622003110780966,14.790219119265657
2024-12-08,22.7,11.6,17.2,49,15.5,962.6,13.75,3,17.2,49.0,4.305555555555555,159.1435185185185,0.03,11.1696503989572,21.411365049751243,43.507225940761145,18.565163911232634,13.821028289220289
2024-12-09,20.7,10.8,15.4,41,12.9,965.3,14.18,0,15.4,41.0,3.5833333333333335,164.12037037037035,0.0,8.697521031170853,20.180204962243796,42.8518638163298,18.14256560111239,11.664305714268355
2024-12-10,21.1,10.3,15.1,51,8.2,967.4,14.14,0,15.1,51.0,2.2777777777777777,163.65740740740742,0.0,9.599393847391374,20.721819338422392,41.15907663604554,20.703289288855558,12.37393956085844
2024-12-11,21.9,8.9,14.7,39,6.3,967.0,14.39,4,14.7,39.0,1.75,166.55092592592592,0.04,7.893372312548035,20.745181755829904,39.64816984481803,20.84667811879011,11.144396969949605
2024-12-12,20.7,8.4,14.4,37,10.1,966.3,14.31,3,14.4,37.0,2.8055555555555554,165.625,0.03,7.420234752662175,19.625144572953737,41.254098872094346,18.622454510272046,10.559193241454269
2024-12-13,21.4,11.0,15.7,34,12.3,968.4,14.35,14,15.7,34.0,3.416666666666667,166.08796296296296,0.14,8.082688073939268,20.287974422442243,41.561869558047135,18.153973616881075,11.285476536245937
2024-12-14,23.0,9.0,15.8,31,10.9,968.3,14.36,0,15.8,31.0,3.0277777777777777,166.2037037037037,0.0,7.775341510349003,20.975893886966553,43.05690416615488,19.528413810374804,11.217917834637612
2024-12-15,22.6,9.4,15.4,34,8.0,968.7,14.49,0,15.4,34.0,2.2222222222222223,167.70833333333331,0.0,7.848667113476806,21.205288461538462,41.87606386969492,20.808156447415563,11.275124671741455
2024-12-16,22.4,8.1,14.8,53,7.2,966.9,14.36,0,14.8,53.0,2.0,166.2037037037037,0.0,9.562976950981305,20.73584656084656,40.736122882805375,21.07392670797243,12.321253177856226
2024-12-17,22.2,8.1,14.8,60,8.0,965.4,13.96,0,14.8,60.0,2.2222222222222223,161.57407407407408,0.0,10.337016597080199,20.39294871794872,40.52254899921371,20.716895851280515,12.794501361545883
2024-12-18,21.6,9.2,15.0,60,9.7,965.2,14.17,14,15.0,60.0,2.694444444444444,164.00462962962962,0.14,10.51673966873948,19.955663357400724,40.06619385581587,19.609144264417747,12.85285043959778
2024-12-19,20.8,9.5,14.5,71,12.2,964.4,13.6,0,14.5,71.0,3.3888888888888884,157.4074074074074,0.0,11.265401958899462,19.190949227373068,41.011379541667566,18.292434336351224,13.173971216704235
2024-12-20,21.8,11.6,15.9,69,10.9,964.6,13.25,7,15.9,69.0,3.0277777777777777,153.35648148148147,0.07,12.347450568623358,20.508654123414072,40.47221514448984,19.964002131878498,14.334946222719164
2024-12-21,22.9,10.4,16.1,61,10.3,965.4,13.84,18,16.1,61.0,2.861111111111111,160.18518518518516,0.18,11.619893456780325,20.735747938751473,40.15565556648431,20.09010812088341,13.891075007496521
2024-12-22,22.0,10.9,16.0,63,11.4,964.9,13.75,20,16.0,63.0,3.1666666666666665,159.1435185185185,0.2,11.757915417688274,20.38456632653061,39.95791341346512,19.34909378233107,13.907454057687913
2024-12-23,18.5,12.8,15.3,69,12.4,964.1,9.53,41,15.3,69.0,3.4444444444444446,110.30092592592591,0.41,11.790348393918496,17.89606291118421,30.820791535706974,15.507661266396298,13.362456457979789
2024-12-24,20.5,11.6,15.3,80,10.3,965.6,12.32,17,15.3,80.0,2.861111111111111,142.59259259259258,0.17,13.017006952354595,19.44929328621908,37.20330324515015,19.28065561577507,14.531763523892032
2024-12-25,20.2,11.2,15.1,80,10.5,968.3,10.47,31,15.1,80.0,2.9166666666666665,121.18055555555556,0.31,12.824994647351527,18.33360745614035,32.73076043710017,17.57319519193002,14.154217744374138
2024-12-26,20.8,11.9,16.0,76,13.0,969.8,9.89,45,16.0,76.0,3.611111111111111,114.4675925925926,0.45,13.234712785635775,18.575520833333332,31.665725978341186,16.300891407020618,14.579403116611708
2024-12-27,19.3,14.7,16.4,93,10.9,967.8,5.47,81,16.4,93.0,3.0277777777777777,63.310185185185176,0.81,15.570738473715373,17.573100490196076,23.203166418235696,15.91999491267617,16.054137029639975
2024-12-28,19.9,12.2,16.0,79,11.3,968.1,13.34,35,16.0,79.0,3.138888888888889,154.39814814814815,0.35,13.575397729325424,19.912649317406142,37.541104100090365,19.282244914416797,15.085308274009025
2024-12-29,18.6,9.3,13.1,75,9.8,970.1,14.16,0,13.1,75.0,2.7222222222222223,163.88888888888889,0.0,10.376894500301198,18.405755395683453,40.21628982959703,18.72993902866437,12.25497722934753
2024-12-30,18.5,6.6,12.3,82,8.6,969.3,14.03,0,12.3,82.0,2.388888888888889,162.38425925925924,0.0,10.344883522258897,17.79420426065163,38.88143786291994,18.807225021460354,12.030259317711554
2024-12-31,16.9,7.4,11.2,88,6.5,969.6,11.48,48,11.2,88.0,1.8055555555555556,132.87037037037038,0.48,9.89559864327612,14.90952380952381,27.829757923814043,16.00063624574186,11.028823812198045
